time,enrolled,available,waitlisted,total
2022-05-18T04:30:27,0,133,0,133
2022-05-18T04:41:01,0,133,0,133
2022-05-18T04:51:11,0,133,0,133
2022-05-18T05:01:21,0,133,0,133
2022-05-18T05:11:32,0,133,0,133
2022-05-18T05:21:42,0,133,0,133
2022-05-18T05:31:54,0,133,0,133
2022-05-18T05:42:03,0,133,0,133
2022-05-18T05:52:13,0,133,0,133
2022-05-18T06:02:25,0,133,0,133
2022-05-18T06:12:36,0,133,0,133
2022-05-18T06:22:44,0,133,0,133
2022-05-18T06:32:52,0,133,0,133
2022-05-18T06:43:00,0,133,0,133
2022-05-18T06:53:07,0,133,0,133
2022-05-18T07:03:16,0,133,0,133
2022-05-18T07:13:24,0,133,0,133
2022-05-18T07:23:32,0,133,0,133
2022-05-18T07:33:40,0,133,0,133
2022-05-18T07:43:48,0,133,0,133
2022-05-18T07:53:56,0,133,0,133
2022-05-18T08:04:04,0,133,0,133
2022-05-18T08:14:12,0,133,0,133
2022-05-18T08:24:20,0,133,0,133
2022-05-18T08:34:29,0,133,0,133
2022-05-18T08:44:38,0,133,0,133
2022-05-18T08:54:47,0,133,0,133
2022-05-18T09:04:57,0,133,0,133
2022-05-18T09:15:18,0,133,0,133
2022-05-18T09:25:26,0,133,0,133
2022-05-18T09:35:36,0,133,0,133
2022-05-18T09:45:45,0,133,0,133
2022-05-18T09:55:55,0,133,0,133
2022-05-18T10:06:06,0,133,0,133
2022-05-18T10:16:18,0,133,0,133
2022-05-18T10:26:29,0,133,0,133
2022-05-18T10:36:39,0,133,0,133
2022-05-18T10:47:01,0,133,0,133
2022-05-18T10:57:11,0,133,0,133
2022-05-18T11:07:22,0,133,0,133
2022-05-18T11:17:31,0,133,0,133
2022-05-18T11:27:40,0,133,0,133
2022-05-18T11:37:49,0,133,0,133
2022-05-18T11:47:57,0,133,0,133
2022-05-18T11:58:17,0,133,0,133
2022-05-18T12:08:25,0,133,0,133
2022-05-18T12:18:34,0,133,0,133
2022-05-18T12:28:44,0,133,0,133
2022-05-18T12:38:54,0,133,0,133
2022-05-18T12:49:04,0,133,0,133
2022-05-18T12:59:14,0,133,0,133
2022-05-18T13:09:35,0,133,0,133
2022-05-18T13:19:46,0,133,0,133
2022-05-18T13:29:55,0,133,0,133
2022-05-18T13:40:06,0,133,0,133
2022-05-18T13:50:17,0,133,0,133
2022-05-18T14:00:28,0,133,0,133
2022-05-18T14:10:38,0,133,0,133
2022-05-18T14:20:49,0,133,0,133
2022-05-18T14:31:10,0,133,0,133
2022-05-18T14:41:21,0,133,0,133
2022-05-18T14:51:31,0,133,0,133
2022-05-18T15:01:42,0,133,0,133
2022-05-18T15:11:54,0,133,0,133
2022-05-18T15:22:04,0,133,0,133
2022-05-18T15:32:15,0,133,0,133
2022-05-18T15:42:36,0,133,0,133
2022-05-18T15:52:47,0,133,0,133
2022-05-18T16:02:58,0,133,0,133
2022-05-18T16:13:09,0,133,0,133
2022-05-18T16:23:20,0,133,0,133
2022-05-18T16:33:29,0,133,0,133
2022-05-18T16:43:39,0,133,0,133
2022-05-18T16:53:49,0,133,0,133
2022-05-18T17:04:09,0,133,0,133
2022-05-18T17:14:20,0,133,0,133
2022-05-18T17:24:29,0,133,0,133
2022-05-18T17:34:39,0,133,0,133
2022-05-18T17:44:48,0,133,0,133
2022-05-18T17:54:57,0,133,0,133
2022-05-18T18:05:06,0,133,0,133
2022-05-18T18:15:16,0,133,0,133
2022-05-18T18:25:27,0,133,0,133
2022-05-18T18:35:47,0,133,0,133
2022-05-18T18:45:55,0,133,0,133
2022-05-18T18:56:04,0,133,0,133
2022-05-18T19:06:13,0,133,0,133
2022-05-18T19:16:22,0,133,0,133
2022-05-18T19:26:31,0,133,0,133
2022-05-18T19:36:40,0,133,0,133
2022-05-18T19:46:49,0,133,0,133
2022-05-18T19:56:59,0,133,0,133
2022-05-18T20:07:07,0,133,0,133
2022-05-18T20:17:27,0,133,0,133
2022-05-18T20:27:36,0,133,0,133
2022-05-18T20:37:45,0,133,0,133
2022-05-18T20:47:54,0,133,0,133
2022-05-18T20:58:02,0,133,0,133
2022-05-18T21:08:13,0,133,0,133
2022-05-18T21:18:22,0,133,0,133
2022-05-18T21:28:31,0,133,0,133
2022-05-18T21:38:39,0,133,0,133
2022-05-18T21:48:48,0,133,0,133
2022-05-18T21:59:07,0,133,0,133
2022-05-18T22:09:16,0,133,0,133
2022-05-18T22:19:25,0,133,0,133
2022-05-18T22:29:34,0,133,0,133
2022-05-18T22:39:43,0,133,0,133
2022-05-18T22:49:52,0,133,0,133
2022-05-18T23:00:01,0,133,0,133
2022-05-18T23:10:11,0,133,0,133
2022-05-18T23:20:21,0,133,0,133
2022-05-18T23:30:44,0,133,0,133
2022-05-18T23:40:53,0,133,0,133
2022-05-18T23:51:02,0,133,0,133
2022-05-19T00:01:11,0,133,0,133
2022-05-19T00:11:23,0,133,0,133
2022-05-19T00:21:35,0,133,0,133
2022-05-19T00:31:49,0,133,0,133
2022-05-19T00:42:05,0,133,0,133
2022-05-19T00:52:16,0,133,0,133
2022-05-19T01:02:26,0,133,0,133
2022-05-19T01:12:35,0,133,0,133
2022-05-19T01:22:45,0,133,0,133
2022-05-19T01:32:55,0,133,0,133
2022-05-19T01:43:04,0,133,0,133
2022-05-19T01:53:15,0,133,0,133
2022-05-19T02:03:35,0,133,0,133
2022-05-19T02:13:44,0,133,0,133
2022-05-19T02:23:53,0,133,0,133
2022-05-19T02:34:01,0,133,0,133
2022-05-19T02:44:10,0,133,0,133
2022-05-19T02:54:18,0,133,0,133
2022-05-19T03:04:26,0,133,0,133
2022-05-19T03:14:36,0,133,0,133
2022-05-19T03:24:57,0,133,0,133
2022-05-19T03:35:08,0,133,0,133
2022-05-19T03:45:18,0,133,0,133
2022-05-19T03:55:29,0,133,0,133
2022-05-19T04:05:40,0,133,0,133
2022-05-19T04:21:37,0,133,0,133
2022-05-19T04:32:59,0,133,0,133
2022-05-19T04:43:26,0,133,0,133
2022-05-19T04:53:37,0,133,0,133
2022-05-19T05:03:49,0,133,0,133
2022-05-19T05:14:01,0,133,0,133
2022-05-19T05:24:12,0,133,0,133
2022-05-19T05:34:23,0,133,0,133
2022-05-19T05:44:33,0,133,0,133
2022-05-19T05:54:44,0,133,0,133
2022-05-19T06:04:55,0,133,0,133
2022-05-19T06:15:06,0,133,0,133
2022-05-19T06:25:17,0,133,0,133
2022-05-19T06:35:28,0,133,0,133
2022-05-19T06:45:39,0,133,0,133
2022-05-19T06:55:49,0,133,0,133
2022-05-19T07:06:04,0,133,0,133
2022-05-19T07:16:14,0,133,0,133
2022-05-19T07:26:23,0,133,0,133
2022-05-19T07:36:33,0,133,0,133
2022-05-19T07:46:42,0,133,0,133
2022-05-19T07:56:51,0,133,0,133
2022-05-19T08:07:00,0,133,0,133
2022-05-19T08:17:09,0,133,0,133
2022-05-19T08:27:19,0,133,0,133
2022-05-19T08:37:29,0,133,0,133
2022-05-19T08:47:40,0,133,0,133
2022-05-19T08:57:50,0,133,0,133
2022-05-19T09:08:17,0,133,0,133
2022-05-19T09:18:27,0,133,0,133
2022-05-19T09:28:38,0,133,0,133
2022-05-19T09:38:49,0,133,0,133
2022-05-19T09:49:00,0,133,0,133
2022-05-19T09:59:12,0,133,0,133
2022-05-19T10:09:24,0,133,0,133
2022-05-19T10:19:35,0,133,0,133
2022-05-19T10:29:47,0,133,0,133
2022-05-19T10:40:04,0,133,0,133
2022-05-19T10:50:17,0,133,0,133
2022-05-19T11:00:30,0,133,0,133
2022-05-19T11:10:43,0,133,0,133
2022-05-19T11:21:09,0,133,0,133
2022-05-19T11:31:22,0,133,0,133
2022-05-19T11:41:34,0,133,0,133
2022-05-19T11:51:46,0,133,0,133
2022-05-19T12:01:58,0,133,0,133
2022-05-19T12:12:10,0,133,0,133
2022-05-19T12:22:22,0,133,0,133
2022-05-19T12:32:34,0,133,0,133
2022-05-19T12:43:07,0,133,0,133
2022-05-19T12:53:21,0,133,0,133
2022-05-19T13:03:35,0,133,0,133
2022-05-19T13:13:50,0,133,0,133
2022-05-19T13:24:04,0,133,0,133
2022-05-19T13:34:18,0,133,0,133
2022-05-19T13:44:32,0,133,0,133
2022-05-19T13:54:58,0,133,0,133
2022-05-19T14:05:13,0,133,0,133
2022-05-19T14:15:29,0,133,0,133
2022-05-19T14:25:44,0,133,0,133
2022-05-19T14:36:01,0,133,0,133
2022-05-19T14:46:18,0,133,0,133
2022-05-19T14:56:35,0,133,0,133
2022-05-19T15:07:11,0,133,0,133
2022-05-19T15:17:28,0,133,0,133
2022-05-19T15:27:46,0,133,0,133
2022-05-19T15:38:04,0,133,0,133
2022-05-19T15:48:23,0,133,0,133
2022-05-19T15:58:41,0,133,0,133
2022-05-19T16:08:59,0,133,0,133
2022-05-19T16:19:17,0,133,0,133
2022-05-19T16:29:35,0,133,0,133
2022-05-19T16:40:06,0,133,0,133
2022-05-19T16:50:23,0,133,0,133
2022-05-19T17:00:40,0,133,0,133
2022-05-19T17:10:58,0,133,0,133
2022-05-19T17:21:15,0,133,0,133
2022-05-19T17:31:31,0,133,0,133
2022-05-19T17:41:47,0,133,0,133
2022-05-19T17:52:02,0,133,0,133
2022-05-19T18:02:38,0,133,0,133
2022-05-19T18:12:54,0,133,0,133
2022-05-19T18:23:09,0,133,0,133
2022-05-19T18:33:25,0,133,0,133
2022-05-19T18:43:39,0,133,0,133
2022-05-19T18:53:57,0,133,0,133
2022-05-19T19:04:21,0,133,0,133
2022-05-19T19:14:47,0,133,0,133
2022-05-19T19:25:25,0,133,0,133
2022-05-19T19:35:53,0,133,0,133
2022-05-19T19:46:22,0,133,0,133
2022-05-19T19:56:46,0,133,0,133
2022-05-19T20:07:14,0,133,0,133
2022-05-19T20:17:37,0,133,0,133
2022-05-19T20:28:05,0,133,0,133
2022-05-19T20:38:22,0,133,0,133
2022-05-19T20:48:42,0,133,0,133
2022-05-19T20:59:04,0,133,0,133
2022-05-19T21:09:28,0,133,0,133
2022-05-19T21:19:50,0,133,0,133
2022-05-19T21:30:13,0,133,0,133
2022-05-19T21:40:35,0,133,0,133
2022-05-19T21:50:58,0,133,0,133
2022-05-19T22:01:30,0,133,0,133
2022-05-19T22:11:52,0,133,0,133
2022-05-19T22:22:11,0,133,0,133
2022-05-19T22:32:29,0,133,0,133
2022-05-19T22:42:47,0,133,0,133
2022-05-19T22:53:01,0,133,0,133
2022-05-19T23:03:15,0,133,0,133
2022-05-19T23:13:30,0,133,0,133
2022-05-19T23:23:47,0,133,0,133
2022-05-19T23:34:25,0,133,0,133
2022-05-19T23:44:39,0,133,0,133
2022-05-19T23:54:53,0,133,0,133
2022-05-20T00:05:10,0,133,0,133
2022-05-20T00:15:31,0,133,0,133
2022-05-20T00:25:46,0,133,0,133
2022-05-20T00:36:01,0,133,0,133
2022-05-20T00:46:17,0,133,0,133
2022-05-20T00:56:33,0,133,0,133
2022-05-20T01:06:49,0,133,0,133
2022-05-20T01:17:07,0,133,0,133
2022-05-20T01:27:31,0,133,0,133
2022-05-20T01:37:45,0,133,0,133
2022-05-20T01:48:00,0,133,0,133
2022-05-20T01:58:15,0,133,0,133
2022-05-20T02:08:30,0,133,0,133
2022-05-20T02:18:46,0,133,0,133
2022-05-20T02:29:09,0,133,0,133
2022-05-20T02:39:24,0,133,0,133
2022-05-20T02:49:39,0,133,0,133
2022-05-20T02:59:54,0,133,0,133
2022-05-20T03:10:08,0,133,0,133
2022-05-20T03:20:22,0,133,0,133
2022-05-20T03:30:36,0,133,0,133
2022-05-20T03:40:51,0,133,0,133
2022-05-20T03:51:06,0,133,0,133
2022-05-20T04:01:21,0,133,0,133
2022-05-20T04:27:02,0,133,0,133
2022-05-20T04:37:41,0,133,0,133
2022-05-20T04:47:58,0,133,0,133
2022-05-20T04:58:14,0,133,0,133
2022-05-20T05:08:31,0,133,0,133
2022-05-20T05:18:46,0,133,0,133
2022-05-20T05:29:01,0,133,0,133
2022-05-20T05:39:17,0,133,0,133
2022-05-20T05:49:33,0,133,0,133
2022-05-20T05:59:48,0,133,0,133
2022-05-20T06:10:03,0,133,0,133
2022-05-20T06:20:18,0,133,0,133
2022-05-20T06:30:34,0,133,0,133
2022-05-20T06:40:48,0,133,0,133
2022-05-20T06:51:02,0,133,0,133
2022-05-20T07:01:18,0,133,0,133
2022-05-20T07:11:32,0,133,0,133
2022-05-20T07:21:46,0,133,0,133
2022-05-20T07:31:59,0,133,0,133
2022-05-20T07:42:14,0,133,0,133
2022-05-20T07:52:28,0,133,0,133
2022-05-20T08:02:42,0,133,0,133
2022-05-20T08:12:56,0,133,0,133
2022-05-20T08:23:11,0,133,0,133
2022-05-20T08:33:26,0,133,0,133
2022-05-20T08:43:41,0,133,0,133
2022-05-20T08:53:55,0,133,0,133
2022-05-20T09:04:11,0,133,0,133
2022-05-20T09:14:38,0,133,0,133
2022-05-20T09:24:54,0,133,0,133
2022-05-20T09:35:10,0,133,0,133
2022-05-20T09:45:26,0,133,0,133
2022-05-20T09:55:42,0,133,0,133
2022-05-20T10:05:59,0,133,0,133
2022-05-20T10:16:14,0,133,0,133
2022-05-20T10:26:30,0,133,0,133
2022-05-20T10:36:46,0,133,0,133
2022-05-20T10:47:02,0,133,0,133
2022-05-20T10:57:31,0,133,0,133
2022-05-20T11:07:47,0,133,0,133
2022-05-20T11:18:03,0,133,0,133
2022-05-20T11:28:19,0,133,0,133
2022-05-20T11:38:35,0,133,0,133
2022-05-20T11:48:51,0,133,0,133
2022-05-20T11:59:21,0,133,0,133
2022-05-20T12:09:37,0,133,0,133
2022-05-20T12:19:52,0,133,0,133
2022-05-20T12:30:07,0,133,0,133
2022-05-20T12:40:22,0,133,0,133
2022-05-20T12:50:38,0,133,0,133
2022-05-20T13:01:05,0,133,0,133
2022-05-20T13:11:21,2,131,0,133
2022-05-20T13:21:38,1,132,0,133
2022-05-20T13:31:54,2,131,0,133
2022-05-20T13:42:10,2,131,0,133
2022-05-20T13:52:26,2,131,0,133
2022-05-20T14:02:42,2,131,0,133
2022-05-20T14:13:08,2,131,0,133
2022-05-20T14:23:24,2,131,0,133
2022-05-20T14:33:39,2,131,0,133
2022-05-20T14:43:55,2,131,0,133
2022-05-20T14:54:10,2,131,0,133
2022-05-20T15:04:25,3,130,0,133
2022-05-20T15:14:51,3,130,0,133
2022-05-20T15:25:07,3,130,0,133
2022-05-20T15:35:22,3,130,0,133
2022-05-20T15:45:37,3,130,0,133
2022-05-20T15:55:52,3,130,0,133
2022-05-20T16:06:07,3,130,0,133
2022-05-20T16:16:22,3,130,0,133
2022-05-20T16:26:47,3,130,0,133
2022-05-20T16:37:02,3,130,0,133
2022-05-20T16:47:16,3,130,0,133
2022-05-20T16:57:30,3,130,0,133
2022-05-20T17:07:45,3,130,0,133
2022-05-20T17:17:59,3,130,0,133
2022-05-20T17:28:13,3,130,0,133
2022-05-20T17:38:27,3,130,0,133
2022-05-20T17:48:41,3,130,0,133
2022-05-20T17:58:55,3,130,0,133
2022-05-20T18:09:09,3,130,0,133
2022-05-20T18:19:32,3,130,0,133
2022-05-20T18:29:45,3,130,0,133
2022-05-20T18:39:58,3,130,0,133
2022-05-20T18:50:12,3,130,0,133
2022-05-20T19:00:25,3,130,0,133
2022-05-20T19:10:39,3,130,0,133
2022-05-20T19:20:53,3,130,0,133
2022-05-20T19:31:07,3,130,0,133
2022-05-20T19:41:22,3,130,0,133
2022-05-20T19:51:35,3,130,0,133
2022-05-20T20:01:59,3,130,0,133
2022-05-20T20:12:12,3,130,0,133
2022-05-20T20:22:26,3,130,0,133
2022-05-20T20:32:40,3,130,0,133
2022-05-20T20:42:53,3,130,0,133
2022-05-20T20:53:07,3,130,0,133
2022-05-20T21:03:20,3,130,0,133
2022-05-20T21:13:34,3,130,0,133
2022-05-20T21:23:48,3,130,0,133
2022-05-20T21:34:12,3,130,0,133
2022-05-20T21:44:25,3,130,0,133
2022-05-20T21:54:39,3,130,0,133
2022-05-20T22:04:54,3,130,0,133
2022-05-20T22:15:07,3,130,0,133
2022-05-20T22:25:22,3,130,0,133
2022-05-20T22:35:36,3,130,0,133
2022-05-20T22:45:49,3,130,0,133
2022-05-20T22:56:02,3,130,0,133
2022-05-20T23:06:16,3,130,0,133
2022-05-20T23:16:41,3,130,0,133
2022-05-20T23:26:55,3,130,0,133
2022-05-20T23:37:08,3,130,0,133
2022-05-20T23:47:22,3,130,0,133
2022-05-20T23:57:35,3,130,0,133
2022-05-21T00:07:50,3,130,0,133
2022-05-21T00:18:07,3,130,0,133
2022-05-21T00:28:23,3,130,0,133
2022-05-21T00:38:39,3,130,0,133
2022-05-21T00:48:55,3,130,0,133
2022-05-21T00:59:10,3,130,0,133
2022-05-21T01:09:25,3,130,0,133
2022-05-21T01:19:40,3,130,0,133
2022-05-21T01:29:55,3,130,0,133
2022-05-21T01:40:11,3,130,0,133
2022-05-21T01:50:25,3,130,0,133
2022-05-21T02:00:49,3,130,0,133
2022-05-21T02:11:03,3,130,0,133
2022-05-21T02:21:17,3,130,0,133
2022-05-21T02:31:30,3,130,0,133
2022-05-21T02:41:44,3,130,0,133
2022-05-21T02:51:56,3,130,0,133
2022-05-21T03:02:09,3,130,0,133
2022-05-21T03:12:23,3,130,0,133
2022-05-21T03:22:42,3,130,0,133
2022-05-21T03:32:57,3,130,0,133
2022-05-21T03:43:13,3,130,0,133
2022-05-21T03:53:28,3,130,0,133
2022-05-21T04:03:44,3,130,0,133
2022-05-21T04:19:03,3,130,0,133
2022-05-21T04:29:20,3,130,0,133
2022-05-21T04:41:01,3,130,0,133
2022-05-21T04:51:17,3,130,0,133
2022-05-21T05:01:32,3,130,0,133
2022-05-21T05:11:48,3,130,0,133
2022-05-21T05:22:04,3,130,0,133
2022-05-21T05:32:20,3,130,0,133
2022-05-21T05:42:36,3,130,0,133
2022-05-21T05:52:52,3,130,0,133
2022-05-21T06:03:07,3,130,0,133
2022-05-21T06:13:22,3,130,0,133
2022-05-21T06:23:39,3,130,0,133
2022-05-21T06:33:54,3,130,0,133
2022-05-21T06:44:09,3,130,0,133
2022-05-21T06:54:25,3,130,0,133
2022-05-21T07:04:40,3,130,0,133
2022-05-21T07:14:56,3,130,0,133
2022-05-21T07:25:11,3,130,0,133
2022-05-21T07:35:26,3,130,0,133
2022-05-21T07:45:41,3,130,0,133
2022-05-21T07:55:55,3,130,0,133
2022-05-21T08:06:10,3,130,0,133
2022-05-21T08:16:27,3,130,0,133
2022-05-21T08:26:41,3,130,0,133
2022-05-21T08:36:56,3,130,0,133
2022-05-21T08:47:32,3,130,0,133
2022-05-21T08:57:46,3,130,0,133
2022-05-21T09:08:00,3,130,0,133
2022-05-21T09:18:13,3,130,0,133
2022-05-21T09:28:26,3,130,0,133
2022-05-21T09:38:39,3,130,0,133
2022-05-21T09:48:52,3,130,0,133
2022-05-21T09:59:05,3,130,0,133
2022-05-21T10:09:19,3,130,0,133
2022-05-21T10:19:32,3,130,0,133
2022-05-21T10:29:45,3,130,0,133
2022-05-21T10:39:58,3,130,0,133
2022-05-21T10:50:11,3,130,0,133
2022-05-21T11:00:25,3,130,0,133
2022-05-21T11:10:39,3,130,0,133
2022-05-21T11:21:03,3,130,0,133
2022-05-21T11:31:17,3,130,0,133
2022-05-21T11:41:31,3,130,0,133
2022-05-21T11:51:44,3,130,0,133
2022-05-21T12:01:58,3,130,0,133
2022-05-21T12:12:12,3,130,0,133
2022-05-21T12:22:26,3,130,0,133
2022-05-21T12:32:39,3,130,0,133
2022-05-21T12:43:13,3,130,0,133
2022-05-21T12:53:26,3,130,0,133
2022-05-21T13:03:40,3,130,0,133
2022-05-21T13:13:53,3,130,0,133
2022-05-21T13:24:07,3,130,0,133
2022-05-21T13:34:20,3,130,0,133
2022-05-21T13:44:33,3,130,0,133
2022-05-21T13:54:47,3,130,0,133
2022-05-21T14:05:00,3,130,0,133
2022-05-21T14:15:24,3,130,0,133
2022-05-21T14:25:37,3,130,0,133
2022-05-21T14:35:50,3,130,0,133
2022-05-21T14:46:04,3,130,0,133
2022-05-21T14:56:19,3,130,0,133
2022-05-21T15:06:33,3,130,0,133
2022-05-21T15:16:47,3,130,0,133
2022-05-21T15:27:10,3,130,0,133
2022-05-21T15:37:24,3,130,0,133
2022-05-21T15:47:38,3,130,0,133
2022-05-21T15:57:51,3,130,0,133
2022-05-21T16:08:04,3,130,0,133
2022-05-21T16:18:18,3,130,0,133
2022-05-21T16:28:31,3,130,0,133
2022-05-21T16:38:45,3,130,0,133
2022-05-21T16:48:58,3,130,0,133
2022-05-21T16:59:12,3,130,0,133
2022-05-21T17:09:44,3,130,0,133
2022-05-21T17:19:58,3,130,0,133
2022-05-21T17:30:12,3,130,0,133
2022-05-21T17:40:25,3,130,0,133
2022-05-21T17:50:38,3,130,0,133
2022-05-21T18:00:51,3,130,0,133
2022-05-21T18:11:05,3,130,0,133
2022-05-21T18:21:18,3,130,0,133
2022-05-21T18:31:32,3,130,0,133
2022-05-21T18:41:46,3,130,0,133
2022-05-21T18:52:27,3,130,0,133
2022-05-21T19:02:40,3,130,0,133
2022-05-21T19:12:54,3,130,0,133
2022-05-21T19:23:07,3,130,0,133
2022-05-21T19:33:20,3,130,0,133
2022-05-21T19:43:35,3,130,0,133
2022-05-21T19:53:49,3,130,0,133
2022-05-21T20:04:04,3,130,0,133
2022-05-21T20:14:17,3,130,0,133
2022-05-21T20:24:31,3,130,0,133
2022-05-21T20:34:55,3,130,0,133
2022-05-21T20:45:10,3,130,0,133
2022-05-21T20:55:23,3,130,0,133
2022-05-21T21:05:36,3,130,0,133
2022-05-21T21:15:50,3,130,0,133
2022-05-21T21:26:03,3,130,0,133
2022-05-21T21:36:17,3,130,0,133
2022-05-21T21:46:30,3,130,0,133
2022-05-21T21:56:43,4,129,0,133
2022-05-21T22:06:57,4,129,0,133
2022-05-21T22:17:33,4,129,0,133
2022-05-21T22:27:46,4,129,0,133
2022-05-21T22:37:59,4,129,0,133
2022-05-21T22:48:12,4,129,0,133
2022-05-21T22:58:25,4,129,0,133
2022-05-21T23:08:39,5,128,0,133
2022-05-21T23:18:53,5,128,0,133
2022-05-21T23:29:06,5,128,0,133
2022-05-21T23:39:18,5,128,0,133
2022-05-21T23:49:31,5,128,0,133
2022-05-21T23:59:45,5,128,0,133
2022-05-22T00:09:59,5,128,0,133
2022-05-22T00:20:14,5,128,0,133
2022-05-22T00:30:40,5,128,0,133
2022-05-22T00:40:54,5,128,0,133
2022-05-22T00:51:07,5,128,0,133
2022-05-22T01:01:20,5,128,0,133
2022-05-22T01:11:33,5,128,0,133
2022-05-22T01:21:45,5,128,0,133
2022-05-22T01:31:58,5,128,0,133
2022-05-22T01:42:11,5,128,0,133
2022-05-22T01:52:24,5,128,0,133
2022-05-22T02:02:37,5,128,0,133
2022-05-22T02:12:50,5,128,0,133
2022-05-22T02:23:03,5,128,0,133
2022-05-22T02:33:19,5,128,0,133
2022-05-22T02:43:35,5,128,0,133
2022-05-22T02:53:50,5,128,0,133
2022-05-22T03:04:44,5,128,0,133
2022-05-22T03:15:17,5,128,0,133
2022-05-22T03:25:33,5,128,0,133
2022-05-22T03:35:48,5,128,0,133
2022-05-22T03:46:13,5,128,0,133
2022-05-22T03:56:28,5,128,0,133
2022-05-22T04:06:55,5,128,0,133
2022-05-22T04:17:08,5,128,0,133
2022-05-22T04:27:53,5,128,0,133
2022-05-22T04:38:09,5,128,0,133
2022-05-22T04:48:25,5,128,0,133
2022-05-22T04:58:41,5,128,0,133
2022-05-22T05:08:57,5,128,0,133
2022-05-22T05:19:13,5,128,0,133
2022-05-22T05:29:28,5,128,0,133
2022-05-22T05:39:43,5,128,0,133
2022-05-22T05:49:59,5,128,0,133
2022-05-22T06:00:15,5,128,0,133
2022-05-22T06:10:30,5,128,0,133
2022-05-22T06:20:44,5,128,0,133
2022-05-22T06:31:00,5,128,0,133
2022-05-22T06:41:15,5,128,0,133
2022-05-22T06:51:29,5,128,0,133
2022-05-22T07:01:43,5,128,0,133
2022-05-22T07:11:56,5,128,0,133
2022-05-22T07:22:09,5,128,0,133
2022-05-22T07:32:22,5,128,0,133
2022-05-22T07:42:36,5,128,0,133
2022-05-22T07:52:49,5,128,0,133
2022-05-22T08:03:02,5,128,0,133
2022-05-22T08:13:15,5,128,0,133
2022-05-22T08:23:27,5,128,0,133
2022-05-22T08:33:41,5,128,0,133
2022-05-22T08:43:54,5,128,0,133
2022-05-22T08:54:07,5,128,0,133
2022-05-22T09:04:20,5,128,0,133
2022-05-22T09:14:33,5,128,0,133
2022-05-22T09:24:47,5,128,0,133
2022-05-22T09:35:00,5,128,0,133
2022-05-22T09:45:13,5,128,0,133
2022-05-22T09:55:26,5,128,0,133
2022-05-22T10:05:39,5,128,0,133
2022-05-22T10:15:53,5,128,0,133
2022-05-22T10:26:07,5,128,0,133
2022-05-22T10:36:21,5,128,0,133
2022-05-22T10:46:35,5,128,0,133
2022-05-22T10:56:48,5,128,0,133
2022-05-22T11:07:01,5,128,0,133
2022-05-22T11:17:22,5,128,0,133
2022-05-22T11:27:35,5,128,0,133
2022-05-22T11:37:49,5,128,0,133
2022-05-22T11:48:03,5,128,0,133
2022-05-22T11:58:16,5,128,0,133
2022-05-22T12:08:29,5,128,0,133
2022-05-22T12:18:42,5,128,0,133
2022-05-22T12:28:56,5,128,0,133
2022-05-22T12:39:09,5,128,0,133
2022-05-22T12:49:22,5,128,0,133
2022-05-22T12:59:35,5,128,0,133
2022-05-22T13:09:48,5,128,0,133
2022-05-22T13:20:01,5,128,0,133
2022-05-22T13:30:23,5,128,0,133
2022-05-22T13:40:36,5,128,0,133
2022-05-22T13:50:49,5,128,0,133
2022-05-22T14:01:03,5,128,0,133
2022-05-22T14:11:19,5,128,0,133
2022-05-22T14:21:32,5,128,0,133
2022-05-22T14:31:45,5,128,0,133
2022-05-22T14:41:58,5,128,0,133
2022-05-22T14:52:10,5,128,0,133
2022-05-22T15:02:24,5,128,0,133
2022-05-22T15:12:37,5,128,0,133
2022-05-22T15:22:51,5,128,0,133
2022-05-22T15:33:04,5,128,0,133
2022-05-22T15:43:18,5,128,0,133
2022-05-22T15:53:42,5,128,0,133
2022-05-22T16:03:56,5,128,0,133
2022-05-22T16:14:09,5,128,0,133
2022-05-22T16:24:23,5,128,0,133
2022-05-22T16:34:37,5,128,0,133
2022-05-22T16:44:50,5,128,0,133
2022-05-22T16:55:03,5,128,0,133
2022-05-22T17:05:16,5,128,0,133
2022-05-22T17:15:30,5,128,0,133
2022-05-22T17:25:43,5,128,0,133
2022-05-22T17:35:57,5,128,0,133
2022-05-22T17:46:20,5,128,0,133
2022-05-22T17:56:34,5,128,0,133
2022-05-22T18:06:47,5,128,0,133
2022-05-22T18:17:00,5,128,0,133
2022-05-22T18:27:13,5,128,0,133
2022-05-22T18:37:27,5,128,0,133
2022-05-22T18:47:40,5,128,0,133
2022-05-22T18:57:54,5,128,0,133
2022-05-22T19:08:07,5,128,0,133
2022-05-22T19:18:23,5,128,0,133
2022-05-22T19:28:36,5,128,0,133
2022-05-22T19:38:49,5,128,0,133
2022-05-22T19:49:02,5,128,0,133
2022-05-22T19:59:16,5,128,0,133
2022-05-22T20:09:39,5,128,0,133
2022-05-22T20:19:54,5,128,0,133
2022-05-22T20:30:08,5,128,0,133
2022-05-22T20:40:22,5,128,0,133
2022-05-22T20:50:36,5,128,0,133
2022-05-22T21:00:49,5,128,0,133
2022-05-22T21:11:02,5,128,0,133
2022-05-22T21:21:16,5,128,0,133
2022-05-22T21:31:38,5,128,0,133
2022-05-22T21:41:53,5,128,0,133
2022-05-22T21:52:06,5,128,0,133
2022-05-22T22:02:20,5,128,0,133
2022-05-22T22:12:34,5,128,0,133
2022-05-22T22:22:49,5,128,0,133
2022-05-22T22:33:03,5,128,0,133
2022-05-22T22:43:17,5,128,0,133
2022-05-22T22:53:30,5,128,0,133
2022-05-22T23:03:55,5,128,0,133
2022-05-22T23:14:08,5,128,0,133
2022-05-22T23:24:23,5,128,0,133
2022-05-22T23:34:36,5,128,0,133
2022-05-22T23:44:50,5,128,0,133
2022-05-22T23:55:06,5,128,0,133
2022-05-23T00:05:21,5,128,0,133
2022-05-23T00:15:39,5,128,0,133
2022-05-23T00:25:54,5,128,0,133
2022-05-23T00:36:09,5,128,0,133
2022-05-23T00:46:23,5,128,0,133
2022-05-23T00:56:38,5,128,0,133
2022-05-23T01:07:03,5,128,0,133
2022-05-23T01:17:20,5,128,0,133
2022-05-23T01:27:36,5,128,0,133
2022-05-23T01:37:50,5,128,0,133
2022-05-23T01:48:04,5,128,0,133
2022-05-23T01:58:18,5,128,0,133
2022-05-23T02:10:47,5,128,0,133
2022-05-23T02:21:10,5,128,0,133
2022-05-23T02:31:24,5,128,0,133
2022-05-23T02:41:39,5,128,0,133
2022-05-23T02:51:53,5,128,0,133
2022-05-23T03:02:10,5,128,0,133
2022-05-23T03:12:24,5,128,0,133
2022-05-23T03:22:44,5,128,0,133
2022-05-23T03:33:02,5,128,0,133
2022-05-23T03:43:17,5,128,0,133
2022-05-23T03:53:32,5,128,0,133
2022-05-23T04:03:46,5,128,0,133
2022-05-23T04:15:57,5,128,0,133
2022-05-23T04:26:16,5,128,0,133
2022-05-23T04:37:58,5,128,0,133
2022-05-23T04:48:15,5,128,0,133
2022-05-23T04:58:31,5,128,0,133
2022-05-23T05:08:47,5,128,0,133
2022-05-23T05:19:03,5,128,0,133
2022-05-23T05:29:19,5,128,0,133
2022-05-23T05:39:35,5,128,0,133
2022-05-23T05:49:50,5,128,0,133
2022-05-23T06:00:06,5,128,0,133
2022-05-23T06:10:21,5,128,0,133
2022-05-23T06:20:36,5,128,0,133
2022-05-23T06:30:50,5,128,0,133
2022-05-23T06:41:03,5,128,0,133
2022-05-23T06:51:18,5,128,0,133
2022-05-23T07:01:32,5,128,0,133
2022-05-23T07:11:46,5,128,0,133
2022-05-23T07:22:00,5,128,0,133
2022-05-23T07:32:15,5,128,0,133
2022-05-23T07:42:30,5,128,0,133
2022-05-23T07:52:43,5,128,0,133
2022-05-23T08:02:58,5,128,0,133
2022-05-23T08:13:13,5,128,0,133
2022-05-23T08:23:39,5,128,0,133
2022-05-23T08:33:54,5,128,0,133
2022-05-23T08:44:10,5,128,0,133
2022-05-23T08:54:26,5,128,0,133
2022-05-23T09:04:43,5,128,0,133
2022-05-23T09:14:59,5,128,0,133
2022-05-23T09:25:17,5,128,0,133
2022-05-23T09:35:34,5,128,0,133
2022-05-23T09:46:10,6,127,0,133
2022-05-23T09:56:26,6,127,0,133
2022-05-23T10:06:44,6,127,0,133
2022-05-23T10:17:02,6,127,0,133
2022-05-23T10:27:20,6,127,0,133
2022-05-23T10:37:37,6,127,0,133
2022-05-23T10:48:06,6,127,0,133
2022-05-23T10:58:25,6,127,0,133
2022-05-23T11:08:43,6,127,0,133
2022-05-23T11:19:00,6,127,0,133
2022-05-23T11:29:40,6,127,0,133
2022-05-23T11:39:57,6,127,0,133
2022-05-23T11:50:16,6,127,0,133
2022-05-23T12:00:35,6,127,0,133
2022-05-23T12:11:06,6,127,0,133
2022-05-23T12:21:25,6,127,0,133
2022-05-23T12:31:43,6,127,0,133
2022-05-23T12:42:11,6,127,0,133
2022-05-23T12:52:29,6,127,0,133
2022-05-23T13:02:48,6,127,0,133
2022-05-23T13:13:09,6,127,0,133
2022-05-23T13:23:47,6,127,0,133
2022-05-23T13:34:06,6,127,0,133
2022-05-23T13:44:26,6,127,0,133
2022-05-23T13:54:46,6,127,0,133
2022-05-23T14:05:18,6,127,0,133
2022-05-23T14:15:37,6,127,0,133
2022-05-23T14:25:55,6,127,0,133
2022-05-23T14:36:15,6,127,0,133
2022-05-23T14:46:45,6,127,0,133
2022-05-23T14:57:03,6,127,0,133
2022-05-23T15:07:22,6,127,0,133
2022-05-23T15:17:53,6,127,0,133
2022-05-23T15:28:12,6,127,0,133
2022-05-23T15:38:32,6,127,0,133
2022-05-23T15:49:13,6,127,0,133
2022-05-23T15:59:31,6,127,0,133
2022-05-23T16:09:55,6,127,0,133
2022-05-23T16:20:24,6,127,0,133
2022-05-23T16:30:43,6,127,0,133
2022-05-23T16:41:02,6,127,0,133
2022-05-23T16:51:19,6,127,0,133
2022-05-23T17:01:47,6,127,0,133
2022-05-23T17:12:06,6,127,0,133
2022-05-23T17:22:23,6,127,0,133
2022-05-23T17:32:40,6,127,0,133
2022-05-23T17:43:07,6,127,0,133
2022-05-23T17:53:23,6,127,0,133
2022-05-23T18:03:41,6,127,0,133
2022-05-23T18:14:00,6,127,0,133
2022-05-23T18:24:36,6,127,0,133
2022-05-23T18:34:53,7,126,0,133
2022-05-23T18:45:09,7,126,0,133
2022-05-23T18:55:24,7,126,0,133
2022-05-23T19:05:51,8,125,0,133
2022-05-23T19:16:06,8,125,0,133
2022-05-23T19:26:23,8,125,0,133
2022-05-23T19:36:39,8,125,0,133
2022-05-23T19:46:55,8,125,0,133
2022-05-23T19:57:11,8,125,0,133
2022-05-23T20:07:40,8,125,0,133
2022-05-23T20:17:56,8,125,0,133
2022-05-23T20:28:11,8,125,0,133
2022-05-23T20:38:28,8,125,0,133
2022-05-23T20:48:44,8,125,0,133
2022-05-23T20:59:11,8,125,0,133
2022-05-23T21:09:26,10,123,0,133
2022-05-23T21:19:41,10,123,0,133
2022-05-23T21:29:57,10,123,0,133
2022-05-23T21:40:14,10,123,0,133
2022-05-23T21:50:49,10,123,0,133
2022-05-23T22:01:05,10,123,0,133
2022-05-23T22:11:20,10,123,0,133
2022-05-23T22:21:36,10,123,0,133
2022-05-23T22:31:51,10,123,0,133
2022-05-23T22:42:05,10,123,0,133
2022-05-23T22:52:31,10,123,0,133
2022-05-23T23:02:46,10,123,0,133
2022-05-23T23:13:02,10,123,0,133
2022-05-23T23:23:17,10,123,0,133
2022-05-23T23:33:44,10,123,0,133
2022-05-23T23:43:59,10,123,0,133
2022-05-23T23:54:13,10,123,0,133
2022-05-24T00:04:29,10,123,0,133
2022-05-24T00:14:46,10,123,0,133
2022-05-24T00:25:04,10,123,0,133
2022-05-24T00:35:19,10,123,0,133
2022-05-24T00:45:56,10,123,0,133
2022-05-24T00:56:11,10,123,0,133
2022-05-24T01:06:26,10,123,0,133
2022-05-24T01:16:41,10,123,0,133
2022-05-24T01:26:56,10,123,0,133
2022-05-24T01:37:10,10,123,0,133
2022-05-24T01:47:25,10,123,0,133
2022-05-24T01:57:40,10,123,0,133
2022-05-24T02:07:54,10,123,0,133
2022-05-24T02:18:09,10,123,0,133
2022-05-24T02:28:32,10,123,0,133
2022-05-24T02:38:46,10,123,0,133
2022-05-24T02:48:59,10,123,0,133
2022-05-24T02:59:13,10,123,0,133
2022-05-24T03:09:26,10,123,0,133
2022-05-24T03:19:40,10,123,0,133
2022-05-24T03:29:55,10,123,0,133
2022-05-24T03:40:20,10,123,0,133
2022-05-24T03:50:36,10,123,0,133
2022-05-24T04:00:53,10,123,0,133
2022-05-24T04:24:31,10,123,0,133
2022-05-24T04:35:11,10,123,0,133
2022-05-24T04:45:28,10,123,0,133
2022-05-24T04:55:46,10,123,0,133
2022-05-24T05:06:05,10,123,0,133
2022-05-24T05:16:22,10,123,0,133
2022-05-24T05:26:38,10,123,0,133
2022-05-24T05:36:55,10,123,0,133
2022-05-24T05:47:11,10,123,0,133
2022-05-24T05:57:27,10,123,0,133
2022-05-24T06:07:44,10,123,0,133
2022-05-24T06:18:00,10,123,0,133
2022-05-24T06:28:15,10,123,0,133
2022-05-24T06:38:31,10,123,0,133
2022-05-24T06:48:47,10,123,0,133
2022-05-24T06:59:03,10,123,0,133
2022-05-24T07:09:20,10,123,0,133
2022-05-24T07:19:35,10,123,0,133
2022-05-24T07:29:51,10,123,0,133
2022-05-24T07:40:09,10,123,0,133
2022-05-24T07:50:23,10,123,0,133
2022-05-24T08:00:38,10,123,0,133
2022-05-24T08:10:53,10,123,0,133
2022-05-24T08:21:07,10,123,0,133
2022-05-24T08:31:23,10,123,0,133
2022-05-24T08:41:38,10,123,0,133
2022-05-24T08:51:53,10,123,0,133
2022-05-24T09:02:21,10,123,0,133
2022-05-24T09:12:37,10,123,0,133
2022-05-24T09:22:55,10,123,0,133
2022-05-24T09:33:12,10,123,0,133
2022-05-24T09:43:29,10,123,0,133
2022-05-24T09:53:46,11,122,0,133
2022-05-24T10:04:15,11,122,0,133
2022-05-24T10:14:33,11,122,0,133
2022-05-24T10:24:51,11,122,0,133
2022-05-24T10:35:09,11,122,0,133
2022-05-24T10:45:37,11,122,0,133
2022-05-24T10:55:55,11,122,0,133
2022-05-24T11:06:16,11,122,0,133
2022-05-24T11:16:35,11,122,0,133
2022-05-24T11:27:05,11,122,0,133
2022-05-24T11:37:24,11,122,0,133
2022-05-24T11:47:42,11,122,0,133
2022-05-24T11:58:01,11,122,0,133
2022-05-24T12:08:19,12,121,0,133
2022-05-24T12:18:48,12,121,0,133
2022-05-24T12:29:05,12,121,0,133
2022-05-24T12:39:24,12,121,0,133
2022-05-24T12:49:52,13,120,0,133
2022-05-24T13:00:09,14,119,0,133
2022-05-24T13:10:30,15,118,0,133
2022-05-24T13:20:51,16,117,0,133
2022-05-24T13:31:25,18,115,0,133
2022-05-24T13:41:48,19,114,0,133
2022-05-24T13:52:10,19,114,0,133
2022-05-24T13:54:59,19,114,0,133
2022-05-24T14:05:33,19,114,0,133
2022-05-24T14:15:55,19,114,0,133
2022-05-24T14:26:16,19,114,0,133
2022-05-24T14:36:49,19,114,0,133
2022-05-24T14:47:08,19,114,0,133
2022-05-24T14:57:29,19,114,0,133
2022-05-24T15:08:01,19,114,0,133
2022-05-24T15:18:20,19,114,0,133
2022-05-24T15:28:39,19,114,0,133
2022-05-24T15:38:59,19,114,0,133
2022-05-24T15:49:29,19,114,0,133
2022-05-24T15:59:50,20,113,0,133
2022-05-24T16:10:11,20,113,0,133
2022-05-24T16:20:31,20,113,0,133
2022-05-24T16:31:04,21,112,0,133
2022-05-24T16:41:29,20,113,0,133
2022-05-24T16:51:53,21,112,0,133
2022-05-24T17:02:22,21,112,0,133
2022-05-24T17:13:03,21,112,0,133
2022-05-24T17:23:29,21,112,0,133
2022-05-24T17:33:53,21,112,0,133
2022-05-24T17:44:21,21,112,0,133
2022-05-24T17:54:56,21,112,0,133
2022-05-24T18:05:29,21,112,0,133
2022-05-24T18:15:49,23,110,0,133
2022-05-24T18:26:12,23,110,0,133
2022-05-24T18:36:43,23,110,0,133
2022-05-24T18:47:01,24,109,0,133
2022-05-24T18:57:18,24,109,0,133
2022-05-24T19:07:36,27,106,0,133
2022-05-24T19:17:53,27,106,0,133
2022-05-24T19:28:09,28,105,0,133
2022-05-24T19:38:37,28,105,0,133
2022-05-24T19:48:54,28,105,0,133
2022-05-24T19:59:10,29,104,0,133
2022-05-24T20:09:28,30,103,0,133
2022-05-24T20:19:43,30,103,0,133
2022-05-24T20:30:01,31,102,0,133
2022-05-24T20:40:29,31,102,0,133
2022-05-24T20:50:45,31,102,0,133
2022-05-24T21:01:01,32,101,0,133
2022-05-24T21:11:16,32,101,0,133
2022-05-24T21:21:43,34,99,0,133
2022-05-24T21:32:00,36,97,0,133
2022-05-24T21:42:16,38,95,0,133
2022-05-24T21:52:31,40,93,0,133
2022-05-24T22:02:45,40,93,0,133
2022-05-24T22:12:59,40,93,0,133
2022-05-24T22:23:24,40,93,0,133
2022-05-24T22:33:39,40,93,0,133
2022-05-24T22:43:54,40,93,0,133
2022-05-24T22:54:08,41,92,0,133
2022-05-24T23:04:24,41,92,0,133
2022-05-24T23:14:49,41,92,0,133
2022-05-24T23:25:03,41,92,0,133
2022-05-24T23:35:18,41,92,0,133
2022-05-24T23:45:33,41,92,0,133
2022-05-24T23:55:47,41,92,0,133
2022-05-25T00:06:03,41,92,0,133
2022-05-25T00:16:23,41,92,0,133
2022-05-25T00:26:39,41,92,0,133
2022-05-25T00:37:04,41,92,0,133
2022-05-25T00:47:21,41,92,0,133
2022-05-25T00:57:36,41,92,0,133
2022-05-25T01:07:52,41,92,0,133
2022-05-25T01:18:08,41,92,0,133
2022-05-25T01:28:24,41,92,0,133
2022-05-25T01:38:38,41,92,0,133
2022-05-25T01:48:53,41,92,0,133
2022-05-25T01:59:08,41,92,0,133
2022-05-25T02:09:23,41,92,0,133
2022-05-25T02:19:37,41,92,0,133
2022-05-25T02:29:51,41,92,0,133
2022-05-25T02:40:07,41,92,0,133
2022-05-25T02:50:33,41,92,0,133
2022-05-25T03:00:48,41,92,0,133
2022-05-25T03:11:03,41,92,0,133
2022-05-25T03:21:17,41,92,0,133
2022-05-25T03:31:31,41,92,0,133
2022-05-25T03:41:44,41,92,0,133
2022-05-25T03:52:00,41,92,0,133
2022-05-25T04:02:15,41,92,0,133
2022-05-25T04:14:28,41,92,0,133
2022-05-25T11:04:08,63,70,0,133
2022-05-25T11:14:28,65,68,0,133
2022-05-25T11:24:57,67,66,0,133
2022-05-25T11:35:17,69,64,0,133
2022-05-25T11:45:36,73,60,0,133
2022-05-25T11:55:56,76,57,0,133
2022-05-25T12:06:17,77,56,0,133
2022-05-25T12:16:45,79,54,0,133
2022-05-25T12:27:03,80,53,0,133
2022-05-25T12:37:20,82,51,0,133
2022-05-25T12:47:37,83,50,0,133
2022-05-25T12:57:53,83,50,0,133
2022-05-25T13:08:20,84,49,0,133
2022-05-25T13:18:37,84,49,0,133
2022-05-25T13:28:54,85,48,0,133
2022-05-25T13:39:10,85,48,0,133
2022-05-25T13:49:26,85,48,0,133
2022-05-25T13:59:43,85,48,0,133
2022-05-25T14:10:12,85,48,0,133
2022-05-25T14:20:29,85,48,0,133
2022-05-25T14:30:46,85,48,0,133
2022-05-25T14:41:04,85,48,0,133
2022-05-25T14:51:22,85,48,0,133
2022-05-25T15:01:39,85,48,0,133
2022-05-25T15:11:56,85,48,0,133
2022-05-25T15:22:23,84,49,0,133
2022-05-25T15:32:41,84,49,0,133
2022-05-25T15:42:59,84,49,0,133
2022-05-25T15:53:16,84,49,0,133
2022-05-25T16:03:34,84,49,0,133
2022-05-25T16:13:51,84,49,0,133
2022-05-25T16:24:08,84,49,0,133
2022-05-25T16:34:35,84,49,0,133
2022-05-25T16:44:50,84,49,0,133
2022-05-25T16:55:06,84,49,0,133
2022-05-25T17:05:22,84,49,0,133
2022-05-25T17:15:39,84,49,0,133
2022-05-25T17:25:55,84,49,0,133
2022-05-25T17:36:09,84,49,0,133
2022-05-25T17:46:35,84,49,0,133
2022-05-25T17:56:51,84,49,0,133
2022-05-25T18:07:06,84,49,0,133
2022-05-25T18:17:21,84,49,0,133
2022-05-25T18:27:36,84,49,0,133
2022-05-25T18:37:50,84,49,0,133
2022-05-25T18:48:05,84,49,0,133
2022-05-25T18:58:20,84,49,0,133
2022-05-25T19:08:36,84,49,0,133
2022-05-25T19:19:02,84,49,0,133
2022-05-25T19:29:17,84,49,0,133
2022-05-25T19:39:32,84,49,0,133
2022-05-25T19:49:47,83,50,0,133
2022-05-25T20:00:01,83,50,0,133
2022-05-25T20:10:16,83,50,0,133
2022-05-25T20:20:31,83,50,0,133
2022-05-25T20:30:45,83,50,0,133
2022-05-25T20:41:00,83,50,0,133
2022-05-25T20:51:26,83,50,0,133
2022-05-25T21:01:40,83,50,0,133
2022-05-25T21:11:55,83,50,0,133
2022-05-25T21:22:09,83,50,0,133
2022-05-25T21:32:25,83,50,0,133
2022-05-25T21:42:40,83,50,0,133
2022-05-25T21:52:55,83,50,0,133
2022-05-25T22:03:21,83,50,0,133
2022-05-25T22:13:36,83,50,0,133
2022-05-25T22:23:52,83,50,0,133
2022-05-25T22:34:07,83,50,0,133
2022-05-25T22:44:22,83,50,0,133
2022-05-25T22:54:36,83,50,0,133
2022-05-25T23:04:52,83,50,0,133
2022-05-25T23:15:08,83,50,0,133
2022-05-25T23:25:23,83,50,0,133
2022-05-25T23:35:38,83,50,0,133
2022-05-25T23:45:53,83,50,0,133
2022-05-25T23:56:08,83,50,0,133
2022-05-26T00:06:33,83,50,0,133
2022-05-26T00:16:49,83,50,0,133
2022-05-26T00:27:06,83,50,0,133
2022-05-26T00:37:22,83,50,0,133
2022-05-26T00:47:38,83,50,0,133
2022-05-26T00:57:55,83,50,0,133
2022-05-26T01:08:11,83,50,0,133
2022-05-26T01:18:27,83,50,0,133
2022-05-26T01:28:44,83,50,0,133
2022-05-26T01:38:59,83,50,0,133
2022-05-26T01:49:16,83,50,0,133
2022-05-26T01:59:33,83,50,0,133
2022-05-26T02:09:48,83,50,0,133
2022-05-26T02:20:02,83,50,0,133
2022-05-26T02:30:19,83,50,0,133
2022-05-26T02:40:34,83,50,0,133
2022-05-26T02:50:48,83,50,0,133
2022-05-26T03:01:02,83,50,0,133
2022-05-26T03:11:18,83,50,0,133
2022-05-26T03:21:44,83,50,0,133
2022-05-26T03:32:00,83,50,0,133
2022-05-26T03:42:17,83,50,0,133
2022-05-26T03:52:33,83,50,0,133
2022-05-26T04:05:15,83,50,0,133
2022-05-26T04:23:49,83,50,0,133
2022-05-26T04:34:28,83,50,0,133
2022-05-26T04:44:44,83,50,0,133
2022-05-26T04:55:01,83,50,0,133
2022-05-26T05:05:19,83,50,0,133
2022-05-26T05:15:36,83,50,0,133
2022-05-26T05:25:52,83,50,0,133
2022-05-26T05:36:08,83,50,0,133
2022-05-26T05:46:26,83,50,0,133
2022-05-26T05:56:44,83,50,0,133
2022-05-26T06:07:02,83,50,0,133
2022-05-26T06:17:17,83,50,0,133
2022-05-26T06:27:34,83,50,0,133
2022-05-26T06:37:51,83,50,0,133
2022-05-26T06:48:08,83,50,0,133
2022-05-26T06:58:23,83,50,0,133
2022-05-26T07:08:42,83,50,0,133
2022-05-26T07:18:58,83,50,0,133
2022-05-26T07:29:13,83,50,0,133
2022-05-26T07:39:29,83,50,0,133
2022-05-26T07:49:44,83,50,0,133
2022-05-26T07:59:58,83,50,0,133
2022-05-26T08:10:13,83,50,0,133
2022-05-26T08:20:28,83,50,0,133
2022-05-26T08:30:53,83,50,0,133
2022-05-26T08:41:09,83,50,0,133
2022-05-26T08:51:26,83,50,0,133
2022-05-26T09:01:41,83,50,0,133
2022-05-26T09:11:57,83,50,0,133
2022-05-26T09:22:13,83,50,0,133
2022-05-26T09:32:28,83,50,0,133
2022-05-26T09:42:45,83,50,0,133
2022-05-26T09:53:01,83,50,0,133
2022-05-26T10:03:18,83,50,0,133
2022-05-26T10:13:36,83,50,0,133
2022-05-26T10:24:03,83,50,0,133
2022-05-26T10:34:20,83,50,0,133
2022-05-26T10:44:36,83,50,0,133
2022-05-26T10:54:53,83,50,0,133
2022-05-26T11:05:12,83,50,0,133
2022-05-26T11:15:29,83,50,0,133
2022-05-26T11:26:04,83,50,0,133
2022-05-26T11:36:28,83,50,0,133
2022-05-26T11:46:53,83,50,0,133
2022-05-26T11:57:22,83,50,0,133
2022-05-26T12:07:49,83,50,0,133
2022-05-26T12:18:16,83,50,0,133
2022-05-26T12:28:47,83,50,0,133
2022-05-26T12:39:31,83,50,0,133
2022-05-26T12:50:01,83,50,0,133
2022-05-26T13:00:30,83,50,0,133
2022-05-26T13:10:56,83,50,0,133
2022-05-26T13:21:24,83,50,0,133
2022-05-26T13:31:49,83,50,0,133
2022-05-26T13:42:15,83,50,0,133
2022-05-26T13:52:41,83,50,0,133
2022-05-26T14:03:14,83,50,0,133
2022-05-26T14:13:38,83,50,0,133
2022-05-26T14:24:00,83,50,0,133
2022-05-26T14:34:16,83,50,0,133
2022-05-26T14:44:33,83,50,0,133
2022-05-26T14:54:49,84,49,0,133
2022-05-26T15:05:18,84,49,0,133
2022-05-26T15:15:34,84,49,0,133
2022-05-26T15:25:50,84,49,0,133
2022-05-26T15:36:06,84,49,0,133
2022-05-26T15:46:23,84,49,0,133
2022-05-26T15:56:38,84,49,0,133
2022-05-26T16:06:54,84,49,0,133
2022-05-26T16:17:20,84,49,0,133
2022-05-26T16:27:35,84,49,0,133
2022-05-26T16:37:51,84,49,0,133
2022-05-26T16:48:06,84,49,0,133
2022-05-26T16:58:21,84,49,0,133
2022-05-26T17:08:37,84,49,0,133
2022-05-26T17:18:53,84,49,0,133
2022-05-26T17:29:09,84,49,0,133
2022-05-26T17:39:35,84,49,0,133
2022-05-26T17:49:50,84,49,0,133
2022-05-26T18:00:05,84,49,0,133
2022-05-26T18:10:21,84,49,0,133
2022-05-26T18:20:36,84,49,0,133
2022-05-26T18:30:51,84,49,0,133
2022-05-26T18:41:05,84,49,0,133
2022-05-26T18:51:20,84,49,0,133
2022-05-26T19:01:35,84,49,0,133
2022-05-26T19:11:51,84,49,0,133
2022-05-26T19:22:17,84,49,0,133
2022-05-26T19:32:32,84,49,0,133
2022-05-26T19:42:46,84,49,0,133
2022-05-26T19:53:01,84,49,0,133
2022-05-26T20:03:15,84,49,0,133
2022-05-26T20:13:30,84,49,0,133
2022-05-26T20:23:45,84,49,0,133
2022-05-26T20:34:00,84,49,0,133
2022-05-26T20:44:14,84,49,0,133
2022-05-26T20:54:29,84,49,0,133
2022-05-26T21:04:53,84,49,0,133
2022-05-26T21:15:08,84,49,0,133
2022-05-26T21:25:23,84,49,0,133
2022-05-26T21:35:37,84,49,0,133
2022-05-26T21:45:51,84,49,0,133
2022-05-26T21:56:06,84,49,0,133
2022-05-26T22:06:30,84,49,0,133
2022-05-26T22:16:45,84,49,0,133
2022-05-26T22:27:00,84,49,0,133
2022-05-26T22:37:15,84,49,0,133
2022-05-26T22:47:29,84,49,0,133
2022-05-26T22:57:44,84,49,0,133
2022-05-26T23:07:59,84,49,0,133
2022-05-26T23:18:13,84,49,0,133
2022-05-26T23:28:29,84,49,0,133
2022-05-26T23:38:44,84,49,0,133
2022-05-26T23:49:10,84,49,0,133
2022-05-26T23:59:24,84,49,0,133
2022-05-27T00:09:40,84,49,0,133
2022-05-27T00:19:57,84,49,0,133
2022-05-27T00:30:13,84,49,0,133
2022-05-27T00:40:30,84,49,0,133
2022-05-27T00:50:47,84,49,0,133
2022-05-27T01:01:04,84,49,0,133
2022-05-27T01:11:20,85,48,0,133
2022-05-27T01:21:37,85,48,0,133
2022-05-27T01:31:53,85,48,0,133
2022-05-27T01:42:08,85,48,0,133
2022-05-27T01:52:34,85,48,0,133
2022-05-27T02:02:51,85,48,0,133
2022-05-27T02:13:06,85,48,0,133
2022-05-27T02:23:21,85,48,0,133
2022-05-27T02:33:46,85,48,0,133
2022-05-27T02:44:02,85,48,0,133
2022-05-27T02:54:18,85,48,0,133
2022-05-27T03:04:34,85,48,0,133
2022-05-27T03:14:49,85,48,0,133
2022-05-27T03:25:04,85,48,0,133
2022-05-27T03:35:18,85,48,0,133
2022-05-27T03:45:34,85,48,0,133
2022-05-27T03:55:50,85,48,0,133
2022-05-27T04:06:06,85,48,0,133
2022-05-27T04:34:15,85,48,0,133
2022-05-27T04:44:33,85,48,0,133
2022-05-27T04:54:51,85,48,0,133
2022-05-27T05:05:09,85,48,0,133
2022-05-27T05:15:27,85,48,0,133
2022-05-27T05:25:45,85,48,0,133
2022-05-27T05:36:02,85,48,0,133
2022-05-27T05:46:18,85,48,0,133
2022-05-27T05:56:35,85,48,0,133
2022-05-27T06:06:51,85,48,0,133
2022-05-27T06:17:07,85,48,0,133
2022-05-27T06:27:23,85,48,0,133
2022-05-27T06:37:41,85,48,0,133
2022-05-27T06:47:55,85,48,0,133
2022-05-27T06:58:09,85,48,0,133
2022-05-27T07:08:26,85,48,0,133
2022-05-27T07:18:41,85,48,0,133
2022-05-27T07:28:55,85,48,0,133
2022-05-27T07:39:11,85,48,0,133
2022-05-27T07:49:27,85,48,0,133
2022-05-27T07:59:52,85,48,0,133
2022-05-27T08:10:07,85,48,0,133
2022-05-27T08:20:23,85,48,0,133
2022-05-27T08:30:39,85,48,0,133
2022-05-27T08:40:57,85,48,0,133
2022-05-27T08:51:12,85,48,0,133
2022-05-27T09:01:29,85,48,0,133
2022-05-27T09:11:45,85,48,0,133
2022-05-27T09:22:00,85,48,0,133
2022-05-27T09:32:16,85,48,0,133
2022-05-27T09:42:31,85,48,0,133
2022-05-27T09:52:47,85,48,0,133
2022-05-27T10:03:02,85,48,0,133
2022-05-27T10:13:19,85,48,0,133
2022-05-27T10:23:35,85,48,0,133
2022-05-27T10:33:51,85,48,0,133
2022-05-27T10:44:17,85,48,0,133
2022-05-27T10:54:33,85,48,0,133
2022-05-27T11:04:50,85,48,0,133
2022-05-27T11:15:06,85,48,0,133
2022-05-27T11:25:22,85,48,0,133
2022-05-27T11:35:38,85,48,0,133
2022-05-27T11:45:54,85,48,0,133
2022-05-27T11:56:11,85,48,0,133
2022-05-27T12:06:28,85,48,0,133
2022-05-27T12:16:44,85,48,0,133
2022-05-27T12:27:10,85,48,0,133
2022-05-27T12:37:27,85,48,0,133
2022-05-27T12:47:43,85,48,0,133
2022-05-27T12:57:59,85,48,0,133
2022-05-27T13:08:15,85,48,0,133
2022-05-27T13:18:30,85,48,0,133
2022-05-27T13:28:46,85,48,0,133
2022-05-27T13:39:11,85,48,0,133
2022-05-27T13:49:27,85,48,0,133
2022-05-27T13:59:43,85,48,0,133
2022-05-27T14:09:59,85,48,0,133
2022-05-27T14:20:15,85,48,0,133
2022-05-27T14:30:30,85,48,0,133
2022-05-27T14:40:45,85,48,0,133
2022-05-27T14:51:01,85,48,0,133
2022-05-27T15:01:16,85,48,0,133
2022-05-27T15:11:32,85,48,0,133
2022-05-27T15:21:57,85,48,0,133
2022-05-27T15:32:13,85,48,0,133
2022-05-27T15:42:29,85,48,0,133
2022-05-27T15:52:44,85,48,0,133
2022-05-27T16:03:00,85,48,0,133
2022-05-27T16:13:15,85,48,0,133
2022-05-27T16:23:31,85,48,0,133
2022-05-27T16:33:56,85,48,0,133
2022-05-27T16:44:11,85,48,0,133
2022-05-27T16:54:25,85,48,0,133
2022-05-27T17:04:40,85,48,0,133
2022-05-27T17:14:55,85,48,0,133
2022-05-27T17:25:10,85,48,0,133
2022-05-27T17:35:25,85,48,0,133
2022-05-27T17:45:39,85,48,0,133
2022-05-27T17:55:54,85,48,0,133
2022-05-27T18:06:08,85,48,0,133
2022-05-27T18:16:32,85,48,0,133
2022-05-27T18:26:47,85,48,0,133
2022-05-27T18:37:01,85,48,0,133
2022-05-27T18:47:15,85,48,0,133
2022-05-27T18:57:29,85,48,0,133
2022-05-27T19:07:43,85,48,0,133
2022-05-27T19:17:57,85,48,0,133
2022-05-27T19:28:12,85,48,0,133
2022-05-27T19:38:26,85,48,0,133
2022-05-27T19:48:40,85,48,0,133
2022-05-27T19:59:05,85,48,0,133
2022-05-27T20:09:19,85,48,0,133
2022-05-27T20:19:33,85,48,0,133
2022-05-27T20:29:48,85,48,0,133
2022-05-27T20:40:02,85,48,0,133
2022-05-27T20:50:16,85,48,0,133
2022-05-27T21:00:31,85,48,0,133
2022-05-27T21:10:45,85,48,0,133
2022-05-27T21:21:00,85,48,0,133
2022-05-27T21:31:14,85,48,0,133
2022-05-27T21:41:29,85,48,0,133
2022-05-27T21:51:43,85,48,0,133
2022-05-27T22:01:57,85,48,0,133
2022-05-27T22:12:20,85,48,0,133
2022-05-27T22:22:35,85,48,0,133
2022-05-27T22:32:49,85,48,0,133
2022-05-27T22:43:04,85,48,0,133
2022-05-27T22:53:18,85,48,0,133
2022-05-27T23:03:33,85,48,0,133
2022-05-27T23:13:48,85,48,0,133
2022-05-27T23:24:03,85,48,0,133
2022-05-27T23:34:18,85,48,0,133
2022-05-27T23:44:33,85,48,0,133
2022-05-27T23:54:47,85,48,0,133
2022-05-28T00:06:39,85,48,0,133
2022-05-28T00:17:01,85,48,0,133
2022-05-28T00:27:21,85,48,0,133
2022-05-28T00:37:44,85,48,0,133
2022-05-28T00:48:14,85,48,0,133
2022-05-28T00:58:33,85,48,0,133
2022-05-28T01:08:56,85,48,0,133
2022-05-28T01:19:19,85,48,0,133
2022-05-28T01:29:41,85,48,0,133
2022-05-28T01:40:02,85,48,0,133
2022-05-28T01:50:22,85,48,0,133
2022-05-28T02:00:58,85,48,0,133
2022-05-28T02:11:28,85,48,0,133
2022-05-28T02:21:53,85,48,0,133
2022-05-28T02:32:29,85,48,0,133
2022-05-28T02:42:55,85,48,0,133
2022-05-28T02:53:16,85,48,0,133
2022-05-28T03:03:47,85,48,0,133
2022-05-28T03:14:09,85,48,0,133
2022-05-28T03:24:28,85,48,0,133
2022-05-28T03:34:47,85,48,0,133
2022-05-28T03:45:08,85,48,0,133
2022-05-28T03:55:25,85,48,0,133
2022-05-28T04:07:46,85,48,0,133
2022-05-28T04:22:19,85,48,0,133
2022-05-28T04:33:01,85,48,0,133
2022-05-28T04:43:17,85,48,0,133
2022-05-28T04:53:34,85,48,0,133
2022-05-28T05:03:50,85,48,0,133
2022-05-28T05:14:06,85,48,0,133
2022-05-28T05:24:23,85,48,0,133
2022-05-28T05:34:39,85,48,0,133
2022-05-28T05:44:57,85,48,0,133
2022-05-28T05:55:14,85,48,0,133
2022-05-28T06:05:30,85,48,0,133
2022-05-28T06:15:45,85,48,0,133
2022-05-28T06:26:01,85,48,0,133
2022-05-28T06:36:17,85,48,0,133
2022-05-28T06:46:33,85,48,0,133
2022-05-28T06:56:48,85,48,0,133
2022-05-28T07:07:05,85,48,0,133
2022-05-28T07:17:21,85,48,0,133
2022-05-28T07:27:38,85,48,0,133
2022-05-28T07:37:53,85,48,0,133
2022-05-28T07:48:10,85,48,0,133
2022-05-28T07:58:25,85,48,0,133
2022-05-28T08:08:49,85,48,0,133
2022-05-28T08:19:05,85,48,0,133
2022-05-28T08:29:20,85,48,0,133
2022-05-28T08:39:36,85,48,0,133
2022-05-28T08:49:50,85,48,0,133
2022-05-28T09:00:05,85,48,0,133
2022-05-28T09:10:20,85,48,0,133
2022-05-28T09:20:35,85,48,0,133
2022-05-28T09:30:50,85,48,0,133
2022-05-28T09:41:04,85,48,0,133
2022-05-28T09:51:28,85,48,0,133
2022-05-28T10:01:42,85,48,0,133
2022-05-28T10:11:56,85,48,0,133
2022-05-28T10:22:10,85,48,0,133
2022-05-28T10:32:24,85,48,0,133
2022-05-28T10:42:37,85,48,0,133
2022-05-28T10:52:51,85,48,0,133
2022-05-28T11:03:05,85,48,0,133
2022-05-28T11:13:19,85,48,0,133
2022-05-28T11:23:33,85,48,0,133
2022-05-28T11:33:50,85,48,0,133
2022-05-28T11:44:04,85,48,0,133
2022-05-28T11:54:18,85,48,0,133
2022-05-28T12:04:32,85,48,0,133
2022-05-28T12:14:46,86,47,0,133
2022-05-28T12:25:00,86,47,0,133
2022-05-28T12:35:13,86,47,0,133
2022-05-28T12:45:27,86,47,0,133
2022-05-28T12:55:41,87,46,0,133
2022-05-28T13:06:05,87,46,0,133
2022-05-28T13:16:19,87,46,0,133
2022-05-28T13:26:33,87,46,0,133
2022-05-28T13:36:47,88,45,0,133
2022-05-28T13:47:01,88,45,0,133
2022-05-28T13:57:15,90,43,0,133
2022-05-28T14:07:29,90,43,0,133
2022-05-28T14:17:52,91,42,0,133
2022-05-28T14:28:05,91,42,0,133
2022-05-28T14:38:20,91,42,0,133
2022-05-28T14:48:34,91,42,0,133
2022-05-28T14:58:47,91,42,0,133
2022-05-28T15:09:02,91,42,0,133
2022-05-28T15:19:16,91,42,0,133
2022-05-28T15:29:29,91,42,0,133
2022-05-28T15:39:44,91,42,0,133
2022-05-28T15:49:57,91,42,0,133
2022-05-28T16:00:11,91,42,0,133
2022-05-28T16:10:25,91,42,0,133
2022-05-28T16:20:39,91,42,0,133
2022-05-28T16:30:54,91,42,0,133
2022-05-28T16:41:17,91,42,0,133
2022-05-28T16:51:31,91,42,0,133
2022-05-28T17:01:45,91,42,0,133
2022-05-28T17:11:59,91,42,0,133
2022-05-28T17:22:14,91,42,0,133
2022-05-28T17:32:28,91,42,0,133
2022-05-28T17:42:42,91,42,0,133
2022-05-28T17:52:56,91,42,0,133
2022-05-28T18:03:11,91,42,0,133
2022-05-28T18:13:25,91,42,0,133
2022-05-28T18:23:39,91,42,0,133
2022-05-28T18:33:54,91,42,0,133
2022-05-28T18:44:18,91,42,0,133
2022-05-28T18:54:32,91,42,0,133
2022-05-28T19:04:47,91,42,0,133
2022-05-28T19:15:01,91,42,0,133
2022-05-28T19:25:15,91,42,0,133
2022-05-28T19:35:30,91,42,0,133
2022-05-28T19:45:46,91,42,0,133
2022-05-28T19:56:01,91,42,0,133
2022-05-28T20:06:15,91,42,0,133
2022-05-28T20:16:28,91,42,0,133
2022-05-28T20:26:42,91,42,0,133
2022-05-28T20:36:56,91,42,0,133
2022-05-28T20:47:20,91,42,0,133
2022-05-28T20:57:34,90,43,1,133
2022-05-28T21:07:48,90,43,1,133
2022-05-28T21:18:02,90,43,1,133
2022-05-28T21:28:16,90,43,1,133
2022-05-28T21:38:30,90,43,1,133
2022-05-28T21:48:44,90,43,1,133
2022-05-28T21:58:57,90,43,1,133
2022-05-28T22:09:11,90,43,1,133
2022-05-28T22:19:25,90,43,1,133
2022-05-28T22:29:40,90,43,1,133
2022-05-28T22:40:05,90,43,1,133
2022-05-28T22:50:19,90,43,1,133
2022-05-28T23:00:32,90,43,1,133
2022-05-28T23:10:48,90,43,1,133
2022-05-28T23:21:02,90,43,1,133
2022-05-28T23:31:17,90,43,1,133
2022-05-28T23:41:31,90,43,1,133
2022-05-28T23:51:45,90,43,1,133
2022-05-29T00:01:59,90,43,1,133
2022-05-29T00:12:14,90,43,1,133
2022-05-29T00:22:32,90,43,1,133
2022-05-29T00:32:47,90,43,1,133
2022-05-29T00:43:11,90,43,1,133
2022-05-29T00:53:26,90,43,1,133
2022-05-29T01:03:41,90,43,1,133
2022-05-29T01:13:56,90,43,1,133
2022-05-29T01:24:11,90,43,1,133
2022-05-29T01:34:26,90,43,1,133
2022-05-29T01:44:41,90,43,1,133
2022-05-29T01:54:56,90,43,1,133
2022-05-29T02:05:13,90,43,1,133
2022-05-29T02:15:28,90,43,1,133
2022-05-29T02:25:44,90,43,1,133
2022-05-29T02:36:00,90,43,1,133
2022-05-29T02:46:15,90,43,1,133
2022-05-29T02:56:29,90,43,1,133
2022-05-29T03:06:43,90,43,1,133
2022-05-29T03:16:58,90,43,1,133
2022-05-29T03:27:13,90,43,1,133
2022-05-29T03:37:28,90,43,1,133
2022-05-29T03:47:53,90,43,1,133
2022-05-29T03:58:09,90,43,1,133
2022-05-29T04:10:12,90,43,1,133
2022-05-29T04:36:39,90,43,1,133
2022-05-29T04:46:58,90,43,1,133
2022-05-29T04:57:14,90,43,1,133
2022-05-29T05:07:33,90,43,1,133
2022-05-29T05:17:52,90,43,1,133
2022-05-29T05:28:08,90,43,1,133
2022-05-29T05:38:24,90,43,1,133
2022-05-29T05:48:39,90,43,1,133
2022-05-29T05:58:54,90,43,1,133
2022-05-29T06:09:09,90,43,1,133
2022-05-29T06:19:24,90,43,1,133
2022-05-29T06:29:39,90,43,1,133
2022-05-29T06:39:53,90,43,1,133
2022-05-29T06:50:06,90,43,1,133
2022-05-29T07:00:19,90,43,1,133
2022-05-29T07:10:33,90,43,1,133
2022-05-29T07:20:55,90,43,1,133
2022-05-29T07:31:09,90,43,1,133
2022-05-29T07:41:23,90,43,1,133
2022-05-29T07:51:38,90,43,1,133
2022-05-29T08:01:52,90,43,1,133
2022-05-29T08:12:05,90,43,1,133
2022-05-29T08:22:19,90,43,1,133
2022-05-29T08:32:33,90,43,1,133
2022-05-29T08:42:47,90,43,1,133
2022-05-29T08:53:00,90,43,1,133
2022-05-29T09:03:14,90,43,1,133
2022-05-29T09:13:28,90,43,1,133
2022-05-29T09:23:42,90,43,1,133
2022-05-29T09:33:56,90,43,1,133
2022-05-29T09:44:10,90,43,1,133
2022-05-29T09:54:32,90,43,1,133
2022-05-29T10:04:46,90,43,1,133
2022-05-29T10:14:59,90,43,1,133
2022-05-29T10:25:13,90,43,1,133
2022-05-29T10:35:27,90,43,1,133
2022-05-29T10:45:40,90,43,1,133
2022-05-29T10:55:54,90,43,1,133
2022-05-29T11:06:08,90,43,1,133
2022-05-29T11:16:23,90,43,1,133
2022-05-29T11:26:37,90,43,1,133
2022-05-29T11:36:51,90,43,1,133
2022-05-29T11:47:05,90,43,1,133
2022-05-29T11:57:19,90,43,1,133
2022-05-29T12:07:33,90,43,1,133
2022-05-29T12:17:59,90,43,1,133
2022-05-29T12:28:14,90,43,1,133
2022-05-29T12:38:28,90,43,1,133
2022-05-29T12:48:42,90,43,1,133
2022-05-29T12:58:56,90,43,1,133
2022-05-29T13:09:11,90,43,1,133
2022-05-29T13:19:25,90,43,1,133
2022-05-29T13:29:39,90,43,1,133
2022-05-29T13:39:53,90,43,1,133
2022-05-29T13:50:08,90,43,1,133
2022-05-29T14:00:22,90,43,1,133
2022-05-29T14:10:36,90,43,1,133
2022-05-29T14:20:59,90,43,1,133
2022-05-29T14:31:14,90,43,1,133
2022-05-29T14:41:28,90,43,1,133
2022-05-29T14:51:41,90,43,1,133
2022-05-29T15:01:56,90,43,1,133
2022-05-29T15:12:10,90,43,1,133
2022-05-29T15:22:24,90,43,1,133
2022-05-29T15:32:38,90,43,1,133
2022-05-29T15:42:52,90,43,1,133
2022-05-29T15:53:06,90,43,1,133
2022-05-29T16:03:20,90,43,1,133
2022-05-29T16:13:44,90,43,1,133
2022-05-29T16:23:58,90,43,1,133
2022-05-29T16:34:12,90,43,1,133
2022-05-29T16:44:26,90,43,1,133
2022-05-29T16:54:40,90,43,1,133
2022-05-29T17:04:54,90,43,1,133
2022-05-29T17:15:08,90,43,1,133
2022-05-29T17:25:22,90,43,1,133
2022-05-29T17:35:36,90,43,1,133
2022-05-29T17:45:59,90,43,1,133
2022-05-29T17:56:13,90,43,1,133
2022-05-29T18:06:27,90,43,1,133
2022-05-29T18:16:41,90,43,1,133
2022-05-29T18:26:56,90,43,1,133
2022-05-29T18:37:10,90,43,1,133
2022-05-29T18:47:24,90,43,1,133
2022-05-29T18:57:38,90,43,1,133
2022-05-29T19:07:52,90,43,1,133
2022-05-29T19:18:16,90,43,1,133
2022-05-29T19:28:30,90,43,1,133
2022-05-29T19:38:44,90,43,1,133
2022-05-29T19:48:58,90,43,1,133
2022-05-29T19:59:12,90,43,1,133
2022-05-29T20:09:26,90,43,1,133
2022-05-29T20:19:40,90,43,1,133
2022-05-29T20:29:54,90,43,1,133
2022-05-29T20:40:09,90,43,1,133
2022-05-29T20:50:23,90,43,1,133
2022-05-29T21:00:37,90,43,1,133
2022-05-29T21:10:51,90,43,1,133
2022-05-29T21:21:05,90,43,1,133
2022-05-29T21:31:19,90,43,1,133
2022-05-29T21:41:44,90,43,1,133
2022-05-29T21:51:57,90,43,1,133
2022-05-29T22:02:11,90,43,1,133
2022-05-29T22:12:25,90,43,1,133
2022-05-29T22:22:40,90,43,1,133
2022-05-29T22:32:54,90,43,1,133
2022-05-29T22:43:08,90,43,1,133
2022-05-29T22:53:22,90,43,1,133
2022-05-29T23:03:36,90,43,1,133
2022-05-29T23:13:51,90,43,1,133
2022-05-29T23:24:15,90,43,1,133
2022-05-29T23:34:30,90,43,1,133
2022-05-29T23:44:44,91,42,1,133
2022-05-29T23:54:58,90,43,1,133
2022-05-30T00:05:13,90,43,1,133
2022-05-30T00:15:29,90,43,1,133
2022-05-30T00:25:46,90,43,1,133
2022-05-30T00:36:03,90,43,1,133
2022-05-30T00:46:20,90,43,1,133
2022-05-30T00:56:36,90,43,1,133
2022-05-30T01:07:00,90,43,1,133
2022-05-30T01:17:18,90,43,1,133
2022-05-30T01:27:35,90,43,1,133
2022-05-30T01:37:52,90,43,1,133
2022-05-30T01:48:08,90,43,1,133
2022-05-30T01:58:24,90,43,1,133
2022-05-30T02:08:40,90,43,1,133
2022-05-30T02:18:56,90,43,1,133
2022-05-30T02:29:11,90,43,1,133
2022-05-30T02:39:26,90,43,1,133
2022-05-30T02:49:40,90,43,1,133
2022-05-30T02:59:54,90,43,1,133
2022-05-30T03:10:09,90,43,1,133
2022-05-30T03:20:24,90,43,1,133
2022-05-30T03:30:38,90,43,1,133
2022-05-30T03:40:54,90,43,1,133
2022-05-30T03:51:10,90,43,1,133
2022-05-30T04:01:35,90,43,1,133
2022-05-30T04:17:29,90,43,1,133
2022-05-30T04:28:23,90,43,1,133
2022-05-30T04:38:39,90,43,1,133
2022-05-30T04:48:55,90,43,1,133
2022-05-30T04:59:12,90,43,1,133
2022-05-30T05:09:31,90,43,1,133
2022-05-30T05:19:48,90,43,1,133
2022-05-30T05:30:04,90,43,1,133
2022-05-30T05:40:25,90,43,1,133
2022-05-30T05:50:41,90,43,1,133
2022-05-30T06:00:57,90,43,1,133
2022-05-30T06:11:12,90,43,1,133
2022-05-30T06:21:29,90,43,1,133
2022-05-30T06:31:45,90,43,1,133
2022-05-30T06:42:00,90,43,1,133
2022-05-30T06:52:14,90,43,1,133
2022-05-30T07:02:30,90,43,1,133
2022-05-30T07:12:44,90,43,1,133
2022-05-30T07:22:58,90,43,1,133
2022-05-30T07:33:12,90,43,1,133
2022-05-30T07:43:27,90,43,1,133
2022-05-30T07:53:56,90,43,1,133
2022-05-30T08:04:10,90,43,1,133
2022-05-30T08:14:24,90,43,1,133
2022-05-30T08:24:38,90,43,1,133
2022-05-30T08:34:53,90,43,1,133
2022-05-30T08:45:06,90,43,1,133
2022-05-30T08:55:20,90,43,1,133
2022-05-30T09:05:34,90,43,1,133
2022-05-30T09:15:48,90,43,1,133
2022-05-30T09:26:02,90,43,1,133
2022-05-30T09:36:16,90,43,1,133
2022-05-30T09:46:31,90,43,1,133
2022-05-30T09:56:46,90,43,1,133
2022-05-30T10:07:01,90,43,1,133
2022-05-30T10:17:16,90,43,1,133
2022-05-30T10:27:30,90,43,1,133
2022-05-30T10:38:02,90,43,1,133
2022-05-30T10:48:17,90,43,1,133
2022-05-30T10:58:32,90,43,1,133
2022-05-30T11:08:47,90,43,1,133
2022-05-30T11:19:01,90,43,1,133
2022-05-30T11:29:16,90,43,1,133
2022-05-30T11:39:30,90,43,1,133
2022-05-30T11:49:44,90,43,1,133
2022-05-30T11:59:59,90,43,1,133
2022-05-30T12:10:23,90,43,1,133
2022-05-30T12:20:38,90,43,1,133
2022-05-30T12:30:53,90,43,1,133
2022-05-30T12:41:07,90,43,1,133
2022-05-30T12:51:22,90,43,1,133
2022-05-30T13:01:36,90,43,1,133
2022-05-30T13:11:50,90,43,1,133
2022-05-30T13:22:21,90,43,1,133
2022-05-30T13:32:35,90,43,1,133
2022-05-30T13:42:50,90,43,1,133
2022-05-30T13:53:04,90,43,1,133
2022-05-30T14:03:19,90,43,1,133
2022-05-30T14:13:34,90,43,1,133
2022-05-30T14:23:49,90,43,1,133
2022-05-30T14:34:03,90,43,1,133
2022-05-30T14:44:28,90,43,1,133
2022-05-30T14:54:42,90,43,1,133
2022-05-30T15:04:57,90,43,1,133
2022-05-30T15:15:12,90,43,1,133
2022-05-30T15:25:26,90,43,1,133
2022-05-30T15:35:41,90,43,1,133
2022-05-30T15:45:56,90,43,1,133
2022-05-30T15:56:11,90,43,1,133
2022-05-30T16:06:35,90,43,1,133
2022-05-30T16:16:50,90,43,1,133
2022-05-30T16:27:05,90,43,1,133
2022-05-30T16:37:19,90,43,1,133
2022-05-30T16:47:34,90,43,1,133
2022-05-30T16:57:48,90,43,1,133
2022-05-30T17:08:04,90,43,1,133
2022-05-30T17:18:37,90,43,1,133
2022-05-30T17:28:52,90,43,1,133
2022-05-30T17:39:06,91,42,1,133
2022-05-30T17:49:21,91,42,1,133
2022-05-30T17:59:35,91,42,1,133
2022-05-30T18:09:50,91,42,1,133
2022-05-30T18:20:04,91,42,1,133
2022-05-30T18:30:19,91,42,1,133
2022-05-30T18:40:43,91,42,1,133
2022-05-30T18:50:57,91,42,1,133
2022-05-30T19:01:13,91,42,1,133
2022-05-30T19:11:28,91,42,1,133
2022-05-30T19:21:42,91,42,1,133
2022-05-30T19:31:57,91,42,1,133
2022-05-30T19:42:11,91,42,1,133
2022-05-30T19:52:36,91,42,1,133
2022-05-30T20:02:50,91,42,1,133
2022-05-30T20:13:05,91,42,1,133
2022-05-30T20:23:19,91,42,1,133
2022-05-30T20:33:34,91,42,1,133
2022-05-30T20:43:49,91,42,1,133
2022-05-30T20:54:21,91,42,1,133
2022-05-30T21:04:36,91,42,1,133
2022-05-30T21:14:51,91,42,1,133
2022-05-30T21:25:05,91,42,1,133
2022-05-30T21:35:20,91,42,1,133
2022-05-30T21:45:35,91,42,1,133
2022-05-30T21:55:51,91,42,1,133
2022-05-30T22:06:16,91,42,1,133
2022-05-30T22:16:31,91,42,1,133
2022-05-30T22:26:48,91,42,1,133
2022-05-30T22:37:03,91,42,1,133
2022-05-30T22:47:18,91,42,1,133
2022-05-30T22:57:50,91,42,1,133
2022-05-30T23:08:05,91,42,1,133
2022-05-30T23:18:20,91,42,1,133
2022-05-30T23:28:35,91,42,1,133
2022-05-30T23:38:50,91,42,1,133
2022-05-30T23:49:04,91,42,1,133
2022-05-30T23:59:28,91,42,1,133
2022-05-31T00:09:45,91,42,1,133
2022-05-31T00:20:02,91,42,1,133
2022-05-31T00:30:17,91,42,1,133
2022-05-31T00:40:32,91,42,1,133
2022-05-31T00:50:48,91,42,1,133
2022-05-31T01:01:02,91,42,1,133
2022-05-31T01:11:41,91,42,1,133
2022-05-31T01:21:56,91,42,1,133
2022-05-31T01:32:13,91,42,1,133
2022-05-31T01:42:27,91,42,1,133
2022-05-31T01:52:42,91,42,1,133
2022-05-31T02:02:57,91,42,1,133
2022-05-31T02:13:13,91,42,1,133
2022-05-31T02:23:28,91,42,1,133
2022-05-31T02:33:45,91,42,1,133
2022-05-31T02:44:00,91,42,1,133
2022-05-31T02:54:24,91,42,1,133
2022-05-31T03:04:39,91,42,1,133
2022-05-31T03:14:54,91,42,1,133
2022-05-31T03:25:10,91,42,1,133
2022-05-31T03:35:25,91,42,1,133
2022-05-31T03:45:41,91,42,1,133
2022-05-31T03:55:58,91,42,1,133
2022-05-31T04:06:15,91,42,1,133
2022-05-31T04:16:32,91,42,1,133
2022-05-31T04:33:38,91,42,1,133
2022-05-31T04:43:57,91,42,1,133
2022-05-31T04:54:14,91,42,1,133
2022-05-31T05:04:32,91,42,1,133
2022-05-31T05:14:48,91,42,1,133
2022-05-31T05:25:05,91,42,1,133
2022-05-31T05:35:22,91,42,1,133
2022-05-31T05:45:39,91,42,1,133
2022-05-31T05:55:56,91,42,1,133
2022-05-31T06:06:12,91,42,1,133
2022-05-31T06:16:27,91,42,1,133
2022-05-31T06:26:42,91,42,1,133
2022-05-31T06:36:57,91,42,1,133
2022-05-31T06:47:12,91,42,1,133
2022-05-31T06:57:29,91,42,1,133
2022-05-31T07:07:52,91,42,1,133
2022-05-31T07:18:12,91,42,1,133
2022-05-31T07:28:30,91,42,1,133
2022-05-31T07:38:50,91,42,1,133
2022-05-31T07:49:09,91,42,1,133
2022-05-31T07:59:30,91,42,1,133
2022-05-31T08:09:51,91,42,1,133
2022-05-31T08:20:11,91,42,1,133
2022-05-31T08:30:31,91,42,1,133
2022-05-31T08:41:04,91,42,1,133
2022-05-31T08:51:31,91,42,1,133
2022-05-31T09:02:02,91,42,1,133
2022-05-31T09:12:34,91,42,1,133
2022-05-31T09:23:01,91,42,1,133
2022-05-31T09:33:27,91,42,1,133
2022-05-31T09:43:55,91,42,1,133
2022-05-31T09:54:21,91,42,1,133
2022-05-31T10:05:00,91,42,1,133
2022-05-31T10:15:25,91,42,1,133
2022-05-31T10:25:49,91,42,1,133
2022-05-31T10:36:14,91,42,1,133
2022-05-31T10:46:35,91,42,1,133
2022-05-31T10:56:56,91,42,1,133
2022-05-31T11:07:38,91,42,1,133
2022-05-31T11:18:00,91,42,1,133
2022-05-31T11:28:22,92,41,1,133
2022-05-31T11:38:44,92,41,1,133
2022-05-31T11:49:18,92,41,1,133
2022-05-31T11:59:40,92,41,1,133
2022-05-31T12:10:01,92,41,1,133
2022-05-31T12:20:22,92,41,1,133
2022-05-31T12:30:44,92,41,1,133
2022-05-31T12:41:18,92,41,1,133
2022-05-31T12:51:39,92,41,1,133
2022-05-31T13:02:01,92,41,1,133
2022-05-31T13:12:23,92,41,1,133
2022-05-31T13:22:45,92,41,1,133
2022-05-31T13:33:18,92,41,1,133
2022-05-31T13:43:40,92,41,1,133
2022-05-31T13:54:03,92,41,1,133
2022-05-31T14:04:28,92,41,1,133
2022-05-31T14:15:11,92,41,1,133
2022-05-31T14:25:33,92,41,1,133
2022-05-31T14:35:56,92,41,1,133
2022-05-31T14:46:18,92,41,1,133
2022-05-31T14:56:41,92,41,1,133
2022-05-31T15:07:14,92,41,1,133
2022-05-31T15:17:37,92,41,1,133
2022-05-31T15:27:58,93,40,1,133
2022-05-31T15:38:21,93,40,1,133
2022-05-31T15:48:43,93,40,1,133
2022-05-31T15:59:04,94,39,1,133
2022-05-31T16:09:37,94,39,1,133
2022-05-31T16:19:58,94,39,1,133
2022-05-31T16:30:21,94,39,1,133
2022-05-31T16:40:42,94,39,1,133
2022-05-31T16:51:03,94,39,1,133
2022-05-31T17:01:34,94,39,1,133
2022-05-31T17:11:57,94,39,1,133
2022-05-31T17:22:18,94,39,1,133
2022-05-31T17:32:38,94,39,1,133
2022-05-31T17:42:58,94,39,1,133
2022-05-31T17:53:18,95,38,1,133
2022-05-31T18:03:51,95,38,1,133
2022-05-31T18:14:11,95,38,1,133
2022-05-31T18:24:32,95,38,1,133
2022-05-31T18:34:52,95,38,1,133
2022-05-31T18:45:14,95,38,1,133
2022-05-31T18:55:34,95,38,1,133
2022-05-31T19:06:07,95,38,1,133
2022-05-31T19:16:27,95,38,1,133
2022-05-31T19:26:48,96,37,1,133
2022-05-31T19:37:08,96,37,1,133
2022-05-31T19:47:28,96,37,1,133
2022-05-31T19:57:48,96,37,1,133
2022-05-31T20:08:21,96,37,1,133
2022-05-31T20:18:42,96,37,1,133
2022-05-31T20:29:02,96,37,1,133
2022-05-31T20:39:22,96,37,1,133
2022-05-31T20:49:41,96,37,1,133
2022-05-31T21:00:12,97,36,1,133
2022-05-31T21:10:32,97,36,1,133
2022-05-31T21:20:52,97,36,1,133
2022-05-31T21:31:11,97,36,1,133
2022-05-31T21:41:30,97,36,1,133
2022-05-31T21:52:11,97,36,1,133
2022-05-31T22:02:31,97,36,1,133
2022-05-31T22:12:50,97,36,1,133
2022-05-31T22:23:09,97,36,1,133
2022-05-31T22:33:29,97,36,1,133
2022-05-31T22:43:49,97,36,1,133
2022-05-31T22:54:08,97,36,1,133
2022-05-31T23:04:40,97,36,1,133
2022-05-31T23:14:59,97,36,1,133
2022-05-31T23:25:18,97,36,1,133
2022-05-31T23:35:38,97,36,1,133
2022-05-31T23:45:58,97,36,1,133
2022-05-31T23:56:17,97,36,1,133
2022-06-01T00:06:42,97,36,1,133
2022-06-01T00:17:15,97,36,1,133
2022-06-01T00:27:35,97,36,1,133
2022-06-01T00:37:57,97,36,1,133
2022-06-01T00:48:19,97,36,1,133
2022-06-01T00:58:40,97,36,1,133
2022-06-01T01:09:02,97,36,1,133
2022-06-01T01:19:22,97,36,1,133
2022-06-01T01:29:42,97,36,1,133
2022-06-01T01:40:01,97,36,1,133
2022-06-01T01:50:22,97,36,1,133
2022-06-01T02:00:42,97,36,1,133
2022-06-01T02:11:02,97,36,1,133
2022-06-01T02:21:36,97,36,1,133
2022-06-01T02:32:03,97,36,1,133
2022-06-01T02:42:23,97,36,1,133
2022-06-01T02:52:43,97,36,1,133
2022-06-01T03:03:02,97,36,1,133
2022-06-01T03:13:22,97,36,1,133
2022-06-01T03:23:41,97,36,1,133
2022-06-01T03:34:00,97,36,1,133
2022-06-01T03:44:20,97,36,1,133
2022-06-01T03:54:40,97,36,1,133
2022-06-01T04:05:01,97,36,1,133
2022-06-01T04:15:21,97,36,1,133
2022-06-01T04:29:50,97,36,1,133
2022-06-01T04:40:11,97,36,1,133
2022-06-01T04:50:31,97,36,1,133
2022-06-01T05:00:52,97,36,1,133
2022-06-01T05:12:15,97,36,1,133
2022-06-01T05:23:20,97,36,1,133
2022-06-01T05:33:41,97,36,1,133
2022-06-01T05:44:03,97,36,1,133
2022-06-01T05:54:25,97,36,1,133
2022-06-01T06:04:46,97,36,1,133
2022-06-01T06:15:06,97,36,1,133
2022-06-01T06:25:27,97,36,1,133
2022-06-01T06:35:47,97,36,1,133
2022-06-01T06:46:06,97,36,1,133
2022-06-01T06:56:24,97,36,1,133
2022-06-01T07:06:45,97,36,1,133
2022-06-01T07:17:04,97,36,1,133
2022-06-01T07:27:23,97,36,1,133
2022-06-01T07:37:43,97,36,1,133
2022-06-01T07:48:04,97,36,1,133
2022-06-01T07:58:27,97,36,1,133
2022-06-01T08:08:48,97,36,1,133
2022-06-01T08:19:08,97,36,1,133
2022-06-01T08:29:41,97,36,1,133
2022-06-01T08:40:02,97,36,1,133
2022-06-01T08:50:23,97,36,1,133
2022-06-01T09:00:44,97,36,1,133
2022-06-01T09:11:06,97,36,1,133
2022-06-01T09:21:29,97,36,1,133
2022-06-01T09:31:51,97,36,1,133
2022-06-01T09:42:13,97,36,1,133
2022-06-01T09:52:35,97,36,1,133
2022-06-01T10:02:57,97,36,1,133
2022-06-01T10:13:22,97,36,1,133
2022-06-01T10:23:56,97,36,1,133
2022-06-01T10:34:19,97,36,1,133
2022-06-01T10:44:42,97,36,1,133
2022-06-01T10:55:04,97,36,1,133
2022-06-01T11:05:32,97,36,1,133
2022-06-01T11:16:01,97,36,1,133
2022-06-01T11:26:29,97,36,1,133
2022-06-01T11:37:08,97,36,1,133
2022-06-01T11:47:34,97,36,1,133
2022-06-01T11:58:03,98,35,1,133
2022-06-01T12:08:33,98,35,2,133
2022-06-01T12:19:06,98,35,2,133
2022-06-01T12:29:47,98,35,2,133
2022-06-01T12:40:22,98,35,2,133
2022-06-01T12:50:55,98,35,2,133
2022-06-01T13:01:31,99,34,2,133
2022-06-01T13:12:03,99,34,2,133
2022-06-01T13:22:34,99,34,2,133
2022-06-01T13:33:16,99,34,2,133
2022-06-01T13:43:47,99,34,2,133
2022-06-01T13:54:17,100,33,2,133
2022-06-01T14:04:48,100,33,2,133
2022-06-01T14:15:18,100,33,2,133
2022-06-01T14:25:57,100,33,2,133
2022-06-01T14:36:25,100,33,2,133
2022-06-01T14:46:51,100,33,2,133
2022-06-01T14:57:15,101,32,2,133
2022-06-01T15:07:39,101,32,2,133
2022-06-01T15:18:17,101,32,2,133
2022-06-01T15:28:41,103,30,2,133
2022-06-01T15:39:05,104,29,2,133
2022-06-01T15:49:29,104,29,2,133
2022-06-01T15:59:52,104,29,2,133
2022-06-01T16:10:30,104,29,2,133
2022-06-01T16:20:54,104,29,2,133
2022-06-01T16:31:17,104,29,2,133
2022-06-01T16:41:41,106,27,2,133
2022-06-01T16:52:05,106,27,2,133
2022-06-01T17:02:42,106,27,2,133
2022-06-01T17:13:06,107,26,2,133
2022-06-01T17:23:30,107,26,2,133
2022-06-01T17:33:51,107,26,2,133
2022-06-01T17:44:13,107,26,2,133
2022-06-01T17:54:50,108,25,2,133
2022-06-01T18:05:13,108,25,2,133
2022-06-01T18:15:37,110,23,2,133
2022-06-01T18:25:59,110,23,2,133
2022-06-01T18:36:24,110,23,2,133
2022-06-01T18:46:58,110,23,2,133
2022-06-01T18:57:21,111,22,2,133
2022-06-01T19:07:42,111,22,2,133
2022-06-01T19:18:04,112,21,2,133
2022-06-01T19:28:28,112,21,2,133
2022-06-01T19:39:02,112,21,2,133
2022-06-01T19:49:24,112,21,2,133
2022-06-01T19:59:46,112,21,2,133
2022-06-01T20:10:09,113,20,2,133
2022-06-01T20:20:31,114,19,2,133
2022-06-01T20:31:06,115,18,2,133
2022-06-01T20:41:29,116,17,3,133
2022-06-01T20:51:51,116,17,4,133
2022-06-01T21:02:12,118,15,4,133
2022-06-01T21:12:33,119,14,4,133
2022-06-01T21:23:07,119,14,4,133
2022-06-01T21:33:29,119,14,4,133
2022-06-01T21:43:51,120,13,5,133
2022-06-01T21:54:13,120,13,4,133
2022-06-01T22:04:36,120,13,4,133
2022-06-01T22:14:57,120,13,4,133
2022-06-01T22:25:32,120,13,4,133
2022-06-01T22:35:54,120,13,4,133
2022-06-01T22:46:15,121,12,4,133
2022-06-01T22:56:35,121,12,4,133
2022-06-01T23:06:56,121,12,4,133
2022-06-01T23:17:18,121,12,4,133
2022-06-01T23:27:51,121,12,4,133
2022-06-01T23:38:12,121,12,4,133
2022-06-01T23:48:34,121,12,4,133
2022-06-01T23:58:54,121,12,4,133
2022-06-02T00:09:17,121,12,4,133
2022-06-02T00:19:54,121,12,4,133
2022-06-02T00:30:16,121,12,4,133
2022-06-02T00:40:40,122,11,5,133
2022-06-02T00:51:02,122,11,5,133
2022-06-02T01:01:25,122,11,5,133
2022-06-02T01:11:46,122,11,5,133
2022-06-02T01:22:08,122,11,5,133
2022-06-02T01:32:31,122,11,5,133
2022-06-02T01:42:52,122,11,5,133
2022-06-02T01:53:15,122,11,5,133
2022-06-02T02:03:40,122,11,5,133
2022-06-02T02:14:08,122,11,5,133
2022-06-02T02:24:44,122,11,5,133
2022-06-02T02:35:07,122,11,5,133
2022-06-02T02:45:30,122,11,5,133
2022-06-02T02:55:55,122,11,5,133
2022-06-02T03:06:18,122,11,5,133
2022-06-02T03:16:40,122,11,5,133
2022-06-02T03:27:06,122,11,5,133
2022-06-02T03:37:34,122,11,5,133
2022-06-02T03:48:00,122,11,5,133
2022-06-02T03:58:28,122,11,5,133
2022-06-02T04:11:47,122,11,5,133
2022-06-02T04:32:58,122,11,5,133
2022-06-02T04:43:28,122,11,5,133
2022-06-02T04:54:00,122,11,5,133
2022-06-02T05:04:29,122,11,5,133
2022-06-02T05:14:58,122,11,5,133
2022-06-02T05:25:27,122,11,5,133
2022-06-02T05:35:53,122,11,5,133
2022-06-02T05:46:19,122,11,5,133
2022-06-02T05:56:45,122,11,5,133
2022-06-02T06:07:08,122,11,5,133
2022-06-02T06:17:31,122,11,5,133
2022-06-02T06:27:53,122,11,5,133
2022-06-02T06:38:16,122,11,5,133
2022-06-02T06:48:38,122,11,5,133
2022-06-02T06:58:59,122,11,5,133
2022-06-02T07:09:24,122,11,5,133
2022-06-02T07:19:47,122,11,5,133
2022-06-02T07:30:08,122,11,5,133
2022-06-02T07:40:30,122,11,5,133
2022-06-02T07:50:52,122,11,5,133
2022-06-02T09:37:37,125,8,7,133
2022-06-02T09:48:01,126,7,7,133
2022-06-02T09:58:27,126,7,7,133
2022-06-02T10:08:56,127,6,8,133
2022-06-02T10:19:21,127,6,8,133
2022-06-02T10:29:46,126,7,8,133
2022-06-02T10:40:21,126,7,8,133
2022-06-02T10:50:47,126,7,8,133
2022-06-02T11:01:14,125,8,9,133
2022-06-02T11:11:41,125,8,9,133
2022-06-02T11:22:06,126,7,9,133
2022-06-02T11:32:47,126,7,9,133
2022-06-02T11:43:12,126,7,9,133
2022-06-02T11:53:37,128,5,8,133
2022-06-02T12:04:02,128,5,8,133
2022-06-02T12:14:26,128,5,8,133
2022-06-02T12:25:01,128,5,8,133
2022-06-02T12:35:25,128,5,9,133
2022-06-02T12:45:50,128,5,9,133
2022-06-02T12:56:14,130,3,10,133
2022-06-02T13:06:39,130,3,10,133
2022-06-02T13:17:04,130,3,10,133
2022-06-02T13:27:46,130,3,10,133
2022-06-02T13:38:21,130,3,10,133
2022-06-02T13:48:55,130,3,10,133
2022-06-02T13:59:32,130,3,10,133
2022-06-02T14:10:14,130,3,10,133
2022-06-02T14:20:53,130,3,10,133
2022-06-02T14:31:42,130,3,10,133
2022-06-02T14:42:17,131,2,10,133
2022-06-02T14:52:48,131,2,10,133
2022-06-02T15:03:27,131,2,10,133
2022-06-02T15:14:00,131,2,10,133
2022-06-02T15:24:34,131,2,10,133
2022-06-02T15:35:19,131,2,10,133
2022-06-02T15:45:51,131,2,10,133
2022-06-02T15:56:24,132,1,10,133
2022-06-02T16:06:56,132,1,10,133
2022-06-02T16:17:29,132,1,10,133
2022-06-02T16:28:01,132,1,10,133
2022-06-02T16:38:28,132,1,10,133
2022-06-02T16:49:07,132,1,10,133
2022-06-02T16:59:32,132,1,10,133
2022-06-02T17:09:55,132,1,10,133
2022-06-02T17:20:18,132,1,10,133
2022-06-02T17:30:40,131,2,10,133
2022-06-02T17:41:02,131,2,10,133
2022-06-02T17:51:24,131,2,10,133
2022-06-02T18:01:57,131,2,10,133
2022-06-02T18:12:20,131,2,10,133
2022-06-02T18:22:42,131,2,10,133
2022-06-02T18:33:04,131,2,10,133
2022-06-02T18:43:26,131,2,10,133
2022-06-02T18:53:48,131,2,10,133
2022-06-02T19:04:11,131,2,10,133
2022-06-02T19:14:33,131,2,10,133
2022-06-02T19:24:55,131,2,10,133
2022-06-02T19:35:27,131,2,10,133
2022-06-02T19:45:49,131,2,10,133
2022-06-02T19:56:11,131,2,10,133
2022-06-02T20:06:33,131,2,10,133
2022-06-02T20:16:55,131,2,10,133
2022-06-02T20:27:18,131,2,10,133
2022-06-02T20:37:40,131,2,10,133
2022-06-02T20:48:02,131,2,10,133
2022-06-02T20:58:24,131,2,10,133
2022-06-02T21:08:58,131,2,10,133
2022-06-02T21:19:20,131,2,10,133
2022-06-02T21:29:41,131,2,10,133
2022-06-02T21:40:03,131,2,10,133
2022-06-02T21:50:25,132,1,10,133
2022-06-02T22:00:47,132,1,10,133
2022-06-02T22:11:09,132,1,10,133
2022-06-02T22:21:31,132,1,10,133
2022-06-02T22:31:55,132,1,10,133
2022-06-02T22:42:36,132,1,10,133
2022-06-02T22:53:02,132,1,10,133
2022-06-02T23:03:29,132,1,10,133
2022-06-02T23:13:56,132,1,10,133
2022-06-02T23:24:24,132,1,10,133
2022-06-02T23:34:51,132,1,10,133
2022-06-02T23:45:20,132,1,10,133
2022-06-02T23:55:52,132,1,10,133
2022-06-03T00:06:23,132,1,10,133
2022-06-03T00:17:10,131,2,11,133
2022-06-03T00:27:44,131,2,11,133
2022-06-03T00:38:18,131,2,11,133
2022-06-03T00:48:49,131,2,11,133
2022-06-03T00:59:19,131,2,11,133
2022-06-03T01:09:57,131,2,11,133
2022-06-03T01:20:26,131,2,11,133
2022-06-03T01:30:53,131,2,11,133
2022-06-03T01:41:19,131,2,11,133
2022-06-03T01:51:43,131,2,11,133
2022-06-03T02:02:06,131,2,11,133
2022-06-03T02:12:28,131,2,11,133
2022-06-03T02:22:50,131,2,11,133
2022-06-03T02:33:25,131,2,11,133
2022-06-03T02:43:48,131,2,11,133
2022-06-03T02:54:12,131,2,11,133
2022-06-03T03:04:35,131,2,11,133
2022-06-03T03:14:57,131,2,11,133
2022-06-03T03:25:19,131,2,11,133
2022-06-03T03:35:40,131,2,11,133
2022-06-03T03:46:04,131,2,11,133
2022-06-03T03:58:46,131,2,11,133
2022-06-03T04:09:33,131,2,11,133
2022-06-03T04:20:57,131,2,11,133
2022-06-03T04:31:43,131,2,11,133
2022-06-03T04:42:08,131,2,11,133
2022-06-03T04:52:31,131,2,11,133
2022-06-03T05:02:55,131,2,11,133
2022-06-03T05:13:21,131,2,11,133
2022-06-03T05:23:45,131,2,11,133
2022-06-03T05:34:08,131,2,11,133
2022-06-03T05:44:34,131,2,11,133
2022-06-03T05:54:58,131,2,11,133
2022-06-03T06:05:22,131,2,11,133
2022-06-03T06:15:45,131,2,11,133
2022-06-03T06:26:09,131,2,11,133
2022-06-03T06:36:33,131,2,11,133
2022-06-03T06:46:54,131,2,11,133
2022-06-03T06:57:16,131,2,11,133
2022-06-03T07:07:39,131,2,11,133
2022-06-03T07:18:01,131,2,11,133
2022-06-03T07:28:23,131,2,11,133
2022-06-03T07:38:45,131,2,11,133
2022-06-03T07:49:06,131,2,11,133
2022-06-03T07:59:29,131,2,11,133
2022-06-03T08:09:51,131,2,11,133
2022-06-03T08:20:13,131,2,11,133
2022-06-03T08:30:36,131,2,11,133
2022-06-03T08:40:59,131,2,11,133
2022-06-03T08:51:21,131,2,11,133
2022-06-03T09:01:44,131,2,11,133
2022-06-03T09:12:12,131,2,11,133
2022-06-03T09:22:37,131,2,11,133
2022-06-03T09:33:12,131,2,11,133
2022-06-03T09:43:35,131,2,11,133
2022-06-03T09:53:59,131,2,11,133
2022-06-03T10:04:22,131,2,11,133
2022-06-03T10:14:47,131,2,11,133
2022-06-03T10:25:11,131,2,11,133
2022-06-03T10:35:34,131,2,11,133
2022-06-03T10:46:00,131,2,11,133
2022-06-03T10:56:25,131,2,11,133
2022-06-03T11:06:51,131,2,11,133
2022-06-03T11:17:29,131,2,11,133
2022-06-03T11:27:53,131,2,11,133
2022-06-03T11:38:18,131,2,11,133
2022-06-03T11:48:42,131,2,11,133
2022-06-03T11:59:07,131,2,11,133
2022-06-03T12:09:32,131,2,11,133
2022-06-03T12:19:56,131,2,11,133
2022-06-03T12:30:20,131,2,11,133
2022-06-03T12:40:45,131,2,11,133
2022-06-03T12:51:09,131,2,11,133
2022-06-03T13:01:33,131,2,11,133
2022-06-03T13:11:58,131,2,11,133
2022-06-03T13:22:35,131,2,11,133
2022-06-03T13:32:59,131,2,11,133
2022-06-03T13:43:32,131,2,11,133
2022-06-03T13:53:56,131,2,11,133
2022-06-03T14:04:21,131,2,10,133
2022-06-03T14:15:20,131,2,10,133
2022-06-03T14:25:48,131,2,10,133
2022-06-03T14:36:16,131,2,10,133
2022-06-03T14:46:55,130,3,10,133
2022-06-03T14:57:21,130,3,10,133
2022-06-03T15:07:46,130,3,10,133
2022-06-03T15:18:11,130,3,10,133
2022-06-03T15:28:36,130,3,10,133
2022-06-03T15:39:00,130,3,10,133
2022-06-03T15:49:25,130,3,10,133
2022-06-03T15:59:49,130,3,10,133
2022-06-03T16:10:14,130,3,10,133
2022-06-03T16:20:38,130,3,10,133
2022-06-03T16:31:02,130,3,10,133
2022-06-03T16:41:26,130,3,10,133
2022-06-03T16:52:03,130,3,10,133
2022-06-03T17:02:27,130,3,10,133
2022-06-03T17:12:51,130,3,10,133
2022-06-03T17:23:15,130,3,10,133
2022-06-03T17:33:39,130,3,10,133
2022-06-03T17:44:06,130,3,10,133
2022-06-03T17:54:29,130,3,10,133
2022-06-03T18:05:03,130,3,10,133
2022-06-03T18:15:26,130,3,10,133
2022-06-03T18:25:50,130,3,10,133
2022-06-03T18:36:13,130,3,10,133
2022-06-03T18:46:35,130,3,10,133
2022-06-03T18:56:58,130,3,10,133
2022-06-03T19:07:21,130,3,10,133
2022-06-03T19:17:44,130,3,10,133
2022-06-03T19:28:07,130,3,10,133
2022-06-03T19:38:30,130,3,10,133
2022-06-03T19:48:52,130,3,10,133
2022-06-03T19:59:27,130,3,10,133
2022-06-03T20:09:50,130,3,10,133
2022-06-03T20:20:13,130,3,10,133
2022-06-03T20:30:36,130,3,10,133
2022-06-03T20:40:59,130,3,10,133
2022-06-03T20:51:22,130,3,10,133
2022-06-03T21:01:44,130,3,10,133
2022-06-03T21:12:07,130,3,10,133
2022-06-03T21:22:29,130,3,10,133
2022-06-03T21:32:52,130,3,10,133
2022-06-03T21:43:25,130,3,10,133
2022-06-03T21:53:47,130,3,11,133
2022-06-03T22:04:10,130,3,11,133
2022-06-03T22:14:33,130,3,11,133
2022-06-03T22:25:00,130,3,11,133
2022-06-03T22:35:30,132,1,9,133
2022-06-03T22:45:56,132,1,9,133
2022-06-03T22:56:25,132,1,9,133
2022-06-03T23:07:08,132,1,9,133
2022-06-03T23:17:38,132,1,9,133
2022-06-03T23:28:09,132,1,9,133
2022-06-03T23:38:35,132,1,9,133
2022-06-03T23:49:04,132,1,9,133
2022-06-03T23:59:33,132,1,9,133
2022-06-04T00:10:00,132,1,9,133
2022-06-04T00:20:30,132,1,9,133
2022-06-04T00:30:59,132,1,9,133
2022-06-04T00:41:42,132,1,9,133
2022-06-04T00:52:14,132,1,9,133
2022-06-04T01:02:43,132,1,9,133
2022-06-04T01:13:14,132,1,9,133
2022-06-04T01:23:44,132,1,9,133
2022-06-04T01:34:15,132,1,9,133
2022-06-04T01:44:46,132,1,9,133
2022-06-04T01:55:16,132,1,9,133
2022-06-04T02:05:42,132,1,9,133
2022-06-04T02:16:08,132,1,9,133
2022-06-04T02:26:31,132,1,9,133
2022-06-04T02:36:54,132,1,9,133
2022-06-04T02:47:16,132,1,9,133
2022-06-04T02:57:37,132,1,9,133
2022-06-04T03:07:59,132,1,9,133
2022-06-04T03:18:21,132,1,9,133
2022-06-04T03:28:43,132,1,9,133
2022-06-04T03:39:06,132,1,9,133
2022-06-04T03:49:32,132,1,9,133
2022-06-04T04:00:06,132,1,9,133
2022-06-04T04:10:31,132,1,9,133
2022-06-04T04:20:47,132,1,9,133
2022-06-04T04:31:29,132,1,9,133
2022-06-04T04:41:55,132,1,9,133
2022-06-04T04:52:19,132,1,9,133
2022-06-04T05:02:44,132,1,9,133
2022-06-04T05:13:08,132,1,9,133
2022-06-04T05:23:32,132,1,9,133
2022-06-04T05:33:57,132,1,9,133
2022-06-04T05:44:21,132,1,9,133
2022-06-04T05:54:47,132,1,9,133
2022-06-04T06:05:11,132,1,9,133
2022-06-04T06:15:34,132,1,9,133
2022-06-04T06:25:58,132,1,9,133
2022-06-04T06:36:22,132,1,9,133
2022-06-04T06:46:46,132,1,9,133
2022-06-04T06:57:10,132,1,9,133
2022-06-04T07:07:34,132,1,9,133
2022-06-04T07:17:58,132,1,9,133
2022-06-04T07:28:23,132,1,9,133
2022-06-04T07:38:49,132,1,9,133
2022-06-04T07:49:14,132,1,9,133
2022-06-04T07:59:39,132,1,9,133
2022-06-04T08:10:03,132,1,9,133
2022-06-04T08:20:26,132,1,9,133
2022-06-04T08:30:50,132,1,9,133
2022-06-04T08:41:22,132,1,9,133
2022-06-04T08:51:46,132,1,9,133
2022-06-04T09:02:09,132,1,9,133
2022-06-04T09:12:32,132,1,9,133
2022-06-04T09:22:56,132,1,9,133
2022-06-04T09:33:19,132,1,8,133
2022-06-04T09:43:42,132,1,8,133
2022-06-04T09:54:04,132,1,8,133
2022-06-04T10:04:27,132,1,8,133
2022-06-04T10:14:49,132,1,8,133
2022-06-04T10:25:12,132,1,8,133
2022-06-04T10:35:34,132,1,8,133
2022-06-04T10:45:57,132,1,8,133
2022-06-04T10:56:20,132,1,8,133
2022-06-04T11:06:42,132,1,8,133
2022-06-04T11:17:07,132,1,8,133
2022-06-04T11:27:41,132,1,8,133
2022-06-04T11:38:03,132,1,8,133
2022-06-04T11:48:26,132,1,8,133
2022-06-04T11:58:48,132,1,8,133
2022-06-04T12:09:10,132,1,8,133
2022-06-04T12:19:32,132,1,8,133
2022-06-04T12:29:57,132,1,8,133
2022-06-04T12:40:19,132,1,8,133
2022-06-04T12:50:42,132,1,8,133
2022-06-04T13:01:16,132,1,8,133
2022-06-04T13:11:38,132,1,8,133
2022-06-04T13:22:00,132,1,8,133
2022-06-04T13:32:22,132,1,8,133
2022-06-04T13:42:45,132,1,8,133
2022-06-04T13:53:08,132,1,8,133
2022-06-04T14:03:30,132,1,8,133
2022-06-04T14:13:53,132,1,8,133
2022-06-04T14:24:15,132,1,8,133
2022-06-04T14:34:38,132,1,8,133
2022-06-04T14:45:13,132,1,8,133
2022-06-04T14:55:35,132,1,8,133
2022-06-04T15:05:58,132,1,8,133
2022-06-04T15:16:20,132,1,8,133
2022-06-04T15:26:42,132,1,8,133
2022-06-04T15:37:05,132,1,8,133
2022-06-04T15:47:27,132,1,8,133
2022-06-04T15:57:49,132,1,8,133
2022-06-04T16:08:11,132,1,8,133
2022-06-04T16:18:34,132,1,8,133
2022-06-04T16:28:56,132,1,8,133
2022-06-04T16:39:19,132,1,8,133
2022-06-04T16:49:41,132,1,8,133
2022-06-04T17:00:15,132,1,8,133
2022-06-04T17:10:37,132,1,8,133
2022-06-04T17:21:01,132,1,8,133
2022-06-04T17:31:23,132,1,8,133
2022-06-04T17:41:45,132,1,8,133
2022-06-04T17:52:07,132,1,8,133
2022-06-04T18:02:29,132,1,8,133
2022-06-04T18:12:52,132,1,8,133
2022-06-04T18:23:15,132,1,8,133
2022-06-04T18:33:39,132,1,8,133
2022-06-04T18:44:01,132,1,8,133
2022-06-04T18:54:23,132,1,8,133
2022-06-04T19:04:56,132,1,8,133
2022-06-04T19:15:19,132,1,8,133
2022-06-04T19:25:41,132,1,8,133
2022-06-04T19:36:02,132,1,8,133
2022-06-04T19:46:24,132,1,9,133
2022-06-04T19:56:46,132,1,8,133
2022-06-04T20:07:08,132,1,8,133
2022-06-04T20:17:30,132,1,8,133
2022-06-04T20:27:52,132,1,8,133
2022-06-04T20:38:15,132,1,8,133
2022-06-04T20:48:37,132,1,8,133
2022-06-04T20:59:00,132,1,8,133
2022-06-04T21:09:35,132,1,8,133
2022-06-04T21:19:57,132,1,8,133
2022-06-04T21:30:19,132,1,8,133
2022-06-04T21:40:41,132,1,8,133
2022-06-04T21:51:03,132,1,8,133
2022-06-04T22:01:25,132,1,8,133
2022-06-04T22:11:48,132,1,8,133
2022-06-04T22:22:11,132,1,8,133
2022-06-04T22:32:33,132,1,8,133
2022-06-04T22:42:56,132,1,8,133
2022-06-04T22:53:18,132,1,8,133
2022-06-04T23:03:53,132,1,8,133
2022-06-04T23:14:16,132,1,8,133
2022-06-04T23:24:38,132,1,8,133
2022-06-04T23:35:01,132,1,8,133
2022-06-04T23:45:23,132,1,8,133
2022-06-04T23:55:45,132,1,8,133
2022-06-05T00:06:09,132,1,8,133
2022-06-05T00:16:34,132,1,8,133
2022-06-05T00:26:57,132,1,8,133
2022-06-05T00:37:21,132,1,8,133
2022-06-05T00:47:45,132,1,8,133
2022-06-05T00:58:19,132,1,8,133
2022-06-05T01:08:42,132,1,8,133
2022-06-05T01:19:05,132,1,8,133
2022-06-05T01:29:28,132,1,8,133
2022-06-05T01:39:52,132,1,8,133
2022-06-05T01:50:16,132,1,8,133
2022-06-05T02:00:40,132,1,8,133
2022-06-05T02:11:10,132,1,8,133
2022-06-05T02:21:34,132,1,8,133
2022-06-05T02:31:58,132,1,8,133
2022-06-05T02:42:21,132,1,8,133
2022-06-05T02:52:44,132,1,8,133
2022-06-05T03:03:06,132,1,8,133
2022-06-05T03:13:29,132,1,8,133
2022-06-05T03:24:02,132,1,8,133
2022-06-05T03:34:25,132,1,8,133
2022-06-05T03:44:50,132,1,8,133
2022-06-05T03:55:14,132,1,8,133
2022-06-05T04:05:39,132,1,8,133
2022-06-05T04:20:44,132,1,8,133
2022-06-05T04:32:20,132,1,8,133
2022-06-05T04:43:00,132,1,8,133
2022-06-05T04:53:25,132,1,8,133
2022-06-05T05:03:52,132,1,8,133
2022-06-05T05:14:19,132,1,8,133
2022-06-05T05:24:44,132,1,8,133
2022-06-05T05:35:08,132,1,8,133
2022-06-05T05:45:33,132,1,8,133
2022-06-05T05:55:57,132,1,8,133
2022-06-05T06:06:19,132,1,8,133
2022-06-05T06:16:42,132,1,8,133
2022-06-05T06:27:05,132,1,8,133
2022-06-05T06:37:28,132,1,8,133
2022-06-05T06:47:50,132,1,8,133
2022-06-05T06:58:11,132,1,8,133
2022-06-05T07:08:34,132,1,8,133
2022-06-05T07:18:59,132,1,8,133
2022-06-05T07:29:21,132,1,8,133
2022-06-05T07:39:44,132,1,8,133
2022-06-05T07:50:08,132,1,8,133
2022-06-05T08:00:31,132,1,8,133
2022-06-05T08:10:53,132,1,8,133
2022-06-05T08:21:16,132,1,8,133
2022-06-05T08:31:39,132,1,8,133
2022-06-05T08:42:02,132,1,8,133
2022-06-05T08:52:24,132,1,8,133
2022-06-05T09:02:46,132,1,8,133
2022-06-05T09:13:09,132,1,8,133
2022-06-05T09:23:31,132,1,8,133
2022-06-05T09:33:53,132,1,8,133
2022-06-05T09:44:14,132,1,8,133
2022-06-05T09:54:37,132,1,8,133
2022-06-05T10:05:01,132,1,8,133
2022-06-05T10:15:25,132,1,8,133
2022-06-05T10:26:06,132,1,8,133
2022-06-05T10:36:29,132,1,8,133
2022-06-05T10:46:51,132,1,8,133
2022-06-05T10:57:14,132,1,8,133
2022-06-05T11:07:37,132,1,8,133
2022-06-05T11:18:00,132,1,8,133
2022-06-05T11:28:23,132,1,8,133
2022-06-05T11:38:45,132,1,8,133
2022-06-05T11:49:07,132,1,8,133
2022-06-05T11:59:30,132,1,8,133
2022-06-05T12:09:52,132,1,8,133
2022-06-05T12:20:15,132,1,8,133
2022-06-05T12:30:37,132,1,8,133
2022-06-05T12:41:00,132,1,8,133
2022-06-05T12:51:22,132,1,8,133
2022-06-05T13:01:46,132,1,8,133
2022-06-05T13:12:19,132,1,8,133
2022-06-05T13:22:41,132,1,8,133
2022-06-05T13:33:04,132,1,8,133
2022-06-05T13:43:26,132,1,8,133
2022-06-05T13:53:48,132,1,8,133
2022-06-05T14:04:10,132,1,8,133
2022-06-05T14:14:33,132,1,8,133
2022-06-05T14:24:55,132,1,8,133
2022-06-05T14:35:18,132,1,8,133
2022-06-05T14:45:41,132,1,8,133
2022-06-05T14:56:03,132,1,8,133
2022-06-05T15:06:53,132,1,8,133
2022-06-05T15:17:15,132,1,8,133
2022-06-05T15:27:37,132,1,8,133
2022-06-05T15:38:02,132,1,8,133
2022-06-05T15:48:25,132,1,8,133
2022-06-05T15:58:47,132,1,8,133
2022-06-05T16:09:10,132,1,8,133
2022-06-05T16:19:33,132,1,8,133
2022-06-05T16:29:55,132,1,8,133
2022-06-05T16:40:17,132,1,8,133
2022-06-05T16:50:40,132,1,8,133
2022-06-05T17:01:02,132,1,8,133
2022-06-05T17:11:36,132,1,8,133
2022-06-05T17:21:58,132,1,8,133
2022-06-05T17:32:21,132,1,8,133
2022-06-05T17:42:43,132,1,8,133
2022-06-05T17:53:06,132,1,8,133
2022-06-05T18:03:28,132,1,8,133
2022-06-05T18:13:50,132,1,8,133
2022-06-05T18:24:15,132,1,8,133
2022-06-05T18:34:38,132,1,8,133
2022-06-05T18:45:00,132,1,8,133
2022-06-05T18:55:23,132,1,8,133
2022-06-05T19:05:46,132,1,8,133
2022-06-05T19:16:27,132,1,8,133
2022-06-05T19:26:49,132,1,8,133
2022-06-05T19:37:12,132,1,8,133
2022-06-05T19:47:34,132,1,8,133
2022-06-05T19:57:57,132,1,8,133
2022-06-05T20:08:19,132,1,7,133
2022-06-05T20:18:42,132,1,7,133
2022-06-05T20:29:05,132,1,7,133
2022-06-05T20:39:28,132,1,7,133
2022-06-05T20:49:50,132,1,7,133
2022-06-05T21:00:13,132,1,7,133
2022-06-05T21:10:36,132,1,7,133
2022-06-05T21:20:58,132,1,7,133
2022-06-05T21:31:39,132,1,7,133
2022-06-05T21:42:01,132,1,7,133
2022-06-05T21:52:24,132,1,7,133
2022-06-05T22:02:46,132,1,7,133
2022-06-05T22:13:09,132,1,7,133
2022-06-05T22:23:31,132,1,7,133
2022-06-05T22:33:54,132,1,7,133
2022-06-05T22:44:17,132,1,7,133
2022-06-05T22:54:41,132,1,7,133
2022-06-05T23:05:05,132,1,7,133
2022-06-05T23:15:27,132,1,7,133
2022-06-05T23:25:52,132,1,7,133
2022-06-05T23:36:25,132,1,7,133
2022-06-05T23:46:48,132,1,7,133
2022-06-05T23:57:11,132,1,7,133
2022-06-06T00:07:34,132,1,7,133
2022-06-06T00:18:00,132,1,7,133
2022-06-06T00:28:24,132,1,7,133
2022-06-06T00:38:50,132,1,7,133
2022-06-06T00:49:13,133,0,7,133
2022-06-06T00:59:37,133,0,7,133
2022-06-06T01:10:10,133,0,7,133
2022-06-06T01:20:34,133,0,7,133
2022-06-06T01:30:58,133,0,7,133
2022-06-06T01:41:23,133,0,7,133
2022-06-06T01:51:46,133,0,7,133
2022-06-06T02:02:11,133,0,7,133
2022-06-06T02:12:55,133,0,7,133
2022-06-06T02:23:22,133,0,7,133
2022-06-06T02:33:51,133,0,7,133
2022-06-06T02:44:20,133,0,7,133
2022-06-06T02:54:47,133,0,7,133
2022-06-06T03:05:12,133,0,7,133
2022-06-06T03:15:38,133,0,7,133
2022-06-06T03:26:08,133,0,7,133
2022-06-06T03:36:36,133,0,7,133
2022-06-06T03:47:06,133,0,7,133
2022-06-06T03:57:37,133,0,7,133
2022-06-06T04:08:09,133,0,7,133
2022-06-06T04:20:44,133,0,7,133
2022-06-06T04:31:28,133,0,7,133
2022-06-06T04:41:53,133,0,7,133
2022-06-06T04:52:25,133,0,7,133
2022-06-06T05:03:00,133,0,7,133
2022-06-06T05:13:34,133,0,7,133
2022-06-06T05:24:09,133,0,7,133
2022-06-06T05:34:44,133,0,7,133
2022-06-06T05:45:15,133,0,7,133
2022-06-06T05:55:52,133,0,7,133
2022-06-06T06:06:26,133,0,7,133
2022-06-06T06:16:55,133,0,7,133
2022-06-06T06:27:20,133,0,7,133
2022-06-06T06:37:46,133,0,7,133
2022-06-06T06:48:11,133,0,7,133
2022-06-06T06:58:33,133,0,7,133
2022-06-06T07:08:57,133,0,7,133
2022-06-06T07:19:20,133,0,7,133
2022-06-06T07:29:43,133,0,7,133
2022-06-06T07:40:06,133,0,7,133
2022-06-06T07:50:30,133,0,7,133
2022-06-06T08:00:53,133,0,7,133
2022-06-06T08:11:16,133,0,7,133
2022-06-06T08:21:40,133,0,7,133
2022-06-06T08:32:04,133,0,7,133
2022-06-06T08:42:27,133,0,7,133
2022-06-06T08:52:51,133,0,7,133
2022-06-06T09:03:15,133,0,7,133
2022-06-06T09:13:39,133,0,7,133
2022-06-06T09:24:03,133,0,7,133
2022-06-06T09:34:38,133,0,7,133
2022-06-06T09:45:03,133,0,7,133
2022-06-06T09:55:27,133,0,7,133
2022-06-06T10:05:52,133,0,7,133
2022-06-06T10:16:17,133,0,7,133
2022-06-06T10:26:42,133,0,7,133
2022-06-06T10:37:07,133,0,7,133
2022-06-06T10:47:32,133,0,7,133
2022-06-06T10:57:57,133,0,7,133
2022-06-06T11:08:21,133,0,7,133
2022-06-06T11:18:46,133,0,7,133
2022-06-06T11:29:10,133,0,7,133
2022-06-06T11:39:46,133,0,7,133
2022-06-06T11:50:11,133,0,7,133
2022-06-06T12:00:35,133,0,7,133
2022-06-06T12:10:59,133,0,7,133
2022-06-06T12:21:23,133,0,7,133
2022-06-06T12:31:48,133,0,7,133
2022-06-06T12:42:11,133,0,7,133
2022-06-06T12:52:46,133,0,7,133
2022-06-06T13:03:09,133,0,7,133
2022-06-06T13:13:33,133,0,7,133
2022-06-06T13:23:57,133,0,7,133
2022-06-06T13:34:22,133,0,7,133
2022-06-06T13:44:47,133,0,7,133
2022-06-06T13:55:11,133,0,7,133
2022-06-06T14:05:35,133,0,7,133
2022-06-06T14:16:01,133,0,7,133
2022-06-06T14:26:25,133,0,7,133
2022-06-06T14:36:50,133,0,7,133
2022-06-06T14:47:25,133,0,7,133
2022-06-06T14:57:50,133,0,7,133
2022-06-06T15:08:16,133,0,7,133
2022-06-06T15:18:41,133,0,7,133
2022-06-06T15:29:05,133,0,7,133
2022-06-06T15:39:30,133,0,7,133
2022-06-06T15:49:54,133,0,7,133
2022-06-06T16:00:18,133,0,7,133
2022-06-06T16:10:54,133,0,7,133
2022-06-06T16:21:19,133,0,7,133
2022-06-06T16:31:43,133,0,7,133
2022-06-06T16:42:06,133,0,7,133
2022-06-06T16:52:30,133,0,7,133
2022-06-06T17:02:53,133,0,7,133
2022-06-06T17:13:17,133,0,7,133
2022-06-06T17:23:40,133,0,7,133
2022-06-06T17:34:03,133,0,7,133
2022-06-06T17:44:26,133,0,7,133
2022-06-06T17:54:49,133,0,7,133
2022-06-06T18:05:13,133,0,7,133
2022-06-06T18:15:48,133,0,7,133
2022-06-06T18:26:11,133,0,7,133
2022-06-06T18:36:34,133,0,7,133
2022-06-06T18:46:57,133,0,7,133
2022-06-06T18:57:20,133,0,7,133
2022-06-06T19:07:43,133,0,7,133
2022-06-06T19:18:06,133,0,7,133
2022-06-06T19:28:31,133,0,7,133
2022-06-06T19:38:59,133,0,7,133
2022-06-06T19:49:25,133,0,7,133
2022-06-06T20:00:03,133,0,7,133
2022-06-06T20:10:31,133,0,7,133
2022-06-06T20:21:00,133,0,7,133
2022-06-06T20:31:30,133,0,7,133
2022-06-06T20:41:59,133,0,7,133
2022-06-06T20:52:30,133,0,7,133
2022-06-06T21:03:03,133,0,7,133
2022-06-06T21:13:37,133,0,7,133
2022-06-06T21:24:10,133,0,7,133
2022-06-06T21:34:45,133,0,7,133
2022-06-06T21:45:17,133,0,7,133
2022-06-06T21:55:51,133,0,7,133
2022-06-06T22:06:38,133,0,7,133
2022-06-06T22:17:05,133,0,7,133
2022-06-06T22:27:31,133,0,7,133
2022-06-06T22:37:57,133,0,7,133
2022-06-06T22:48:20,133,0,7,133
2022-06-06T22:58:42,133,0,7,133
2022-06-06T23:09:05,133,0,7,133
2022-06-06T23:19:29,133,0,7,133
2022-06-06T23:29:52,133,0,7,133
2022-06-06T23:40:14,133,0,7,133
2022-06-06T23:50:37,133,0,7,133
2022-06-07T00:01:00,133,0,7,133
2022-06-07T00:11:23,133,0,7,133
2022-06-07T00:21:49,133,0,7,133
2022-06-07T00:32:13,133,0,7,133
2022-06-07T00:42:49,133,0,7,133
2022-06-07T00:53:15,133,0,7,133
2022-06-07T01:03:40,133,0,7,133
2022-06-07T01:14:04,133,0,7,133
2022-06-07T01:24:28,133,0,7,133
2022-06-07T01:34:52,133,0,7,133
2022-06-07T01:45:16,133,0,7,133
2022-06-07T01:55:40,133,0,7,133
2022-06-07T02:06:05,133,0,7,133
2022-06-07T02:16:28,133,0,7,133
2022-06-07T02:26:52,133,0,7,133
2022-06-07T02:37:14,133,0,7,133
2022-06-07T02:47:36,133,0,7,133
2022-06-07T02:57:58,133,0,7,133
2022-06-07T03:08:20,133,0,7,133
2022-06-07T03:18:42,133,0,7,133
2022-06-07T03:29:04,133,0,7,133
2022-06-07T03:39:27,133,0,7,133
2022-06-07T03:49:50,133,0,7,133
2022-06-07T04:00:15,133,0,7,133
2022-06-07T04:10:40,133,0,7,133
2022-06-07T04:22:27,133,0,7,133
2022-06-07T04:34:10,133,0,7,133
2022-06-07T04:44:35,133,0,7,133
2022-06-07T04:55:01,133,0,7,133
2022-06-07T05:05:27,133,0,7,133
2022-06-07T05:15:52,133,0,7,133
2022-06-07T05:26:17,133,0,7,133
2022-06-07T05:36:40,133,0,7,133
2022-06-07T05:47:03,133,0,7,133
2022-06-07T05:57:27,133,0,7,133
2022-06-07T06:07:54,133,0,7,133
2022-06-07T06:18:18,133,0,7,133
2022-06-07T06:28:42,133,0,7,133
2022-06-07T06:39:07,133,0,7,133
2022-06-07T06:49:32,133,0,7,133
2022-06-07T06:59:56,133,0,7,133
2022-06-07T07:10:21,133,0,7,133
2022-06-07T07:20:47,133,0,7,133
2022-06-07T07:31:12,133,0,7,133
2022-06-07T07:41:37,133,0,7,133
2022-06-07T07:52:02,133,0,7,133
2022-06-07T08:02:27,133,0,7,133
2022-06-07T08:12:51,133,0,7,133
2022-06-07T08:23:14,133,0,7,133
2022-06-07T08:33:39,133,0,7,133
2022-06-07T08:44:04,133,0,7,133
2022-06-07T08:54:28,133,0,7,133
2022-06-07T09:04:53,133,0,7,133
2022-06-07T09:15:18,133,0,7,133
2022-06-07T09:25:42,133,0,7,133
2022-06-07T09:36:06,133,0,7,133
2022-06-07T09:46:30,133,0,7,133
2022-06-07T09:56:55,133,0,7,133
2022-06-07T10:07:20,133,0,7,133
2022-06-07T10:18:03,133,0,7,133
2022-06-07T10:28:28,133,0,7,133
2022-06-07T10:38:53,133,0,7,133
2022-06-07T10:49:18,133,0,7,133
2022-06-07T10:59:42,133,0,7,133
2022-06-07T11:10:08,133,0,7,133
2022-06-07T11:20:33,133,0,7,133
2022-06-07T11:30:58,133,0,7,133
2022-06-07T11:41:22,133,0,7,133
2022-06-07T11:51:47,133,0,7,133
2022-06-07T12:02:12,133,0,7,133
2022-06-07T12:12:37,133,0,7,133
2022-06-07T12:23:11,133,0,7,133
2022-06-07T12:33:36,133,0,7,133
2022-06-07T12:43:59,133,0,7,133
2022-06-07T12:54:23,133,0,7,133
2022-06-07T13:04:47,133,0,7,133
2022-06-07T13:15:12,133,0,7,133
2022-06-07T13:25:40,133,0,7,133
2022-06-07T13:36:10,133,0,7,133
2022-06-07T13:46:51,133,0,7,133
2022-06-07T13:57:20,133,0,7,133
2022-06-07T14:07:49,133,0,7,133
2022-06-07T14:18:18,133,0,7,133
2022-06-07T14:28:45,133,0,7,133
2022-06-07T14:39:15,133,0,7,133
2022-06-07T14:49:48,133,0,7,133
2022-06-07T15:00:31,133,0,7,133
2022-06-07T15:11:02,133,0,7,133
2022-06-07T15:21:33,133,0,7,133
2022-06-07T15:32:07,133,0,7,133
2022-06-07T15:42:39,133,0,7,133
2022-06-07T15:53:09,133,0,7,133
2022-06-07T16:03:37,133,0,7,133
2022-06-07T16:14:15,133,0,7,133
2022-06-07T16:24:44,133,0,7,133
2022-06-07T16:35:13,133,0,7,133
2022-06-07T16:45:42,133,0,7,133
2022-06-07T16:56:08,133,0,7,133
2022-06-07T17:06:34,133,0,7,133
2022-06-07T17:17:00,133,0,7,133
2022-06-07T17:27:23,133,0,7,133
2022-06-07T17:37:47,133,0,7,133
2022-06-07T17:48:09,133,0,7,133
2022-06-07T17:58:33,133,0,7,133
2022-06-07T18:08:56,133,0,7,133
2022-06-07T18:19:29,133,0,7,133
2022-06-07T18:29:53,133,0,7,133
2022-06-07T18:40:16,133,0,7,133
2022-06-07T18:50:39,133,0,7,133
2022-06-07T19:01:02,133,0,7,133
2022-06-07T19:11:25,133,0,7,133
2022-06-07T19:21:48,133,0,7,133
2022-06-07T19:32:10,133,0,7,133
2022-06-07T19:42:33,133,0,7,133
2022-06-07T19:52:56,133,0,7,133
2022-06-07T20:03:19,133,0,7,133
2022-06-07T20:13:43,133,0,7,133
2022-06-07T20:24:06,133,0,7,133
2022-06-07T20:34:29,133,0,7,133
2022-06-07T20:44:52,133,0,7,133
2022-06-07T20:55:24,133,0,7,133
2022-06-07T21:05:47,133,0,7,133
2022-06-07T21:16:09,133,0,7,133
2022-06-07T21:26:32,133,0,7,133
2022-06-07T21:36:55,133,0,7,133
2022-06-07T21:47:18,133,0,7,133
2022-06-07T21:57:41,133,0,7,133
2022-06-07T22:08:04,133,0,7,133
2022-06-07T22:18:27,133,0,7,133
2022-06-07T22:28:49,133,0,7,133
2022-06-07T22:39:12,133,0,7,133
2022-06-07T22:49:37,133,0,7,133
2022-06-07T23:00:00,133,0,7,133
2022-06-07T23:10:37,133,0,7,133
2022-06-07T23:21:00,133,0,7,133
2022-06-07T23:31:22,133,0,7,133
2022-06-07T23:41:45,133,0,7,133
2022-06-07T23:52:07,133,0,7,133
2022-06-08T00:02:30,133,0,7,133
2022-06-08T00:12:55,133,0,7,133
2022-06-08T00:23:23,133,0,7,133
2022-06-08T00:33:47,133,0,7,133
2022-06-08T00:44:11,133,0,7,133
2022-06-08T00:54:36,133,0,7,133
2022-06-08T01:05:03,133,0,7,133
2022-06-08T01:15:27,133,0,7,133
2022-06-08T01:25:52,133,0,7,133
2022-06-08T01:36:17,133,0,7,133
2022-06-08T01:46:41,133,0,7,133
2022-06-08T01:57:04,133,0,7,133
2022-06-08T02:07:28,133,0,7,133
2022-06-08T02:17:51,133,0,7,133
2022-06-08T02:28:24,133,0,7,133
2022-06-08T02:38:48,133,0,7,133
2022-06-08T02:49:13,133,0,7,133
2022-06-08T02:59:37,133,0,7,133
2022-06-08T03:10:00,133,0,7,133
2022-06-08T03:20:22,133,0,7,133
2022-06-08T03:30:45,133,0,7,133
2022-06-08T03:41:08,133,0,7,133
2022-06-08T03:51:31,133,0,7,133
2022-06-08T04:04:10,133,0,7,133
2022-06-08T04:23:11,133,0,7,133
2022-06-08T04:33:59,133,0,7,133
2022-06-08T04:44:25,133,0,7,133
2022-06-08T04:54:49,133,0,7,133
2022-06-08T05:05:15,133,0,7,133
2022-06-08T05:15:40,133,0,7,133
2022-06-08T05:26:06,133,0,7,133
2022-06-08T05:36:31,133,0,7,133
2022-06-08T05:46:55,133,0,7,133
2022-06-08T05:57:20,133,0,7,133
2022-06-08T06:07:48,133,0,7,133
2022-06-08T06:18:16,133,0,7,133
2022-06-08T06:28:45,133,0,7,133
2022-06-08T06:39:14,133,0,7,133
2022-06-08T06:49:43,133,0,7,133
2022-06-08T07:00:13,133,0,7,133
2022-06-08T07:10:47,133,0,7,133
2022-06-08T07:21:15,133,0,7,133
2022-06-08T07:31:43,133,0,7,133
2022-06-08T07:42:12,133,0,7,133
2022-06-08T07:52:43,133,0,7,133
2022-06-08T08:03:08,133,0,7,133
2022-06-08T08:13:38,133,0,7,133
2022-06-08T08:24:10,133,0,7,133
2022-06-08T08:34:40,133,0,7,133
2022-06-08T08:45:12,133,0,7,133
2022-06-08T08:55:44,133,0,7,133
2022-06-08T09:06:14,133,0,7,133
2022-06-08T09:16:45,133,0,7,133
2022-06-08T09:27:16,133,0,7,133
2022-06-08T09:37:46,133,0,7,133
2022-06-08T09:48:15,133,0,7,133
2022-06-08T09:58:43,133,0,7,133
2022-06-08T10:09:21,133,0,7,133
2022-06-08T10:19:45,133,0,7,133
2022-06-08T10:30:10,133,0,7,133
2022-06-08T10:40:35,133,0,7,133
2022-06-08T10:50:59,133,0,7,133
2022-06-08T11:01:23,133,0,7,133
2022-06-08T11:11:49,133,0,7,133
2022-06-08T11:22:14,133,0,7,133
2022-06-08T11:32:39,133,0,7,133
2022-06-08T11:43:05,133,0,7,133
2022-06-08T11:53:29,133,0,7,133
2022-06-08T12:03:54,133,0,7,133
2022-06-08T12:14:31,133,0,7,133
2022-06-08T12:24:55,133,0,7,133
2022-06-08T12:35:18,133,0,7,133
2022-06-08T12:45:42,133,0,7,133
2022-06-08T12:56:07,133,0,7,133
2022-06-08T13:06:32,133,0,7,133
2022-06-08T13:16:57,133,0,7,133
2022-06-08T13:27:21,133,0,7,133
2022-06-08T13:37:47,133,0,7,133
2022-06-08T13:48:12,133,0,7,133
2022-06-08T13:58:37,133,0,7,133
2022-06-08T14:09:15,133,0,7,133
2022-06-08T14:19:40,133,0,7,133
2022-06-08T14:30:05,133,0,7,133
2022-06-08T14:40:30,133,0,7,133
2022-06-08T14:50:54,133,0,7,133
2022-06-08T15:01:19,133,0,7,133
2022-06-08T15:11:43,133,0,7,133
2022-06-08T15:22:08,133,0,7,133
2022-06-08T15:32:44,133,0,7,133
2022-06-08T15:43:08,133,0,7,133
2022-06-08T15:53:32,133,0,7,133
2022-06-08T16:03:57,133,0,7,133
2022-06-08T16:14:21,133,0,7,133
2022-06-08T16:24:45,133,0,7,133
2022-06-08T16:35:09,133,0,7,133
2022-06-08T16:45:35,133,0,7,133
2022-06-08T16:55:59,133,0,7,133
2022-06-08T17:06:24,133,0,7,133
2022-06-08T17:16:59,133,0,7,133
2022-06-08T17:27:22,133,0,7,133
2022-06-08T17:37:46,133,0,7,133
2022-06-08T17:48:10,133,0,7,133
2022-06-08T17:58:33,133,0,8,133
2022-06-08T18:08:56,133,0,8,133
2022-06-08T18:19:20,133,0,8,133
2022-06-08T18:29:43,133,0,8,133
2022-06-08T18:40:06,133,0,8,133
2022-06-08T18:50:31,133,0,8,133
2022-06-08T19:00:54,133,0,8,133
2022-06-08T19:11:17,133,0,8,133
2022-06-08T19:21:40,133,0,8,133
2022-06-08T19:32:13,133,0,8,133
2022-06-08T19:42:37,133,0,8,133
2022-06-08T19:53:00,133,0,8,133
2022-06-08T20:03:23,133,0,8,133
2022-06-08T20:13:47,133,0,8,133
2022-06-08T20:24:10,133,0,9,133
2022-06-08T20:34:33,133,0,9,133
2022-06-08T20:44:56,133,0,9,133
2022-06-08T20:55:20,133,0,9,133
2022-06-08T21:05:44,133,0,9,133
2022-06-08T21:16:07,133,0,9,133
2022-06-08T21:26:30,133,0,9,133
2022-06-08T21:36:54,133,0,9,133
2022-06-08T21:47:26,133,0,9,133
2022-06-08T21:57:50,133,0,9,133
2022-06-08T22:08:13,133,0,9,133
2022-06-08T22:18:36,133,0,9,133
2022-06-08T22:28:59,133,0,9,133
2022-06-08T22:39:23,133,0,9,133
2022-06-08T22:49:48,133,0,9,133
2022-06-08T23:00:11,133,0,9,133
2022-06-08T23:10:35,133,0,9,133
2022-06-08T23:20:58,133,0,9,133
2022-06-08T23:31:22,133,0,9,133
2022-06-08T23:41:45,133,0,9,133
2022-06-08T23:52:08,133,0,9,133
2022-06-09T00:02:32,133,0,9,133
2022-06-09T00:12:59,133,0,9,133
2022-06-09T00:23:25,133,0,9,133
2022-06-09T00:33:58,133,0,9,133
2022-06-09T00:44:22,133,0,9,133
2022-06-09T00:54:47,133,0,9,133
2022-06-09T01:05:11,133,0,9,133
2022-06-09T01:15:35,133,0,9,133
2022-06-09T01:26:00,133,0,9,133
2022-06-09T01:36:25,133,0,9,133
2022-06-09T01:46:48,133,0,9,133
2022-06-09T01:57:13,133,0,9,133
2022-06-09T02:07:37,133,0,9,133
2022-06-09T02:18:00,133,0,9,133
2022-06-09T02:28:24,133,0,9,133
2022-06-09T02:38:48,133,0,9,133
2022-06-09T02:49:10,133,0,9,133
2022-06-09T02:59:33,133,0,9,133
2022-06-09T03:09:56,133,0,9,133
2022-06-09T03:20:18,133,0,9,133
2022-06-09T03:30:40,133,0,9,133
2022-06-09T03:41:04,133,0,9,133
2022-06-09T03:51:28,133,0,9,133
2022-06-09T04:01:52,133,0,9,133
2022-06-09T04:12:16,133,0,9,133
2022-06-09T04:28:25,133,0,9,133
2022-06-09T04:39:10,133,0,9,133
2022-06-09T04:49:37,133,0,9,133
2022-06-09T05:00:03,133,0,9,133
2022-06-09T05:10:29,133,0,9,133
2022-06-09T05:20:55,133,0,9,133
2022-06-09T05:31:18,133,0,9,133
2022-06-09T05:41:43,133,0,9,133
2022-06-09T05:52:07,133,0,9,133
2022-06-09T06:02:31,133,0,9,133
2022-06-09T06:12:56,133,0,9,133
2022-06-09T06:23:21,133,0,9,133
2022-06-09T06:33:46,133,0,9,133
2022-06-09T06:44:10,133,0,9,133
2022-06-09T06:54:34,133,0,9,133
2022-06-09T07:05:00,133,0,9,133
2022-06-09T07:15:25,133,0,9,133
2022-06-09T07:25:50,133,0,9,133
2022-06-09T07:36:17,133,0,9,133
2022-06-09T07:46:43,133,0,9,133
2022-06-09T07:57:12,133,0,9,133
2022-06-09T08:07:37,133,0,9,133
2022-06-09T08:18:02,133,0,9,133
2022-06-09T08:28:26,133,0,9,133
2022-06-09T08:38:50,133,0,9,133
2022-06-09T08:49:14,133,0,9,133
2022-06-09T08:59:38,133,0,9,133
2022-06-09T09:10:03,133,0,9,133
2022-06-09T09:20:27,133,0,9,133
2022-06-09T09:30:51,133,0,9,133
2022-06-09T09:41:16,133,0,9,133
2022-06-09T09:51:40,133,0,9,133
2022-06-09T10:02:05,133,0,9,133
2022-06-09T10:12:31,133,0,9,133
2022-06-09T10:22:56,133,0,9,133
2022-06-09T10:33:31,133,0,10,133
2022-06-09T10:43:55,133,0,9,133
2022-06-09T10:54:20,133,0,9,133
2022-06-09T11:04:45,133,0,9,133
2022-06-09T11:15:09,133,0,9,133
2022-06-09T11:25:35,133,0,9,133
2022-06-09T11:35:59,133,0,9,133
2022-06-09T11:46:23,133,0,9,133
2022-06-09T11:56:48,133,0,9,133
2022-06-09T12:07:12,133,0,9,133
2022-06-09T12:17:36,133,0,9,133
2022-06-09T12:28:11,133,0,9,133
2022-06-09T12:38:40,133,0,9,133
2022-06-09T12:49:13,133,0,9,133
2022-06-09T12:59:48,133,0,9,133
2022-06-09T13:10:25,132,1,9,133
2022-06-09T13:21:03,132,1,9,133
2022-06-09T13:31:38,132,1,9,133
2022-06-09T13:42:28,132,1,9,133
2022-06-09T13:53:05,132,1,9,133
2022-06-09T14:03:43,132,1,9,133
2022-06-09T14:14:19,132,1,9,133
2022-06-09T14:24:54,132,1,9,133
2022-06-09T14:35:26,132,1,9,133
2022-06-09T14:45:58,132,1,9,133
2022-06-09T14:56:30,132,1,9,133
2022-06-09T15:07:03,132,1,9,133
2022-06-09T15:17:46,132,1,9,133
2022-06-09T15:28:17,132,1,9,133
2022-06-09T15:38:46,132,1,9,133
2022-06-09T15:49:15,132,1,9,133
2022-06-09T15:59:41,132,1,9,133
2022-06-09T16:10:06,132,1,9,133
2022-06-09T16:20:40,132,1,9,133
2022-06-09T16:31:05,132,1,9,133
2022-06-09T16:41:34,132,1,9,133
2022-06-09T16:52:00,132,1,9,133
2022-06-09T17:02:25,132,1,9,133
2022-06-09T17:12:50,132,1,9,133
2022-06-09T17:23:15,132,1,9,133
2022-06-09T17:33:45,132,1,9,133
2022-06-09T17:44:25,132,1,9,133
2022-06-09T17:54:54,132,1,9,133
2022-06-09T18:05:23,132,1,9,133
2022-06-09T18:15:52,132,1,9,133
2022-06-09T18:26:20,132,1,9,133
2022-06-09T18:36:47,132,1,9,133
2022-06-09T18:47:17,132,1,9,133
2022-06-09T18:57:46,132,1,9,133
2022-06-09T19:08:19,132,1,9,133
2022-06-09T19:18:52,132,1,9,133
2022-06-09T19:29:34,132,1,9,133
2022-06-09T19:40:14,132,1,9,133
2022-06-09T19:50:57,132,1,9,133
2022-06-09T20:01:26,132,1,9,133
2022-06-09T20:11:56,132,1,9,133
2022-06-09T20:22:25,132,1,9,133
2022-06-09T20:32:55,132,1,9,133
2022-06-09T20:43:25,132,1,9,133
2022-06-09T20:53:53,132,1,9,133
2022-06-09T21:04:20,132,1,9,133
2022-06-09T21:14:46,132,1,9,133
2022-06-09T21:25:10,132,1,9,133
2022-06-09T21:35:34,132,1,9,133
2022-06-09T21:45:58,132,1,9,133
2022-06-09T21:56:23,132,1,9,133
2022-06-09T22:06:47,132,1,9,133
2022-06-09T22:17:12,132,1,9,133
2022-06-09T22:27:46,133,0,8,133
2022-06-09T22:38:11,133,0,8,133
2022-06-09T22:48:36,133,0,8,133
2022-06-09T22:58:59,133,0,8,133
2022-06-09T23:09:24,133,0,8,133
2022-06-09T23:19:48,133,0,8,133
2022-06-09T23:30:13,133,0,8,133
2022-06-09T23:40:37,133,0,8,133
2022-06-09T23:51:02,133,0,8,133
2022-06-10T00:01:26,133,0,8,133
2022-06-10T00:11:52,133,0,8,133
2022-06-10T00:22:21,133,0,8,133
2022-06-10T00:32:46,133,0,8,133
2022-06-10T00:43:13,133,0,8,133
2022-06-10T00:53:39,133,0,8,133
2022-06-10T01:04:17,133,0,8,133
2022-06-10T01:14:43,133,0,8,133
2022-06-10T01:25:10,133,0,8,133
2022-06-10T01:35:37,133,0,8,133
2022-06-10T01:46:02,133,0,8,133
2022-06-10T01:56:28,133,0,8,133
2022-06-10T02:06:53,133,0,8,133
2022-06-10T02:17:19,133,0,8,133
2022-06-10T02:27:55,133,0,8,133
2022-06-10T02:38:21,133,0,8,133
2022-06-10T02:48:47,133,0,8,133
2022-06-10T02:59:12,133,0,8,133
2022-06-10T03:09:37,133,0,8,133
2022-06-10T03:20:01,133,0,8,133
2022-06-10T03:30:26,133,0,8,133
2022-06-10T03:40:51,133,0,8,133
2022-06-10T03:51:16,133,0,8,133
2022-06-10T04:01:41,133,0,8,133
2022-06-10T04:12:07,133,0,8,133
2022-06-10T04:26:39,133,0,8,133
2022-06-10T04:38:36,133,0,8,133
2022-06-10T04:49:03,133,0,8,133
2022-06-10T04:59:30,133,0,8,133
2022-06-10T05:09:58,133,0,8,133
2022-06-10T05:20:24,133,0,8,133
2022-06-10T05:30:50,133,0,8,133
2022-06-10T05:41:16,133,0,8,133
2022-06-10T05:51:42,133,0,8,133
2022-06-10T06:02:07,133,0,8,133
2022-06-10T06:12:33,133,0,8,133
2022-06-10T06:23:01,133,0,8,133
2022-06-10T06:33:27,133,0,8,133
2022-06-10T06:43:51,133,0,8,133
2022-06-10T06:54:14,133,0,8,133
2022-06-10T07:04:39,133,0,8,133
2022-06-10T07:15:03,133,0,8,133
2022-06-10T07:25:27,133,0,8,133
2022-06-10T07:35:52,133,0,8,133
2022-06-10T07:46:17,133,0,8,133
2022-06-10T07:56:41,133,0,8,133
2022-06-10T08:07:06,133,0,8,133
2022-06-10T08:17:30,133,0,8,133
2022-06-10T08:27:55,133,0,8,133
2022-06-10T08:38:20,133,0,8,133
2022-06-10T08:48:45,133,0,8,133
2022-06-10T08:59:11,133,0,8,133
2022-06-10T09:09:37,133,0,8,133
2022-06-10T09:20:21,133,0,8,133
2022-06-10T09:30:47,133,0,8,133
2022-06-10T09:41:13,133,0,8,133
2022-06-10T09:51:40,133,0,8,133
2022-06-10T10:02:10,133,0,8,133
2022-06-10T10:12:39,133,0,8,133
2022-06-10T10:23:11,133,0,8,133
2022-06-10T10:33:42,133,0,8,133
2022-06-10T10:44:16,133,0,8,133
2022-06-10T10:54:45,133,0,8,133
2022-06-10T11:05:17,133,0,8,133
2022-06-10T11:16:08,133,0,8,133
2022-06-10T11:26:48,133,0,8,133
2022-06-10T11:37:29,133,0,8,133
2022-06-10T11:48:12,133,0,8,133
2022-06-10T11:58:52,133,0,8,133
2022-06-10T12:09:24,133,0,8,133
2022-06-10T12:19:54,133,0,8,133
2022-06-10T12:30:26,133,0,8,133
2022-06-10T12:41:06,133,0,8,133
2022-06-10T12:51:36,133,0,8,133
2022-06-10T13:02:05,133,0,8,133
2022-06-10T13:12:32,133,0,8,133
2022-06-10T13:22:58,133,0,8,133
2022-06-10T13:33:24,133,0,8,133
2022-06-10T13:43:51,133,0,8,133
2022-06-10T13:54:28,133,0,8,133
2022-06-10T14:04:54,133,0,8,133
2022-06-10T14:15:20,133,0,8,133
2022-06-10T14:25:47,133,0,8,133
2022-06-10T14:36:13,133,0,8,133
2022-06-10T14:46:40,133,0,8,133
2022-06-10T14:57:08,133,0,8,133
2022-06-10T15:07:35,133,0,8,133
2022-06-10T15:18:01,133,0,8,133
2022-06-10T15:28:37,133,0,8,133
2022-06-10T15:39:03,133,0,8,133
2022-06-10T15:49:29,133,0,8,133
2022-06-10T15:59:55,133,0,8,133
2022-06-10T16:10:21,133,0,8,133
2022-06-10T16:20:46,133,0,8,133
2022-06-10T16:31:12,133,0,8,133
2022-06-10T16:41:56,133,0,8,133
2022-06-10T16:52:21,133,0,8,133
2022-06-10T17:02:47,133,0,8,133
2022-06-10T17:13:13,133,0,8,133
2022-06-10T17:23:38,133,0,8,133
2022-06-10T17:34:03,133,0,8,133
2022-06-10T17:44:29,133,0,8,133
2022-06-10T17:54:54,133,0,8,133
2022-06-10T18:05:19,133,0,8,133
2022-06-10T18:15:44,133,0,8,133
2022-06-10T18:26:09,133,0,8,133
2022-06-10T18:36:44,133,0,8,133
2022-06-10T18:47:09,133,0,8,133
2022-06-10T18:57:33,133,0,8,133
2022-06-10T19:07:57,133,0,8,133
2022-06-10T19:18:22,133,0,8,133
2022-06-10T19:28:47,133,0,8,133
2022-06-10T19:39:12,133,0,8,133
2022-06-10T19:49:36,133,0,8,133
2022-06-10T20:00:01,133,0,8,133
2022-06-10T20:10:26,133,0,8,133
2022-06-10T20:20:51,133,0,8,133
2022-06-10T20:31:34,133,0,8,133
2022-06-10T20:41:58,133,0,8,133
2022-06-10T20:52:22,133,0,8,133
2022-06-10T21:02:47,133,0,8,133
2022-06-10T21:13:11,133,0,8,133
2022-06-10T21:23:36,133,0,8,133
2022-06-10T21:34:01,133,0,8,133
2022-06-10T21:44:26,133,0,8,133
2022-06-10T21:54:50,133,0,8,133
2022-06-10T22:05:15,133,0,8,133
2022-06-10T22:15:40,133,0,8,133
2022-06-10T22:26:05,133,0,8,133
2022-06-10T22:36:30,133,0,8,133
2022-06-10T22:47:07,133,0,8,133
2022-06-10T22:57:32,133,0,8,133
2022-06-10T23:07:57,133,0,8,133
2022-06-10T23:18:22,133,0,8,133
2022-06-10T23:28:48,133,0,8,133
2022-06-10T23:39:13,133,0,8,133
2022-06-10T23:49:38,133,0,8,133
2022-06-11T00:00:02,133,0,8,133
2022-06-11T00:10:29,133,0,8,133
2022-06-11T00:20:57,133,0,8,133
2022-06-11T00:31:23,133,0,8,133
2022-06-11T00:41:50,133,0,8,133
2022-06-11T00:52:17,133,0,8,133
2022-06-11T01:02:56,133,0,8,133
2022-06-11T01:13:23,133,0,8,133
2022-06-11T01:23:51,133,0,8,133
2022-06-11T01:34:18,133,0,8,133
2022-06-11T01:44:45,133,0,8,133
2022-06-11T01:55:11,133,0,8,133
2022-06-11T02:05:37,133,0,8,133
2022-06-11T02:16:01,133,0,8,133
2022-06-11T02:26:25,133,0,8,133
2022-06-11T02:36:50,133,0,8,133
2022-06-11T02:47:15,133,0,8,133
2022-06-11T02:57:40,133,0,8,133
2022-06-11T03:08:06,133,0,8,133
2022-06-11T03:18:30,133,0,8,133
2022-06-11T03:28:54,133,0,8,133
2022-06-11T03:39:19,133,0,8,133
2022-06-11T03:49:45,133,0,8,133
2022-06-11T04:00:10,133,0,8,133
2022-06-11T04:10:36,133,0,8,133
2022-06-11T04:23:35,133,0,8,133
2022-06-11T04:34:24,133,0,8,133
2022-06-11T04:44:52,133,0,8,133
2022-06-11T04:55:20,133,0,8,133
2022-06-11T05:05:45,133,0,8,133
2022-06-11T05:16:10,133,0,8,133
2022-06-11T05:26:35,133,0,8,133
2022-06-11T05:36:59,133,0,8,133
2022-06-11T05:47:27,133,0,8,133
2022-06-11T05:58:10,133,0,8,133
2022-06-11T06:08:38,133,0,8,133
2022-06-11T06:19:04,133,0,8,133
2022-06-11T06:29:30,133,0,8,133
2022-06-11T06:39:57,133,0,8,133
2022-06-11T06:50:23,133,0,8,133
2022-06-11T07:00:49,133,0,8,133
2022-06-11T07:11:16,133,0,8,133
2022-06-11T07:21:42,133,0,8,133
2022-06-11T07:32:09,133,0,8,133
2022-06-11T07:42:36,133,0,8,133
2022-06-11T07:53:03,133,0,8,133
2022-06-11T08:03:30,133,0,8,133
2022-06-11T08:13:56,133,0,8,133
2022-06-11T08:24:22,133,0,8,133
2022-06-11T08:34:49,133,0,8,133
2022-06-11T08:45:15,133,0,8,133
2022-06-11T08:55:42,133,0,8,133
2022-06-11T09:06:08,133,0,8,133
2022-06-11T09:16:35,133,0,8,133
2022-06-11T09:27:01,133,0,8,133
2022-06-11T09:37:28,133,0,8,133
2022-06-11T09:47:54,133,0,8,133
2022-06-11T09:58:21,133,0,8,133
2022-06-11T10:08:49,133,0,8,133
2022-06-11T10:19:16,133,0,8,133
2022-06-11T10:29:42,133,0,8,133
2022-06-11T10:40:15,133,0,8,133
2022-06-11T10:50:41,133,0,8,133
2022-06-11T11:01:07,133,0,8,133
2022-06-11T11:11:34,133,0,8,133
2022-06-11T11:22:00,133,0,8,133
2022-06-11T11:32:26,133,0,8,133
2022-06-11T11:42:50,133,0,8,133
2022-06-11T11:53:15,133,0,8,133
2022-06-11T12:03:40,133,0,8,133
2022-06-11T12:14:06,133,0,8,133
2022-06-11T12:24:31,133,0,8,133
2022-06-11T12:34:55,133,0,8,133
2022-06-11T12:45:31,133,0,8,133
2022-06-11T12:55:56,133,0,8,133
2022-06-11T13:06:21,133,0,8,133
2022-06-11T13:16:45,133,0,8,133
2022-06-11T13:27:10,133,0,8,133
2022-06-11T13:37:35,133,0,8,133
2022-06-11T13:48:00,133,0,8,133
2022-06-11T13:58:24,133,0,8,133
2022-06-11T14:08:48,133,0,8,133
2022-06-11T14:19:13,133,0,8,133
2022-06-11T14:29:38,133,0,8,133
2022-06-11T14:40:02,133,0,8,133
2022-06-11T14:50:35,133,0,8,133
2022-06-11T15:00:59,133,0,8,133
2022-06-11T15:11:24,133,0,8,133
2022-06-11T15:21:48,133,0,8,133
2022-06-11T15:32:12,133,0,8,133
2022-06-11T15:42:37,133,0,8,133
2022-06-11T15:53:01,133,0,8,133
2022-06-11T16:03:25,133,0,8,133
2022-06-11T16:13:50,133,0,8,133
2022-06-11T16:24:13,133,0,8,133
2022-06-11T16:34:48,133,0,8,133
2022-06-11T16:45:12,133,0,8,133
2022-06-11T16:55:36,133,0,8,133
2022-06-11T17:06:01,133,0,8,133
2022-06-11T17:16:26,133,0,8,133
2022-06-11T17:26:50,133,0,8,133
2022-06-11T17:37:14,133,0,8,133
2022-06-11T17:47:49,133,0,8,133
2022-06-11T17:58:13,133,0,8,133
2022-06-11T18:08:37,133,0,8,133
2022-06-11T18:19:02,133,0,8,133
2022-06-11T18:29:26,133,0,8,133
2022-06-11T18:39:50,133,0,8,133
2022-06-11T18:50:14,133,0,8,133
2022-06-11T19:00:38,133,0,8,133
2022-06-11T19:11:14,133,0,8,133
2022-06-11T19:21:38,133,0,8,133
2022-06-11T19:32:03,133,0,8,133
2022-06-11T19:42:26,133,0,8,133
2022-06-11T19:52:51,133,0,8,133
2022-06-11T20:03:15,133,0,8,133
2022-06-11T20:13:39,133,0,8,133
2022-06-11T20:24:03,133,0,8,133
2022-06-11T20:34:27,133,0,8,133
2022-06-11T20:44:51,133,0,8,133
2022-06-11T20:55:25,133,0,8,133
2022-06-11T21:05:50,133,0,8,133
2022-06-11T21:16:13,133,0,8,133
2022-06-11T21:26:38,133,0,8,133
2022-06-11T21:37:02,133,0,8,133
2022-06-11T21:47:26,133,0,8,133
2022-06-11T21:57:50,133,0,8,133
2022-06-11T22:08:19,133,0,8,133
2022-06-11T22:18:52,133,0,8,133
2022-06-11T22:29:21,133,0,8,133
2022-06-11T22:39:59,133,0,8,133
2022-06-11T22:50:28,133,0,8,133
2022-06-11T23:00:57,133,0,8,133
2022-06-11T23:11:30,133,0,8,133
2022-06-11T23:22:03,133,0,8,133
2022-06-11T23:32:34,133,0,8,133
2022-06-11T23:43:06,133,0,8,133
2022-06-11T23:53:36,133,0,8,133
2022-06-12T00:04:08,133,0,8,133
2022-06-12T00:14:44,133,0,8,133
2022-06-12T00:25:16,133,0,8,133
2022-06-12T00:35:49,133,0,8,133
2022-06-12T00:46:32,133,0,8,133
2022-06-12T00:57:04,133,0,8,133
2022-06-12T01:07:37,133,0,8,133
2022-06-12T01:18:08,133,0,8,133
2022-06-12T01:28:37,133,0,8,133
2022-06-12T01:39:05,133,0,8,133
2022-06-12T01:49:31,133,0,8,133
2022-06-12T01:59:57,133,0,8,133
2022-06-12T02:10:37,133,0,8,133
2022-06-12T02:21:02,133,0,8,133
2022-06-12T02:31:27,133,0,8,133
2022-06-12T02:41:52,133,0,8,133
2022-06-12T02:52:27,133,0,8,133
2022-06-12T03:02:51,133,0,8,133
2022-06-12T03:13:15,133,0,8,133
2022-06-12T03:23:40,133,0,8,133
2022-06-12T03:34:04,133,0,8,133
2022-06-12T03:44:30,133,0,8,133
2022-06-12T03:54:56,133,0,8,133
2022-06-12T04:05:21,133,0,8,133
2022-06-12T04:14:27,133,0,8,133
2022-06-12T04:25:18,133,0,8,133
2022-06-12T04:35:45,133,0,8,133
2022-06-12T04:46:13,133,0,8,133
2022-06-12T04:56:39,133,0,8,133
2022-06-12T05:07:07,133,0,8,133
2022-06-12T05:17:33,133,0,8,133
2022-06-12T05:28:00,133,0,8,133
2022-06-12T05:38:25,133,0,8,133
2022-06-12T05:48:52,133,0,8,133
2022-06-12T05:59:20,133,0,8,133
2022-06-12T06:09:45,133,0,8,133
2022-06-12T06:20:11,133,0,8,133
2022-06-12T06:30:36,133,0,8,133
2022-06-12T06:41:01,133,0,8,133
2022-06-12T06:51:40,133,0,8,133
2022-06-12T07:02:04,133,0,8,133
2022-06-12T07:12:29,133,0,8,133
2022-06-12T07:22:53,133,0,8,133
2022-06-12T07:33:18,133,0,8,133
2022-06-12T07:43:42,133,0,8,133
2022-06-12T07:54:07,133,0,8,133
2022-06-12T08:04:31,133,0,8,133
2022-06-12T08:14:55,133,0,8,133
2022-06-12T08:25:20,133,0,8,133
2022-06-12T08:35:57,133,0,8,133
2022-06-12T08:46:21,133,0,8,133
2022-06-12T08:56:46,133,0,8,133
2022-06-12T09:07:12,133,0,8,133
2022-06-12T09:17:36,133,0,8,133
2022-06-12T09:28:01,133,0,8,133
2022-06-12T09:38:28,133,0,8,133
2022-06-12T09:48:54,133,0,8,133
2022-06-12T09:59:19,133,0,8,133
2022-06-12T10:09:56,133,0,8,133
2022-06-12T10:20:22,133,0,8,133
2022-06-12T10:30:47,133,0,8,133
2022-06-12T10:41:14,133,0,8,133
2022-06-12T10:51:41,133,0,8,133
2022-06-12T11:02:07,133,0,8,133
2022-06-12T11:12:33,133,0,8,133
2022-06-12T11:22:58,133,0,8,133
2022-06-12T11:33:23,133,0,8,133
2022-06-12T11:43:58,133,0,8,133
2022-06-12T11:54:23,133,0,8,133
2022-06-12T12:04:48,133,0,8,133
2022-06-12T12:15:12,133,0,8,133
2022-06-12T12:25:37,133,0,8,133
2022-06-12T12:36:02,133,0,8,133
2022-06-12T12:46:45,133,0,8,133
2022-06-12T12:57:09,133,0,8,133
2022-06-12T13:07:34,133,0,8,133
2022-06-12T13:17:58,133,0,8,133
2022-06-12T13:28:23,133,0,8,133
2022-06-12T13:38:48,133,0,8,133
2022-06-12T13:49:12,133,0,8,133
2022-06-12T13:59:37,133,0,8,133
2022-06-12T14:10:01,133,0,8,133
2022-06-12T14:20:36,133,0,8,133
2022-06-12T14:31:01,132,1,8,133
2022-06-12T14:41:25,133,0,8,133
2022-06-12T14:51:49,133,0,8,133
2022-06-12T15:02:13,133,0,8,133
2022-06-12T15:12:38,133,0,8,133
2022-06-12T15:23:13,133,0,8,133
2022-06-12T15:33:38,133,0,8,133
2022-06-12T15:44:03,133,0,8,133
2022-06-12T15:54:27,133,0,8,133
2022-06-12T16:04:52,133,0,8,133
2022-06-12T16:15:38,133,0,8,133
2022-06-12T16:26:02,133,0,8,133
2022-06-12T16:36:27,133,0,8,133
2022-06-12T16:46:52,133,0,8,133
2022-06-12T16:57:16,133,0,8,133
2022-06-12T17:07:59,133,0,8,133
2022-06-12T17:18:24,133,0,8,133
2022-06-12T17:28:48,133,0,8,133
2022-06-12T17:39:13,133,0,8,133
2022-06-12T17:49:38,133,0,8,133
2022-06-12T18:00:03,133,0,8,133
2022-06-12T18:10:38,133,0,8,133
2022-06-12T18:21:03,133,0,8,133
2022-06-12T18:31:27,133,0,8,133
2022-06-12T18:41:52,133,0,8,133
2022-06-12T18:52:16,133,0,8,133
2022-06-12T19:02:41,133,0,8,133
2022-06-12T19:13:05,133,0,8,133
2022-06-12T19:23:30,133,0,8,133
2022-06-12T19:34:05,133,0,8,133
2022-06-12T19:44:30,133,0,8,133
2022-06-12T19:54:54,133,0,8,133
2022-06-12T20:05:18,133,0,8,133
2022-06-12T20:15:43,133,0,8,133
2022-06-12T20:26:19,133,0,8,133
2022-06-12T20:36:44,133,0,8,133
2022-06-12T20:47:08,133,0,8,133
2022-06-12T20:57:33,133,0,8,133
2022-06-12T21:07:58,133,0,8,133
2022-06-12T21:18:34,133,0,8,133
2022-06-12T21:28:58,133,0,8,133
2022-06-12T21:39:23,133,0,8,133
2022-06-12T21:49:48,133,0,8,133
2022-06-12T22:00:12,133,0,8,133
2022-06-12T22:10:48,133,0,8,133
2022-06-12T22:21:13,133,0,8,133
2022-06-12T22:31:39,133,0,8,133
2022-06-12T22:42:04,133,0,8,133
2022-06-12T22:52:29,133,0,8,133
2022-06-12T23:02:54,133,0,8,133
2022-06-12T23:13:21,133,0,8,133
2022-06-12T23:24:00,133,0,8,133
2022-06-12T23:34:27,133,0,8,133
2022-06-12T23:44:57,133,0,8,133
2022-06-12T23:55:26,133,0,8,133
2022-06-13T00:05:54,133,0,8,133
2022-06-13T00:16:31,133,0,8,133
2022-06-13T00:27:03,133,0,8,133
2022-06-13T00:37:48,133,0,8,133
2022-06-13T00:48:17,133,0,8,133
2022-06-13T00:58:50,133,0,8,133
2022-06-13T01:09:27,133,0,8,133
2022-06-13T01:20:01,133,0,8,133
2022-06-13T01:30:36,133,0,8,133
2022-06-13T01:41:13,133,0,8,133
2022-06-13T01:51:50,133,0,8,133
2022-06-13T02:02:48,133,0,8,133
2022-06-13T02:13:34,133,0,8,133
2022-06-13T02:24:08,133,0,8,133
2022-06-13T02:34:42,133,0,8,133
2022-06-13T02:45:16,133,0,8,133
2022-06-13T02:55:49,133,0,8,133
2022-06-13T03:06:15,133,0,8,133
2022-06-13T03:16:42,133,0,8,133
2022-06-13T03:27:08,133,0,8,133
2022-06-13T03:37:32,133,0,8,133
2022-06-13T03:47:58,133,0,8,133
2022-06-13T04:00:19,133,0,8,133
2022-06-13T04:20:30,133,0,8,133
2022-06-13T04:31:20,133,0,8,133
2022-06-13T04:41:49,133,0,8,133
2022-06-13T04:52:16,133,0,8,133
2022-06-13T05:02:43,133,0,8,133
2022-06-13T05:13:10,133,0,8,133
2022-06-13T05:23:37,133,0,8,133
2022-06-13T05:34:03,133,0,8,133
2022-06-13T05:44:29,133,0,8,133
2022-06-13T05:54:55,133,0,8,133
2022-06-13T06:05:22,133,0,8,133
2022-06-13T06:15:47,133,0,8,133
2022-06-13T06:26:15,133,0,8,133
2022-06-13T06:36:40,133,0,8,133
2022-06-13T06:47:06,133,0,8,133
2022-06-13T06:57:31,133,0,8,133
2022-06-13T07:08:01,133,0,8,133
2022-06-13T07:18:25,133,0,8,133
2022-06-13T07:28:50,133,0,8,133
2022-06-13T07:39:15,133,0,8,133
2022-06-13T07:49:40,133,0,8,133
2022-06-13T08:00:05,133,0,8,133
2022-06-13T08:10:42,133,0,8,133
2022-06-13T08:21:08,133,0,8,133
2022-06-13T08:31:35,133,0,8,133
2022-06-13T08:42:01,133,0,8,133
2022-06-13T08:52:27,133,0,8,133
2022-06-13T09:02:54,133,0,8,133
2022-06-13T09:13:21,133,0,8,133
2022-06-13T09:23:49,133,0,8,133
2022-06-13T09:34:28,133,0,8,133
2022-06-13T09:44:55,133,0,8,133
2022-06-13T09:55:25,133,0,8,133
2022-06-13T10:05:55,133,0,8,133
2022-06-13T10:16:23,133,0,8,133
2022-06-13T10:27:01,133,0,8,133
2022-06-13T10:37:29,133,0,8,133
2022-06-13T10:47:57,133,0,8,133
2022-06-13T10:58:24,133,0,8,133
2022-06-13T11:08:55,133,0,8,133
2022-06-13T11:19:23,133,0,8,133
2022-06-13T11:30:01,133,0,8,133
2022-06-13T11:40:28,133,0,8,133
2022-06-13T11:50:56,133,0,8,133
2022-06-13T12:01:26,133,0,8,133
2022-06-13T12:11:53,133,0,8,133
2022-06-13T12:22:31,133,0,8,133
2022-06-13T12:32:58,133,0,8,133
2022-06-13T12:43:26,133,0,8,133
2022-06-13T12:53:55,133,0,8,133
2022-06-13T13:04:23,133,0,8,133
2022-06-13T13:14:51,133,0,8,133
2022-06-13T13:25:31,133,0,8,133
2022-06-13T13:35:58,133,0,8,133
2022-06-13T13:46:26,133,0,8,133
2022-06-13T13:56:58,133,0,8,133
2022-06-13T14:07:30,133,0,8,133
2022-06-13T14:18:12,133,0,8,133
2022-06-13T14:28:43,133,0,8,133
2022-06-13T14:39:19,133,0,8,133
2022-06-13T14:49:51,133,0,8,133
2022-06-13T15:00:24,133,0,8,133
2022-06-13T15:10:58,133,0,8,133
2022-06-13T15:21:28,133,0,8,133
2022-06-13T15:32:15,133,0,8,133
2022-06-13T15:42:53,133,0,8,133
2022-06-13T15:53:27,133,0,8,133
2022-06-13T16:04:01,133,0,8,133
2022-06-13T16:14:30,133,0,8,133
2022-06-13T16:25:17,133,0,8,133
2022-06-13T16:35:49,133,0,8,133
2022-06-13T16:46:23,133,0,8,133
2022-06-13T16:56:58,133,0,8,133
2022-06-13T17:07:30,133,0,8,133
2022-06-13T17:18:03,133,0,8,133
2022-06-13T17:28:46,133,0,8,133
2022-06-13T17:39:21,133,0,8,133
2022-06-13T17:49:55,133,0,8,133
2022-06-13T18:00:24,133,0,8,133
2022-06-13T18:10:54,133,0,8,133
2022-06-13T18:21:33,133,0,8,133
2022-06-13T18:31:59,133,0,8,133
2022-06-13T18:42:28,133,0,8,133
2022-06-13T18:52:54,133,0,8,133
2022-06-13T19:03:32,133,0,8,133
2022-06-13T19:13:59,133,0,8,133
2022-06-13T19:24:25,133,0,8,133
2022-06-13T19:34:54,133,0,8,133
2022-06-13T19:45:32,133,0,8,133
2022-06-13T19:55:58,133,0,8,133
2022-06-13T20:06:23,133,0,8,133
2022-06-13T20:16:49,133,0,8,133
2022-06-13T20:27:17,133,0,8,133
2022-06-13T20:37:43,133,0,8,133
2022-06-13T20:48:20,133,0,8,133
2022-06-13T20:58:47,133,0,8,133
2022-06-13T21:09:13,133,0,8,133
2022-06-13T21:19:42,133,0,8,133
2022-06-13T21:30:20,133,0,8,133
2022-06-13T21:40:46,133,0,8,133
2022-06-13T21:51:12,133,0,8,133
2022-06-13T22:01:40,133,0,8,133
2022-06-13T22:12:06,133,0,8,133
2022-06-13T22:22:34,133,0,8,133
2022-06-13T22:33:12,133,0,8,133
2022-06-13T22:43:39,133,0,8,133
2022-06-13T22:54:04,133,0,8,133
2022-06-13T23:04:32,133,0,8,133
2022-06-13T23:14:59,133,0,8,133
2022-06-13T23:25:37,133,0,8,133
2022-06-13T23:36:03,133,0,8,133
2022-06-13T23:46:30,133,0,8,133
2022-06-13T23:56:55,133,0,8,133
2022-06-14T00:07:25,133,0,8,133
2022-06-14T00:17:55,133,0,8,133
2022-06-14T00:28:25,133,0,8,133
2022-06-14T00:39:04,133,0,8,133
2022-06-14T00:49:32,133,0,8,133
2022-06-14T00:59:59,133,0,8,133
2022-06-14T01:10:30,133,0,8,133
2022-06-14T01:20:58,132,1,8,133
2022-06-14T01:31:27,132,1,8,133
2022-06-14T01:42:07,132,1,8,133
2022-06-14T01:52:34,132,1,8,133
2022-06-14T02:03:02,132,1,8,133
2022-06-14T02:13:28,132,1,8,133
2022-06-14T02:23:53,132,1,8,133
2022-06-14T02:34:19,132,1,8,133
2022-06-14T02:44:46,132,1,8,133
2022-06-14T02:55:10,132,1,8,133
2022-06-14T03:05:35,132,1,8,133
2022-06-14T03:16:00,132,1,8,133
2022-06-14T03:26:24,132,1,8,133
2022-06-14T03:37:01,132,1,8,133
2022-06-14T03:47:27,132,1,8,133
2022-06-14T03:57:52,132,1,8,133
2022-06-14T04:10:29,132,1,8,133
2022-06-14T04:20:27,132,1,8,133
2022-06-14T04:31:20,132,1,8,133
2022-06-14T04:41:48,132,1,8,133
2022-06-14T04:52:18,132,1,8,133
2022-06-14T05:02:46,132,1,8,133
2022-06-14T05:13:14,132,1,8,133
2022-06-14T05:23:42,132,1,8,133
2022-06-14T05:34:08,132,1,8,133
2022-06-14T05:44:37,132,1,8,133
2022-06-14T05:55:03,132,1,8,133
2022-06-14T06:05:30,132,1,8,133
2022-06-14T06:15:56,132,1,8,133
2022-06-14T06:26:33,132,1,8,133
2022-06-14T06:37:00,132,1,8,133
2022-06-14T06:47:26,132,1,8,133
2022-06-14T06:57:52,132,1,8,133
2022-06-14T07:08:23,132,1,8,133
2022-06-14T07:18:49,132,1,8,133
2022-06-14T07:29:16,132,1,8,133
2022-06-14T07:39:44,132,1,8,133
2022-06-14T07:50:22,132,1,8,133
2022-06-14T08:00:49,132,1,8,133
2022-06-14T08:11:16,132,1,8,133
2022-06-14T08:21:44,132,1,8,133
2022-06-14T08:32:12,132,1,8,133
2022-06-14T08:42:40,132,1,8,133
2022-06-14T08:53:08,132,1,8,133
2022-06-14T09:03:47,132,1,8,133
2022-06-14T09:14:17,132,1,8,133
2022-06-14T09:24:47,132,1,8,133
2022-06-14T09:35:18,132,1,8,133
2022-06-14T09:45:46,132,1,8,133
2022-06-14T09:56:28,132,1,8,133
2022-06-14T10:06:58,132,1,8,133
2022-06-14T10:17:29,132,1,8,133
2022-06-14T10:27:59,132,1,8,133
2022-06-14T10:38:40,132,1,8,133
2022-06-14T10:49:09,132,1,8,133
2022-06-14T10:59:38,132,1,8,133
2022-06-14T11:10:06,132,1,8,133
2022-06-14T11:20:48,132,1,8,133
2022-06-14T11:31:17,132,1,8,133
2022-06-14T11:41:47,132,1,8,133
2022-06-14T11:52:16,132,1,8,133
2022-06-14T12:02:58,132,1,8,133
2022-06-14T12:13:26,132,1,8,133
2022-06-14T12:23:55,132,1,8,133
2022-06-14T12:34:24,132,1,8,133
2022-06-14T12:45:04,132,1,8,133
2022-06-14T12:55:32,132,1,8,133
2022-06-14T13:06:01,132,1,8,133
2022-06-14T13:16:30,132,1,8,133
2022-06-14T13:27:10,132,1,8,133
2022-06-14T13:37:39,132,1,8,133
2022-06-14T13:48:07,132,1,8,133
2022-06-14T13:58:35,132,1,8,133
2022-06-14T14:09:16,132,1,8,133
2022-06-14T14:19:44,132,1,8,133
2022-06-14T14:30:13,132,1,8,133
2022-06-14T14:40:54,132,1,8,133
2022-06-14T14:51:24,132,1,8,133
2022-06-14T15:01:52,132,1,8,133
2022-06-14T15:12:21,132,1,8,133
2022-06-14T15:23:01,132,1,8,133
2022-06-14T15:33:30,132,1,8,133
2022-06-14T15:43:58,132,1,8,133
2022-06-14T15:54:38,132,1,8,133
2022-06-14T16:05:06,132,1,8,133
2022-06-14T16:15:33,132,1,8,133
2022-06-14T16:26:00,132,1,8,133
2022-06-14T16:36:38,132,1,8,133
2022-06-14T16:47:05,132,1,8,133
2022-06-14T16:57:32,132,1,8,133
2022-06-14T17:08:00,132,1,8,133
2022-06-14T17:18:39,132,1,8,133
2022-06-14T17:29:05,132,1,8,133
2022-06-14T17:39:32,132,1,8,133
2022-06-14T17:49:59,132,1,8,133
2022-06-14T18:00:25,132,1,8,133
2022-06-14T18:11:05,132,1,8,133
2022-06-14T18:21:32,132,1,8,133
2022-06-14T18:32:00,132,1,8,133
2022-06-14T18:42:28,132,1,8,133
2022-06-14T18:52:56,132,1,8,133
2022-06-14T19:03:35,132,1,8,133
2022-06-14T19:14:03,132,1,8,133
2022-06-14T19:24:30,132,1,8,133
2022-06-14T19:34:57,132,1,8,133
2022-06-14T19:45:35,132,1,8,133
2022-06-14T19:56:01,132,1,8,133
2022-06-14T20:06:28,132,1,8,133
2022-06-14T20:16:55,132,1,8,133
2022-06-14T20:27:35,132,1,8,133
2022-06-14T20:38:01,132,1,8,133
2022-06-14T20:48:27,132,1,8,133
2022-06-14T20:59:06,132,1,8,133
2022-06-14T21:09:33,132,1,8,133
2022-06-14T21:20:00,132,1,8,133
2022-06-14T21:30:26,132,1,8,133
2022-06-14T21:41:05,132,1,8,133
2022-06-14T21:51:32,132,1,8,133
2022-06-14T22:01:58,132,1,8,133
2022-06-14T22:12:24,132,1,8,133
2022-06-14T22:23:03,132,1,8,133
2022-06-14T22:33:30,132,1,8,133
2022-06-14T22:43:56,132,1,8,133
2022-06-14T22:54:23,132,1,8,133
2022-06-14T23:05:03,132,1,8,133
2022-06-14T23:15:30,132,1,8,133
2022-06-14T23:25:56,132,1,8,133
2022-06-14T23:36:23,132,1,8,133
2022-06-14T23:46:49,132,1,8,133
2022-06-14T23:57:27,132,1,8,133
2022-06-15T00:07:58,132,1,8,133
2022-06-15T00:18:30,132,1,8,133
2022-06-15T00:28:59,132,1,8,133
2022-06-15T00:39:40,132,1,8,133
2022-06-15T00:50:09,132,1,8,133
2022-06-15T01:00:37,132,1,8,133
2022-06-15T01:11:08,132,1,8,133
2022-06-15T01:21:37,132,1,8,133
2022-06-15T01:32:05,132,1,8,133
2022-06-15T01:42:46,132,1,8,133
2022-06-15T01:53:14,132,1,8,133
2022-06-15T02:03:43,132,1,8,133
2022-06-15T02:14:11,132,1,8,133
2022-06-15T02:24:37,132,1,8,133
2022-06-15T02:35:03,132,1,8,133
2022-06-15T02:45:41,132,1,8,133
2022-06-15T02:56:08,132,1,8,133
2022-06-15T03:06:37,132,1,8,133
2022-06-15T03:17:07,132,1,8,133
2022-06-15T03:27:38,132,1,8,133
2022-06-15T03:38:07,132,1,8,133
2022-06-15T03:48:38,132,1,8,133
2022-06-15T03:59:13,132,1,8,133
2022-06-15T04:19:20,132,1,8,133
2022-06-15T04:30:21,132,1,8,133
2022-06-15T04:40:59,132,1,8,133
2022-06-15T04:51:34,132,1,8,133
2022-06-15T05:02:09,132,1,8,133
2022-06-15T05:12:39,132,1,8,133
2022-06-15T05:23:19,132,1,8,133
2022-06-15T05:33:53,132,1,8,133
2022-06-15T05:44:32,132,1,8,133
2022-06-15T05:55:07,132,1,8,133
2022-06-15T06:05:44,132,1,8,133
2022-06-15T06:16:19,132,1,8,133
2022-06-15T06:26:53,132,1,8,133
2022-06-15T06:37:39,132,1,8,133
2022-06-15T06:48:14,132,1,8,133
2022-06-15T06:58:47,132,1,8,133
2022-06-15T07:09:17,132,1,8,133
2022-06-15T07:19:48,132,1,8,133
2022-06-15T07:30:16,132,1,8,133
2022-06-15T07:40:44,132,1,8,133
2022-06-15T07:51:13,132,1,8,133
2022-06-15T08:01:52,132,1,8,133
2022-06-15T08:12:24,132,1,8,133
2022-06-15T08:22:52,132,1,8,133
2022-06-15T08:33:22,132,1,8,133
2022-06-15T08:43:54,132,1,8,133
2022-06-15T08:54:22,132,1,8,133
2022-06-15T09:05:04,132,1,8,133
2022-06-15T09:15:34,132,1,8,133
2022-06-15T09:26:04,132,1,8,133
2022-06-15T09:36:33,132,1,8,133
2022-06-15T09:47:01,132,1,8,133
2022-06-15T09:57:42,132,1,8,133
2022-06-15T10:08:11,132,1,8,133
2022-06-15T10:18:39,132,1,8,133
2022-06-15T10:29:08,132,1,8,133
2022-06-15T10:39:36,132,1,8,133
2022-06-15T10:50:17,132,1,8,133
2022-06-15T11:00:46,132,1,8,133
2022-06-15T11:11:15,132,1,8,133
2022-06-15T11:21:44,132,1,8,133
2022-06-15T11:32:26,132,1,8,133
2022-06-15T11:42:56,132,1,8,133
2022-06-15T11:53:26,132,1,8,133
2022-06-15T12:03:55,132,1,8,133
2022-06-15T12:14:23,132,1,8,133
2022-06-15T12:25:03,132,1,8,133
2022-06-15T12:35:30,132,1,8,133
2022-06-15T12:45:58,132,1,8,133
2022-06-15T12:56:26,132,1,8,133
2022-06-15T13:07:07,132,1,8,133
2022-06-15T13:17:35,132,1,8,133
2022-06-15T13:28:05,132,1,8,133
2022-06-15T13:38:35,132,1,8,133
2022-06-15T13:49:06,132,1,8,133
2022-06-15T13:59:47,132,1,8,133
2022-06-15T14:10:17,132,1,8,133
2022-06-15T14:20:49,132,1,8,133
2022-06-15T14:31:21,132,1,8,133
2022-06-15T14:41:49,132,1,8,133
2022-06-15T14:52:32,132,1,8,133
2022-06-15T15:03:01,132,1,8,133
2022-06-15T15:13:29,132,1,8,133
2022-06-15T15:23:57,132,1,8,133
2022-06-15T15:34:24,132,1,8,133
2022-06-15T15:44:52,132,1,8,133
2022-06-15T15:55:30,132,1,8,133
2022-06-15T16:05:57,132,1,8,133
2022-06-15T16:16:25,132,1,8,133
2022-06-15T16:26:53,132,1,8,133
2022-06-15T16:37:19,132,1,8,133
2022-06-15T16:47:58,132,1,8,133
2022-06-15T16:58:26,132,1,8,133
2022-06-15T17:08:53,132,1,8,133
2022-06-15T17:19:20,132,1,8,133
2022-06-15T17:29:46,132,1,8,133
2022-06-15T17:40:12,132,1,8,133
2022-06-15T17:50:51,132,1,8,133
2022-06-15T18:01:17,132,1,8,133
2022-06-15T18:11:44,132,1,8,133
2022-06-15T18:22:14,132,1,8,133
2022-06-15T18:32:39,132,1,8,133
2022-06-15T18:43:05,132,1,8,133
2022-06-15T18:53:44,132,1,8,133
2022-06-15T19:04:13,132,1,8,133
2022-06-15T19:14:44,132,1,8,133
2022-06-15T19:25:13,132,1,8,133
2022-06-15T19:35:45,132,1,8,133
2022-06-15T19:46:16,132,1,8,133
2022-06-15T19:57:01,132,1,8,133
2022-06-15T20:07:36,132,1,8,133
2022-06-15T20:18:11,132,1,8,133
2022-06-15T20:28:41,132,1,8,133
2022-06-15T20:39:17,132,1,8,133
2022-06-15T20:49:50,132,1,8,133
2022-06-15T21:00:32,132,1,8,133
2022-06-15T21:11:07,132,1,8,133
2022-06-15T21:21:42,132,1,8,133
2022-06-15T21:32:16,132,1,8,133
2022-06-15T21:43:02,132,1,8,133
2022-06-15T21:53:36,132,1,8,133
2022-06-15T22:04:09,132,1,8,133
2022-06-15T22:14:43,132,1,8,133
2022-06-15T22:25:31,132,1,8,133
2022-06-15T22:36:04,133,0,7,133
2022-06-15T22:46:33,133,0,7,133
2022-06-15T22:57:03,133,0,7,133
2022-06-15T23:07:31,133,0,7,133
2022-06-15T23:18:11,133,0,7,133
2022-06-15T23:28:38,133,0,7,133
2022-06-15T23:39:05,133,0,7,133
2022-06-15T23:49:30,133,0,7,133
2022-06-15T23:59:56,133,0,7,133
2022-06-16T00:10:23,133,0,7,133
2022-06-16T00:20:52,133,0,7,133
2022-06-16T00:31:33,133,0,7,133
2022-06-16T00:42:01,133,0,7,133
2022-06-16T00:52:28,133,0,7,133
2022-06-16T01:02:57,133,0,7,133
2022-06-16T01:13:24,133,0,7,133
2022-06-16T01:23:50,133,0,7,133
2022-06-16T01:34:16,133,0,7,133
2022-06-16T01:44:42,133,0,7,133
2022-06-16T01:55:10,133,0,7,133
2022-06-16T02:05:51,133,0,7,133
2022-06-16T02:16:18,133,0,7,133
2022-06-16T02:26:44,133,0,7,133
2022-06-16T02:37:10,133,0,7,133
2022-06-16T02:47:36,133,0,7,133
2022-06-16T02:58:01,133,0,7,133
2022-06-16T03:08:26,133,0,7,133
2022-06-16T03:18:50,133,0,7,133
2022-06-16T03:29:15,133,0,7,133
2022-06-16T03:39:40,133,0,7,133
2022-06-16T03:50:04,133,0,7,133
2022-06-16T04:00:28,133,0,7,133
2022-06-16T04:10:53,133,0,7,133
2022-06-16T04:20:59,133,0,7,133
2022-06-16T04:31:48,133,0,7,133
2022-06-16T04:42:16,133,0,7,133
2022-06-16T04:52:45,133,0,7,133
2022-06-16T05:03:13,133,0,7,133
2022-06-16T05:13:44,133,0,7,133
2022-06-16T05:24:12,133,0,7,133
2022-06-16T05:34:39,133,0,7,133
2022-06-16T05:45:07,133,0,7,133
2022-06-16T05:55:37,133,0,7,133
2022-06-16T06:06:04,133,0,7,133
2022-06-16T06:16:32,133,0,7,133
2022-06-16T06:26:59,133,0,7,133
2022-06-16T06:37:25,133,0,7,133
2022-06-16T06:47:53,133,0,7,133
2022-06-16T06:58:20,133,0,7,133
2022-06-16T07:08:51,133,0,7,133
2022-06-16T07:19:19,133,0,7,133
2022-06-16T07:29:58,133,0,7,133
2022-06-16T07:40:25,133,0,7,133
2022-06-16T07:50:52,133,0,7,133
2022-06-16T08:01:20,133,0,7,133
2022-06-16T08:11:47,133,0,7,133
2022-06-16T08:22:13,133,0,7,133
2022-06-16T08:32:40,133,0,7,133
2022-06-16T08:43:06,133,0,7,133
2022-06-16T08:53:33,133,0,7,133
2022-06-16T09:04:00,133,0,7,133
2022-06-16T09:14:27,133,0,7,133
2022-06-16T09:24:53,133,0,7,133
2022-06-16T09:35:33,133,0,7,133
2022-06-16T09:46:00,133,0,7,133
2022-06-16T09:56:27,133,0,7,133
2022-06-16T10:06:55,133,0,7,133
2022-06-16T10:17:21,133,0,7,133
2022-06-16T10:27:48,133,0,7,133
2022-06-16T10:38:15,133,0,7,133
2022-06-16T10:48:54,133,0,7,133
2022-06-16T10:59:21,133,0,7,133
2022-06-16T11:09:48,133,0,7,133
2022-06-16T11:20:16,133,0,7,133
2022-06-16T11:30:43,133,0,7,133
2022-06-16T11:41:09,133,0,7,133
2022-06-16T11:51:36,133,0,7,133
2022-06-16T12:02:02,133,0,7,133
2022-06-16T12:12:41,133,0,7,133
2022-06-16T12:23:09,133,0,7,133
2022-06-16T12:33:38,133,0,7,133
2022-06-16T12:44:09,133,0,7,133
2022-06-16T12:54:40,133,0,7,133
2022-06-16T13:05:12,133,0,7,133
2022-06-16T13:15:56,133,0,7,133
2022-06-16T13:26:31,133,0,7,133
2022-06-16T13:37:10,133,0,7,133
2022-06-16T13:47:50,133,0,7,133
2022-06-16T13:58:30,133,0,7,133
2022-06-16T14:09:22,133,0,7,133
2022-06-16T14:20:03,133,0,7,133
2022-06-16T14:30:45,133,0,7,133
2022-06-16T14:41:21,133,0,7,133
2022-06-16T14:51:57,133,0,7,133
2022-06-16T15:02:29,133,0,7,133
2022-06-16T15:13:12,133,0,7,133
2022-06-16T15:23:42,133,0,7,133
2022-06-16T15:34:09,133,0,7,133
2022-06-16T15:44:37,133,0,7,133
2022-06-16T15:55:04,133,0,7,133
2022-06-16T16:05:31,133,0,7,133
2022-06-16T16:16:09,133,0,7,133
2022-06-16T16:26:35,133,0,7,133
2022-06-16T16:37:02,133,0,7,133
2022-06-16T16:47:28,133,0,7,133
2022-06-16T16:57:54,133,0,7,133
2022-06-16T17:08:21,133,0,7,133
2022-06-16T17:18:47,133,0,7,133
2022-06-16T17:29:13,133,0,7,133
2022-06-16T17:39:50,133,0,7,133
2022-06-16T17:50:15,133,0,7,133
2022-06-16T18:00:41,133,0,7,133
2022-06-16T18:11:07,133,0,7,133
2022-06-16T18:21:33,133,0,7,133
2022-06-16T18:31:58,133,0,7,133
2022-06-16T18:42:24,133,0,7,133
2022-06-16T18:52:49,133,0,7,133
2022-06-16T19:03:26,133,0,7,133
2022-06-16T19:13:51,133,0,7,133
2022-06-16T19:24:17,133,0,7,133
2022-06-16T19:34:43,133,0,7,133
2022-06-16T19:45:09,133,0,7,133
2022-06-16T19:55:35,133,0,7,133
2022-06-16T20:06:01,133,0,7,133
2022-06-16T20:16:26,133,0,7,133
2022-06-16T20:26:51,133,0,7,133
2022-06-16T20:37:28,133,0,7,133
2022-06-16T20:47:54,133,0,7,133
2022-06-16T20:58:19,133,0,7,133
2022-06-16T21:08:45,133,0,7,133
2022-06-16T21:19:10,133,0,7,133
2022-06-16T21:29:36,133,0,7,133
2022-06-16T21:40:01,133,0,7,133
2022-06-16T21:50:28,133,0,7,133
2022-06-16T22:01:05,133,0,7,133
2022-06-16T22:11:30,133,0,7,133
2022-06-16T22:21:57,133,0,7,133
2022-06-16T22:32:22,133,0,7,133
2022-06-16T22:42:59,133,0,7,133
2022-06-16T22:53:25,133,0,7,133
2022-06-16T23:03:51,133,0,7,133
2022-06-16T23:14:17,133,0,7,133
2022-06-16T23:24:43,133,0,7,133
2022-06-16T23:35:15,133,0,7,133
2022-06-16T23:45:50,133,0,7,133
2022-06-16T23:56:28,133,0,7,133
2022-06-17T00:07:08,133,0,7,133
2022-06-17T00:17:50,133,0,7,133
2022-06-17T00:29:00,133,0,7,133
2022-06-17T00:39:49,133,0,7,133
2022-06-17T00:50:35,133,0,7,133
2022-06-17T01:01:17,133,0,7,133
2022-06-17T01:11:56,133,0,7,133
2022-06-17T01:22:33,133,0,7,133
2022-06-17T01:33:08,133,0,7,133
2022-06-17T01:43:42,133,0,7,133
2022-06-17T01:54:15,133,0,7,133
2022-06-17T02:04:45,133,0,7,133
2022-06-17T02:15:27,133,0,7,133
2022-06-17T02:25:53,133,0,7,133
2022-06-17T02:36:18,133,0,7,133
2022-06-17T02:46:43,133,0,7,133
2022-06-17T02:57:08,133,0,7,133
2022-06-17T03:07:32,133,0,7,133
2022-06-17T03:17:57,133,0,7,133
2022-06-17T03:28:22,133,0,7,133
2022-06-17T03:38:47,133,0,7,133
2022-06-17T03:49:13,133,0,7,133
2022-06-17T03:59:40,133,0,7,133
2022-06-17T04:17:03,133,0,7,133
2022-06-17T04:27:54,133,0,7,133
2022-06-17T04:39:33,133,0,7,133
2022-06-17T04:53:20,133,0,7,133
2022-06-17T05:13:01,133,0,7,133
2022-06-17T05:32:32,133,0,7,133
2022-06-17T05:53:09,133,0,7,133
2022-06-17T06:06:03,133,0,7,133
2022-06-17T06:16:28,133,0,7,133
2022-06-17T06:26:56,133,0,7,133
2022-06-17T06:37:37,133,0,7,133
2022-06-17T06:48:07,133,0,7,133
2022-06-17T06:58:35,133,0,7,133
2022-06-17T07:09:04,133,0,7,133
2022-06-17T07:19:33,133,0,7,133
2022-06-17T07:30:01,133,0,7,133
2022-06-17T07:40:28,133,0,7,133
2022-06-17T07:50:56,133,0,7,133
2022-06-17T08:01:24,133,0,7,133
2022-06-17T08:11:51,133,0,7,133
2022-06-17T08:22:19,133,0,7,133
2022-06-17T08:32:47,133,0,7,133
2022-06-17T08:43:15,133,0,7,133
2022-06-17T08:53:52,133,0,7,133
2022-06-17T09:04:20,133,0,7,133
2022-06-17T09:14:47,133,0,7,133
2022-06-17T09:25:15,133,0,7,133
2022-06-17T09:35:44,133,0,7,133
2022-06-17T09:46:13,133,0,7,133
2022-06-17T09:56:43,133,0,7,133
2022-06-17T10:07:12,133,0,7,133
2022-06-17T10:17:41,133,0,7,133
2022-06-17T10:28:09,133,0,7,133
2022-06-17T10:38:37,133,0,7,133
2022-06-17T10:49:04,133,0,7,133
2022-06-17T10:59:46,133,0,7,133
2022-06-17T11:10:14,133,0,7,133
2022-06-17T11:20:42,133,0,7,133
2022-06-17T11:31:09,133,0,7,133
2022-06-17T11:41:37,133,0,7,133
2022-06-17T11:52:15,133,0,7,133
2022-06-17T12:02:43,133,0,7,133
2022-06-17T12:13:10,133,0,7,133
2022-06-17T12:23:38,133,0,7,133
2022-06-17T12:34:06,133,0,7,133
2022-06-17T12:44:33,133,0,7,133
2022-06-17T12:55:01,133,0,7,133
2022-06-17T13:05:28,133,0,7,133
2022-06-17T13:16:06,133,0,7,133
2022-06-17T13:26:34,133,0,7,133
2022-06-17T13:37:03,133,0,7,133
2022-06-17T13:47:30,133,0,7,133
2022-06-17T13:57:58,133,0,7,133
2022-06-17T14:08:26,133,0,7,133
2022-06-17T14:18:53,133,0,7,133
2022-06-17T14:29:21,133,0,7,133
2022-06-17T14:39:49,133,0,7,133
2022-06-17T14:50:22,133,0,7,133
2022-06-17T15:01:01,133,0,7,133
2022-06-17T15:11:29,133,0,7,133
2022-06-17T15:21:57,133,0,7,133
2022-06-17T15:32:24,133,0,7,133
2022-06-17T15:42:52,133,0,7,133
2022-06-17T15:53:20,133,0,7,133
2022-06-17T16:03:47,133,0,7,133
2022-06-17T16:14:15,133,0,7,133
2022-06-17T16:24:42,133,0,7,133
2022-06-17T16:35:21,133,0,7,133
2022-06-17T16:45:48,133,0,7,133
2022-06-17T16:56:15,133,0,7,133
2022-06-17T17:06:43,133,0,7,133
2022-06-17T17:17:11,133,0,7,133
2022-06-17T17:27:37,133,0,7,133
2022-06-17T17:38:04,133,0,7,133
2022-06-17T17:48:31,133,0,7,133
2022-06-17T17:59:09,133,0,7,133
2022-06-17T18:09:35,133,0,7,133
2022-06-17T18:20:02,133,0,7,133
2022-06-17T18:30:28,133,0,7,133
2022-06-17T18:40:56,133,0,7,133
2022-06-17T18:51:22,133,0,7,133
2022-06-17T19:01:48,133,0,7,133
2022-06-17T19:12:15,133,0,7,133
2022-06-17T19:22:42,133,0,7,133
2022-06-17T19:33:19,133,0,7,133
2022-06-17T19:43:46,133,0,7,133
2022-06-17T19:54:12,133,0,7,133
2022-06-17T20:04:39,133,0,7,133
2022-06-17T20:15:06,133,0,7,133
2022-06-17T20:25:32,133,0,7,133
2022-06-17T20:35:59,133,0,7,133
2022-06-17T20:46:25,133,0,7,133
2022-06-17T20:56:51,133,0,7,133
2022-06-17T21:07:18,133,0,7,133
2022-06-17T21:17:45,133,0,7,133
2022-06-17T21:28:22,133,0,7,133
2022-06-17T21:38:48,133,0,7,133
2022-06-17T21:49:16,133,0,7,133
2022-06-17T21:59:42,133,0,7,133
2022-06-17T22:10:08,133,0,7,133
2022-06-17T22:20:34,133,0,7,133
2022-06-17T22:31:01,133,0,7,133
2022-06-17T22:41:29,133,0,7,133
2022-06-17T22:52:05,133,0,7,133
2022-06-17T23:02:32,133,0,7,133
2022-06-17T23:12:59,133,0,7,133
2022-06-17T23:23:27,133,0,7,133
2022-06-17T23:33:55,133,0,7,133
2022-06-17T23:44:22,133,0,7,133
2022-06-17T23:54:48,133,0,7,133
2022-06-18T00:05:15,133,0,7,133
2022-06-18T00:15:45,133,0,7,133
2022-06-18T00:26:13,133,0,7,133
2022-06-18T00:36:42,133,0,7,133
2022-06-18T00:47:10,133,0,7,133
2022-06-18T00:57:39,133,0,7,133
2022-06-18T01:08:08,133,0,7,133
2022-06-18T01:18:43,133,0,7,133
2022-06-18T01:29:17,133,0,7,133
2022-06-18T01:39:52,133,0,7,133
2022-06-18T01:50:26,133,0,7,133
2022-06-18T02:01:08,133,0,7,133
2022-06-18T02:11:44,133,0,7,133
2022-06-18T02:22:23,133,0,7,133
2022-06-18T02:33:01,133,0,7,133
2022-06-18T02:43:38,133,0,7,133
2022-06-18T02:54:14,133,0,7,133
2022-06-18T03:04:51,133,0,7,133
2022-06-18T03:15:28,133,0,7,133
2022-06-18T03:26:05,133,0,7,133
2022-06-18T03:36:40,133,0,7,133
2022-06-18T03:47:18,133,0,7,133
2022-06-18T04:00:01,133,0,7,133
2022-06-18T04:18:31,133,0,7,133
2022-06-18T04:29:23,133,0,7,133
2022-06-18T04:39:56,133,0,7,133
2022-06-18T04:50:24,133,0,7,133
2022-06-18T05:00:53,133,0,7,133
2022-06-18T05:11:22,133,0,7,133
2022-06-18T05:21:50,133,0,7,133
2022-06-18T05:32:19,133,0,7,133
2022-06-18T05:42:47,133,0,7,133
2022-06-18T05:53:18,133,0,7,133
2022-06-18T06:03:46,133,0,7,133
2022-06-18T06:14:14,133,0,7,133
2022-06-18T06:24:42,133,0,7,133
2022-06-18T06:35:10,133,0,7,133
2022-06-18T06:45:37,133,0,7,133
2022-06-18T06:56:14,133,0,7,133
2022-06-18T07:06:42,133,0,7,133
2022-06-18T07:17:10,133,0,7,133
2022-06-18T07:27:38,133,0,7,133
2022-06-18T07:38:07,133,0,7,133
2022-06-18T07:48:35,133,0,7,133
2022-06-18T07:59:02,133,0,7,133
2022-06-18T08:09:31,133,0,7,133
2022-06-18T08:19:59,133,0,7,133
2022-06-18T08:30:27,133,0,7,133
2022-06-18T08:40:54,133,0,7,133
2022-06-18T08:51:34,133,0,7,133
2022-06-18T09:02:01,133,0,7,133
2022-06-18T09:12:28,133,0,7,133
2022-06-18T09:22:56,133,0,7,133
2022-06-18T09:33:23,133,0,7,133
2022-06-18T09:43:51,133,0,7,133
2022-06-18T09:54:18,133,0,7,133
2022-06-18T10:04:45,133,0,7,133
2022-06-18T10:15:11,133,0,7,133
2022-06-18T10:25:37,133,0,7,133
2022-06-18T10:36:13,133,0,7,133
2022-06-18T10:46:40,133,0,7,133
2022-06-18T10:57:20,133,0,7,133
2022-06-18T11:07:46,133,0,7,133
2022-06-18T11:18:13,133,0,7,133
2022-06-18T11:28:39,133,0,7,133
2022-06-18T11:39:05,133,0,7,133
2022-06-18T11:49:30,133,0,7,133
2022-06-18T11:59:56,133,0,7,133
2022-06-18T12:10:23,133,0,7,133
2022-06-18T12:20:49,133,0,7,133
2022-06-18T12:31:26,133,0,7,133
2022-06-18T12:41:52,133,0,7,133
2022-06-18T12:52:18,133,0,7,133
2022-06-18T13:02:44,133,0,7,133
2022-06-18T13:13:10,133,0,7,133
2022-06-18T13:23:36,133,0,7,133
2022-06-18T13:34:01,133,0,7,133
2022-06-18T13:44:28,133,0,7,133
2022-06-18T13:54:54,133,0,7,133
2022-06-18T14:05:27,133,0,7,133
2022-06-18T14:16:04,133,0,7,133
2022-06-18T14:26:29,133,0,7,133
2022-06-18T14:36:55,133,0,7,133
2022-06-18T14:47:20,133,0,7,133
2022-06-18T14:57:46,133,0,7,133
2022-06-18T15:08:11,133,0,7,133
2022-06-18T15:18:37,133,0,7,133
2022-06-18T15:29:03,133,0,7,133
2022-06-18T15:39:29,133,0,7,133
2022-06-18T15:49:54,133,0,7,133
2022-06-18T16:00:21,133,0,7,133
2022-06-18T16:10:47,133,0,7,133
2022-06-18T16:21:23,133,0,7,133
2022-06-18T16:31:48,133,0,7,133
2022-06-18T16:42:14,133,0,7,133
2022-06-18T16:52:39,133,0,7,133
2022-06-18T17:03:05,133,0,7,133
2022-06-18T17:13:31,133,0,7,133
2022-06-18T17:23:57,133,0,7,133
2022-06-18T17:34:22,133,0,7,133
2022-06-18T17:44:48,133,0,7,133
2022-06-18T17:55:14,133,0,7,133
2022-06-18T18:05:41,133,0,7,133
2022-06-18T18:16:16,133,0,7,133
2022-06-18T18:26:42,133,0,7,133
2022-06-18T18:37:09,133,0,7,133
2022-06-18T18:47:34,133,0,7,133
2022-06-18T18:58:00,133,0,7,133
2022-06-18T19:08:26,133,0,7,133
2022-06-18T19:18:53,133,0,7,133
2022-06-18T19:29:24,133,0,7,133
2022-06-18T19:39:56,133,0,7,133
2022-06-18T19:50:28,133,0,7,133
2022-06-18T20:01:00,133,0,7,133
2022-06-18T20:11:34,133,0,7,133
2022-06-18T20:22:10,133,0,7,133
2022-06-18T20:32:43,133,0,7,133
2022-06-18T20:43:24,133,0,7,133
2022-06-18T20:53:58,133,0,7,133
2022-06-18T21:04:29,133,0,7,133
2022-06-18T21:14:57,133,0,7,133
2022-06-18T21:25:30,133,0,7,133
2022-06-18T21:36:01,133,0,7,133
2022-06-18T21:46:34,133,0,7,133
2022-06-18T21:57:08,133,0,7,133
2022-06-18T22:07:40,133,0,7,133
2022-06-18T22:18:13,133,0,7,133
2022-06-18T22:28:46,133,0,7,133
2022-06-18T22:39:21,133,0,7,133
2022-06-18T22:50:02,133,0,7,133
2022-06-18T23:00:32,133,0,7,133
2022-06-18T23:11:02,133,0,7,133
2022-06-18T23:21:29,133,0,7,133
2022-06-18T23:31:55,133,0,7,133
2022-06-18T23:42:21,133,0,7,133
2022-06-18T23:52:47,133,0,7,133
2022-06-19T00:03:13,133,0,7,133
2022-06-19T02:20:52,133,0,7,133
2022-06-19T02:31:23,133,0,7,133
2022-06-19T02:41:52,133,0,7,133
2022-06-19T02:52:20,133,0,7,133
2022-06-19T06:48:41,133,0,7,133
2022-06-19T06:59:14,133,0,7,133
2022-06-19T07:09:41,133,0,7,133
2022-06-19T07:20:09,133,0,7,133
2022-06-19T07:30:47,133,0,7,133
2022-06-19T07:41:15,133,0,7,133
2022-06-19T07:51:42,133,0,7,133
2022-06-19T08:02:10,133,0,7,133
2022-06-19T08:12:37,133,0,7,133
2022-06-19T08:23:03,133,0,7,133
2022-06-19T08:33:30,133,0,7,133
2022-06-19T08:43:55,133,0,7,133
2022-06-19T08:54:21,133,0,7,133
2022-06-19T09:04:48,133,0,7,133
2022-06-19T09:15:13,133,0,7,133
2022-06-19T09:25:40,133,0,7,133
2022-06-19T09:36:06,133,0,7,133
2022-06-19T09:46:32,133,0,7,133
2022-06-19T09:56:59,133,0,7,133
2022-06-19T10:07:25,133,0,7,133
2022-06-19T10:17:51,133,0,7,133
2022-06-19T10:28:28,133,0,7,133
2022-06-19T10:38:55,133,0,7,133
2022-06-19T10:49:23,133,0,7,133
2022-06-19T10:59:52,133,0,7,133
2022-06-19T11:10:19,133,0,7,133
2022-06-19T11:20:46,133,0,7,133
2022-06-19T11:31:12,133,0,7,133
2022-06-19T11:41:39,133,0,7,133
2022-06-19T11:52:05,133,0,7,133
2022-06-19T12:02:31,133,0,7,133
2022-06-19T12:12:57,133,0,7,133
2022-06-19T12:23:35,133,0,7,133
2022-06-19T12:34:00,133,0,7,133
2022-06-19T12:44:26,133,0,7,133
2022-06-19T12:54:52,133,0,7,133
2022-06-19T13:05:19,133,0,7,133
2022-06-19T13:15:50,133,0,7,133
2022-06-19T13:26:20,133,0,7,133
2022-06-19T13:36:51,133,0,7,133
2022-06-19T13:47:25,133,0,7,133
2022-06-19T13:57:54,133,0,7,133
2022-06-19T14:08:26,133,0,7,133
2022-06-19T14:19:02,133,0,7,133
2022-06-19T14:29:38,133,0,7,133
2022-06-19T14:40:30,133,0,7,133
2022-06-19T14:51:10,133,0,7,133
2022-06-19T15:01:49,133,0,7,133
2022-06-19T15:12:32,133,0,7,133
2022-06-19T15:23:08,133,0,7,133
2022-06-19T15:33:43,133,0,7,133
2022-06-19T15:44:16,133,0,7,133
2022-06-19T15:54:45,133,0,7,133
2022-06-19T16:05:13,133,0,7,133
2022-06-19T16:15:42,133,0,7,133
2022-06-19T16:26:19,133,0,7,133
2022-06-19T16:36:46,133,0,7,133
2022-06-19T16:47:13,133,0,7,133
2022-06-19T16:57:39,133,0,7,133
2022-06-19T17:08:05,133,0,7,133
2022-06-19T17:18:31,133,0,7,133
2022-06-19T17:28:56,133,0,7,133
2022-06-19T17:39:22,133,0,7,133
2022-06-19T17:49:48,133,0,7,133
2022-06-19T18:00:14,133,0,7,133
2022-06-19T18:10:40,133,0,7,133
2022-06-19T18:21:06,133,0,7,133
2022-06-19T18:31:34,133,0,7,133
2022-06-19T18:42:10,133,0,7,133
2022-06-19T18:52:36,133,0,7,133
2022-06-19T19:03:03,133,0,7,133
2022-06-19T19:13:29,133,0,7,133
2022-06-19T19:23:55,133,0,7,133
2022-06-19T19:34:21,133,0,7,133
2022-06-19T19:44:48,133,0,7,133
2022-06-19T19:55:14,133,0,7,133
2022-06-19T20:05:41,133,0,7,133
2022-06-19T20:16:07,133,0,7,133
2022-06-19T20:26:33,133,0,7,133
2022-06-19T20:36:59,133,0,7,133
2022-06-19T20:47:26,133,0,7,133
2022-06-19T20:58:03,133,0,7,133
2022-06-19T21:08:29,133,0,7,133
2022-06-19T21:18:55,133,0,7,133
2022-06-19T21:29:22,133,0,7,133
2022-06-19T21:39:50,133,0,7,133
2022-06-19T21:50:17,133,0,7,133
2022-06-19T22:00:43,133,0,7,133
2022-06-19T22:11:10,133,0,7,133
2022-06-19T22:21:36,133,0,7,133
2022-06-19T22:32:03,133,0,7,133
2022-06-19T22:42:29,133,0,7,133
2022-06-19T22:53:07,133,0,7,133
2022-06-19T23:03:34,133,0,7,133
2022-06-19T23:14:01,133,0,7,133
2022-06-19T23:24:27,133,0,7,133
2022-06-19T23:34:54,133,0,7,133
2022-06-19T23:45:20,133,0,7,133
2022-06-19T23:55:46,133,0,7,133
2022-06-20T00:06:14,133,0,7,133
2022-06-20T00:16:49,133,0,7,133
2022-06-20T00:27:19,133,0,7,133
2022-06-20T00:37:52,133,0,7,133
2022-06-20T00:48:32,133,0,7,133
2022-06-20T00:59:00,133,0,7,133
2022-06-20T01:09:26,133,0,7,133
2022-06-20T01:19:59,133,0,7,133
2022-06-20T01:30:28,133,0,7,133
2022-06-20T01:40:57,133,0,7,133
2022-06-20T01:51:24,133,0,7,133
2022-06-20T02:02:01,133,0,7,133
2022-06-20T02:12:29,133,0,7,133
2022-06-20T02:22:56,133,0,7,133
2022-06-20T02:33:23,133,0,7,133
2022-06-20T02:43:50,133,0,7,133
2022-06-20T02:54:16,133,0,7,133
2022-06-20T03:04:42,133,0,7,133
2022-06-20T03:15:09,133,0,7,133
2022-06-20T03:25:36,133,0,7,133
2022-06-20T03:36:02,133,0,7,133
2022-06-20T03:46:31,133,0,7,133
2022-06-20T03:57:12,133,0,7,133
2022-06-20T04:07:40,133,0,7,133
2022-06-20T04:21:38,133,0,7,133
2022-06-20T04:32:34,133,0,7,133
2022-06-20T04:43:04,133,0,7,133
2022-06-20T04:53:35,133,0,7,133
2022-06-20T05:04:05,133,0,7,133
2022-06-20T05:14:35,133,0,7,133
2022-06-20T05:25:05,133,0,7,133
2022-06-20T05:35:35,133,0,7,133
2022-06-20T05:46:02,133,0,7,133
2022-06-20T05:56:30,133,0,7,133
2022-06-20T06:07:01,133,0,7,133
2022-06-20T06:17:29,133,0,7,133
2022-06-20T06:27:57,133,0,7,133
2022-06-20T06:38:24,133,0,7,133
2022-06-20T06:48:50,133,0,7,133
2022-06-20T06:59:19,133,0,7,133
2022-06-20T07:09:45,133,0,7,133
2022-06-20T07:20:11,133,0,7,133
2022-06-20T07:30:37,133,0,7,133
2022-06-20T07:41:03,133,0,7,133
2022-06-20T07:51:28,133,0,7,133
2022-06-20T08:01:54,133,0,7,133
2022-06-20T08:12:20,133,0,7,133
2022-06-20T08:22:46,133,0,7,133
2022-06-20T08:33:23,133,0,7,133
2022-06-20T08:43:49,133,0,7,133
2022-06-20T08:54:15,133,0,7,133
2022-06-20T09:04:43,133,0,7,133
2022-06-20T09:15:12,133,0,7,133
2022-06-20T09:25:42,133,0,7,133
2022-06-20T09:36:15,133,0,7,133
2022-06-20T09:46:51,133,0,7,133
2022-06-20T09:57:24,133,0,7,133
2022-06-20T10:07:56,133,0,7,133
2022-06-20T10:18:32,133,0,7,133
2022-06-20T10:29:24,133,0,7,133
2022-06-20T10:40:02,133,0,7,133
2022-06-20T10:50:42,133,0,7,133
2022-06-20T11:01:21,133,0,7,133
2022-06-20T11:11:56,133,0,7,133
2022-06-20T11:22:32,133,0,7,133
2022-06-20T11:33:08,133,0,7,133
2022-06-20T11:43:40,133,0,7,133
2022-06-20T11:54:08,133,0,7,133
2022-06-20T12:04:36,133,0,7,133
2022-06-20T12:15:14,133,0,7,133
2022-06-20T12:25:41,133,0,7,133
2022-06-20T12:36:07,133,0,7,133
2022-06-20T12:46:34,133,0,7,133
2022-06-20T12:57:00,133,0,7,133
2022-06-20T13:07:26,133,0,7,133
2022-06-20T13:17:52,133,0,7,133
2022-06-20T13:28:19,133,0,7,133
2022-06-20T13:38:45,133,0,7,133
2022-06-20T13:49:20,133,0,7,133
2022-06-20T13:59:46,133,0,7,133
2022-06-20T14:10:13,133,0,7,133
2022-06-20T14:20:39,133,0,7,133
2022-06-20T14:31:05,133,0,7,133
2022-06-20T14:41:31,133,0,7,133
2022-06-20T14:51:56,133,0,7,133
2022-06-20T15:02:22,133,0,7,133
2022-06-20T15:12:48,133,0,7,133
2022-06-20T15:23:14,133,0,7,133
2022-06-20T15:33:41,133,0,7,133
2022-06-20T15:44:19,133,0,7,133
2022-06-20T15:54:45,133,0,7,133
2022-06-20T16:05:11,133,0,7,133
2022-06-20T16:15:38,133,0,7,133
2022-06-20T16:26:04,133,0,7,133
2022-06-20T16:36:31,133,0,7,133
2022-06-20T16:46:57,133,0,7,133
2022-06-20T16:57:29,133,0,7,133
2022-06-20T17:07:56,133,0,7,133
2022-06-20T17:18:23,133,0,7,133
2022-06-20T17:28:51,133,0,7,133
2022-06-20T17:39:17,133,0,7,133
2022-06-20T17:49:43,133,0,7,133
2022-06-20T18:00:20,133,0,7,133
2022-06-20T18:10:46,133,0,7,133
2022-06-20T18:21:12,133,0,7,133
2022-06-20T18:31:38,133,0,7,133
2022-06-20T18:42:04,133,0,7,133
2022-06-20T18:52:30,133,0,7,133
2022-06-20T19:02:56,133,0,7,133
2022-06-20T19:13:22,133,0,7,133
2022-06-20T19:23:48,133,0,7,133
2022-06-20T19:34:14,133,0,7,133
2022-06-20T19:44:50,133,0,7,133
2022-06-20T19:55:16,133,0,7,133
2022-06-20T20:05:42,133,0,7,133
2022-06-20T20:16:08,133,0,7,133
2022-06-20T20:26:34,133,0,7,133
2022-06-20T20:36:59,133,0,7,133
2022-06-20T20:47:26,133,0,7,133
2022-06-20T20:57:52,133,0,7,133
2022-06-20T21:08:18,133,0,7,133
2022-06-20T21:18:44,133,0,7,133
2022-06-20T21:29:21,133,0,7,133
2022-06-20T21:39:49,133,0,7,133
2022-06-20T21:50:15,133,0,7,133
2022-06-20T22:00:41,133,0,7,133
2022-06-20T22:11:07,133,0,7,133
2022-06-20T22:21:33,133,0,7,133
2022-06-20T22:32:00,133,0,7,133
2022-06-20T22:42:27,133,0,7,133
2022-06-20T22:52:53,133,0,7,133
2022-06-20T23:03:20,133,0,7,133
2022-06-20T23:14:08,133,0,7,133
2022-06-20T23:24:34,133,0,7,133
2022-06-20T23:35:00,133,0,7,133
2022-06-20T23:45:26,133,0,7,133
2022-06-20T23:55:52,133,0,7,133
2022-06-21T00:06:18,133,0,7,133
2022-06-21T00:16:46,133,0,7,133
2022-06-21T00:27:26,133,0,7,133
2022-06-21T00:37:53,133,0,7,133
2022-06-21T00:48:20,133,0,7,133
2022-06-21T00:58:48,133,0,7,133
2022-06-21T01:09:16,133,0,7,133
2022-06-21T01:19:42,133,0,7,133
2022-06-21T01:30:10,133,0,7,133
2022-06-21T01:40:36,133,0,7,133
2022-06-21T01:51:04,133,0,7,133
2022-06-21T02:01:43,133,0,7,133
2022-06-21T02:12:16,133,0,7,133
2022-06-21T02:22:46,133,0,7,133
2022-06-21T02:33:19,133,0,7,133
2022-06-21T02:43:55,133,0,7,133
2022-06-21T02:54:24,133,0,7,133
2022-06-21T03:04:57,133,0,7,133
2022-06-21T03:15:29,133,0,7,133
2022-06-21T03:26:12,133,0,7,133
2022-06-21T03:36:45,133,0,7,133
2022-06-21T03:47:22,133,0,7,133
2022-06-21T03:58:02,133,0,7,133
2022-06-21T04:08:41,133,0,7,133
2022-06-21T04:19:16,133,0,7,133
2022-06-21T04:29:35,133,0,7,133
2022-06-21T04:40:28,133,0,7,133
2022-06-21T04:51:04,133,0,7,133
2022-06-21T05:01:39,133,0,7,133
2022-06-21T05:12:13,133,0,7,133
2022-06-21T05:22:44,133,0,7,133
2022-06-21T05:33:16,133,0,7,133
2022-06-21T05:43:44,133,0,7,133
2022-06-21T05:54:11,133,0,7,133
2022-06-21T06:04:42,133,0,7,133
2022-06-21T06:15:12,133,0,7,133
2022-06-21T06:25:40,133,0,7,133
2022-06-21T06:36:06,133,0,7,133
2022-06-21T06:46:32,133,0,7,133
2022-06-21T06:57:01,133,0,7,133
2022-06-21T07:07:27,133,0,7,133
2022-06-21T07:17:53,133,0,7,133
2022-06-21T07:28:20,133,0,7,133
2022-06-21T07:38:47,133,0,7,133
2022-06-21T07:49:14,133,0,7,133
2022-06-21T07:59:40,133,0,7,133
2022-06-21T08:10:08,133,0,7,133
2022-06-21T08:20:45,133,0,7,133
2022-06-21T08:31:12,133,0,7,133
2022-06-21T08:41:40,133,0,7,133
2022-06-21T08:52:08,133,0,7,133
2022-06-21T09:02:36,133,0,7,133
2022-06-21T09:13:03,133,0,7,133
2022-06-21T09:23:33,133,0,7,133
2022-06-21T09:34:01,133,0,7,133
2022-06-21T09:44:29,133,0,7,133
2022-06-21T09:54:59,133,0,7,133
2022-06-21T10:05:39,133,0,7,133
2022-06-21T10:16:07,133,0,7,133
2022-06-21T10:26:35,133,0,7,133
2022-06-21T10:37:04,133,0,7,133
2022-06-21T10:47:32,133,0,7,133
2022-06-21T10:58:01,133,0,7,133
2022-06-21T11:08:29,133,0,7,133
2022-06-21T11:18:58,133,0,7,133
2022-06-21T11:29:26,133,0,7,133
2022-06-21T11:40:05,133,0,7,133
2022-06-21T11:50:33,133,0,7,133
2022-06-21T12:01:02,133,0,7,133
2022-06-21T12:11:30,133,0,7,133
2022-06-21T12:22:00,133,0,7,133
2022-06-21T12:32:29,133,0,7,133
2022-06-21T12:42:57,133,0,7,133
2022-06-21T12:53:25,133,0,7,133
2022-06-21T13:04:05,133,0,7,133
2022-06-21T13:14:35,133,0,7,133
2022-06-21T13:25:05,133,0,7,133
2022-06-21T13:35:36,133,0,7,133
2022-06-21T13:46:06,133,0,7,133
2022-06-21T13:56:35,133,0,7,133
2022-06-21T14:07:05,133,0,7,133
2022-06-21T14:17:34,133,0,7,133
2022-06-21T14:28:04,133,0,7,133
2022-06-21T14:38:33,133,0,7,133
2022-06-21T14:49:14,133,0,7,133
2022-06-21T14:59:43,133,0,7,133
2022-06-21T15:10:12,133,0,7,133
2022-06-21T15:20:40,133,0,7,133
2022-06-21T15:31:09,133,0,7,133
2022-06-21T15:41:39,133,0,7,133
2022-06-21T15:52:08,133,0,7,133
2022-06-21T16:02:47,133,0,7,133
2022-06-21T16:13:15,133,0,7,133
2022-06-21T16:23:44,133,0,7,133
2022-06-21T16:34:12,133,0,7,133
2022-06-21T16:44:40,133,0,7,133
2022-06-21T16:55:07,133,0,7,133
2022-06-21T17:05:36,133,0,7,133
2022-06-21T17:16:04,133,0,7,133
2022-06-21T17:26:43,133,0,7,133
2022-06-21T17:37:11,133,0,7,133
2022-06-21T17:47:38,133,0,7,133
2022-06-21T17:58:06,133,0,7,133
2022-06-21T18:08:34,133,0,7,133
2022-06-21T18:19:01,133,0,7,133
2022-06-21T18:29:28,133,0,7,133
2022-06-21T18:39:55,133,0,7,133
2022-06-21T18:50:23,133,0,7,133
2022-06-21T19:01:02,133,0,7,133
2022-06-21T19:11:30,133,0,7,133
2022-06-21T19:21:58,133,0,7,133
2022-06-21T19:32:25,133,0,7,133
2022-06-21T19:42:53,133,0,7,133
2022-06-21T19:53:20,133,0,7,133
2022-06-21T20:03:50,133,0,7,133
2022-06-21T20:14:29,133,0,7,133
2022-06-21T20:24:56,133,0,7,133
2022-06-21T20:35:24,133,0,7,133
2022-06-21T20:45:51,133,0,7,133
2022-06-21T20:56:19,133,0,7,133
2022-06-21T21:06:47,133,0,7,133
2022-06-21T21:17:14,133,0,7,133
2022-06-21T21:27:42,133,0,7,133
2022-06-21T21:38:10,133,0,7,133
2022-06-21T21:48:51,133,0,7,133
2022-06-21T21:59:19,133,0,7,133
2022-06-21T22:09:47,133,0,7,133
2022-06-21T22:20:15,133,0,7,133
2022-06-21T22:30:43,133,0,7,133
2022-06-21T22:41:12,133,0,7,133
2022-06-21T22:51:40,133,0,7,133
2022-06-21T23:02:20,133,0,7,133
2022-06-21T23:12:48,133,0,7,133
2022-06-21T23:23:16,133,0,7,133
2022-06-21T23:33:44,133,0,7,133
2022-06-21T23:44:12,133,0,7,133
2022-06-21T23:54:38,133,0,7,133
2022-06-22T00:05:06,133,0,7,133
2022-06-22T00:15:34,133,0,7,133
2022-06-22T00:26:04,133,0,8,133
2022-06-22T00:36:46,133,0,8,133
2022-06-22T00:47:14,133,0,8,133
2022-06-22T00:57:44,133,0,8,133
2022-06-22T01:08:15,133,0,8,133
2022-06-22T01:18:44,133,0,8,133
2022-06-22T01:29:15,133,0,8,133
2022-06-22T01:39:43,133,0,8,133
2022-06-22T01:50:12,133,0,8,133
2022-06-22T02:00:40,133,0,8,133
2022-06-22T02:11:10,133,0,8,133
2022-06-22T02:21:37,133,0,8,133
2022-06-22T02:32:05,133,0,8,133
2022-06-22T02:42:44,133,0,8,133
2022-06-22T02:53:12,133,0,8,133
2022-06-22T03:03:42,133,0,8,133
2022-06-22T03:14:10,133,0,8,133
2022-06-22T03:24:37,133,0,8,133
2022-06-22T03:35:04,133,0,8,133
2022-06-22T03:45:32,133,0,8,133
2022-06-22T03:56:01,133,0,8,133
2022-06-22T04:06:30,133,0,8,133
2022-06-22T04:16:59,133,0,8,133
2022-06-22T04:26:15,133,0,8,133
2022-06-22T04:37:09,133,0,8,133
2022-06-22T04:47:38,133,0,8,133
2022-06-22T04:58:07,133,0,8,133
2022-06-22T05:08:36,133,0,8,133
2022-06-22T05:19:05,133,0,8,133
2022-06-22T05:29:34,133,0,8,133
2022-06-22T05:41:44,133,0,8,133
2022-06-22T05:52:27,133,0,8,133
2022-06-22T06:02:56,133,0,8,133
2022-06-22T06:13:26,133,0,8,133
2022-06-22T06:23:55,133,0,8,133
2022-06-22T06:34:24,133,0,8,133
2022-06-22T06:44:51,133,0,8,133
2022-06-22T06:55:18,133,0,8,133
2022-06-22T07:05:49,133,0,8,133
2022-06-22T07:16:16,133,0,8,133
2022-06-22T07:26:43,133,0,8,133
2022-06-22T07:37:11,133,0,8,133
2022-06-22T07:47:37,133,0,8,133
2022-06-22T07:58:14,133,0,8,133
2022-06-22T08:08:42,133,0,8,133
2022-06-22T08:19:10,133,0,8,133
2022-06-22T08:29:38,133,0,8,133
2022-06-22T08:40:05,133,0,8,133
2022-06-22T08:50:33,133,0,8,133
2022-06-22T09:01:01,133,0,8,133
2022-06-22T09:11:28,133,0,8,133
2022-06-22T09:21:57,133,0,8,133
2022-06-22T09:32:26,133,0,8,133
2022-06-22T09:42:56,133,0,8,133
2022-06-22T09:53:36,133,0,8,133
2022-06-22T10:04:05,133,0,8,133
2022-06-22T10:14:33,133,0,8,133
2022-06-22T10:25:03,133,0,8,133
2022-06-22T10:35:33,133,0,8,133
2022-06-22T10:46:03,133,0,8,133
2022-06-22T10:56:33,133,0,8,133
2022-06-22T11:07:02,133,0,8,133
2022-06-22T11:17:31,133,0,8,133
2022-06-22T11:28:11,133,0,8,133
2022-06-22T11:38:40,133,0,8,133
2022-06-22T11:49:09,133,0,8,133
2022-06-22T11:59:38,133,0,8,133
2022-06-22T12:10:09,133,0,8,133
2022-06-22T12:20:38,133,0,8,133
2022-06-22T12:31:07,133,0,8,133
2022-06-22T12:41:38,133,0,8,133
2022-06-22T12:52:07,133,0,8,133
2022-06-22T13:02:47,133,0,8,133
2022-06-22T13:13:16,133,0,9,133
2022-06-22T13:23:49,133,0,9,133
2022-06-22T13:34:19,133,0,9,133
2022-06-22T13:44:50,133,0,9,133
2022-06-22T13:55:21,133,0,9,133
2022-06-22T14:05:54,133,0,9,133
2022-06-22T14:16:24,133,0,9,133
2022-06-22T14:27:05,133,0,9,133
2022-06-22T14:37:35,133,0,9,133
2022-06-22T14:48:07,133,0,9,133
2022-06-22T14:58:43,133,0,9,133
2022-06-22T15:09:16,133,0,9,133
2022-06-22T15:19:51,133,0,9,133
2022-06-22T15:30:24,133,0,9,133
2022-06-22T15:40:58,133,0,9,133
2022-06-22T15:51:47,133,0,9,133
2022-06-22T16:02:22,133,0,9,133
2022-06-22T16:12:57,133,0,9,133
2022-06-22T16:23:32,133,0,9,133
2022-06-22T16:34:15,133,0,9,133
2022-06-22T16:44:58,133,0,9,133
2022-06-22T16:55:36,133,0,9,133
2022-06-22T17:06:21,133,0,9,133
2022-06-22T17:17:01,133,0,9,133
2022-06-22T17:27:47,133,0,9,133
2022-06-22T17:38:20,133,0,9,133
2022-06-22T17:48:55,133,0,9,133
2022-06-22T17:59:26,133,0,9,133
2022-06-22T18:09:58,133,0,9,133
2022-06-22T18:20:28,133,0,9,133
2022-06-22T18:30:56,133,0,9,133
2022-06-22T18:41:26,133,0,9,133
2022-06-22T18:51:54,133,0,9,133
2022-06-22T19:02:22,133,0,9,133
2022-06-22T19:13:01,133,0,9,133
2022-06-22T19:23:29,133,0,9,133
2022-06-22T19:33:57,133,0,9,133
2022-06-22T19:44:25,133,0,9,133
2022-06-22T19:54:53,133,0,9,133
2022-06-22T20:05:21,133,0,9,133
2022-06-22T20:15:48,133,0,9,133
2022-06-22T20:26:16,133,0,9,133
2022-06-22T20:36:43,133,0,9,133
2022-06-22T20:47:14,133,0,9,133
2022-06-22T20:57:52,133,0,9,133
2022-06-22T21:08:20,133,0,9,133
2022-06-22T21:18:47,133,0,9,133
2022-06-22T21:29:14,133,0,9,133
2022-06-22T21:39:42,133,0,9,133
2022-06-22T21:50:11,133,0,9,133
2022-06-22T22:00:40,133,0,9,133
2022-06-22T22:11:08,133,0,9,133
2022-06-22T22:21:39,133,0,9,133
2022-06-22T22:32:06,133,0,9,133
2022-06-22T22:42:34,133,0,9,133
2022-06-22T22:53:13,133,0,9,133
2022-06-22T23:03:41,133,0,9,133
2022-06-22T23:14:10,133,0,9,133
2022-06-22T23:24:39,133,0,9,133
2022-06-22T23:35:07,133,0,9,133
2022-06-22T23:45:34,133,0,9,133
2022-06-22T23:56:02,133,0,9,133
2022-06-23T00:06:30,133,0,9,133
2022-06-23T00:17:01,133,0,9,133
2022-06-23T00:27:41,133,0,9,133
2022-06-23T00:38:10,133,0,9,133
2022-06-23T00:48:39,133,0,9,133
2022-06-23T00:59:09,133,0,9,133
2022-06-23T01:09:39,133,0,9,133
2022-06-23T01:20:08,133,0,9,133
2022-06-23T01:30:38,133,0,9,133
2022-06-23T01:41:07,133,0,9,133
2022-06-23T01:51:36,133,0,9,133
2022-06-23T02:02:05,133,0,9,133
2022-06-23T02:12:34,133,0,9,133
2022-06-23T02:23:01,133,0,9,133
2022-06-23T02:33:27,133,0,9,133
2022-06-23T02:43:54,133,0,9,133
2022-06-23T02:54:20,133,0,9,133
2022-06-23T03:04:49,133,0,9,133
2022-06-23T03:15:27,133,0,9,133
2022-06-23T03:25:52,133,0,9,133
2022-06-23T03:36:18,133,0,9,133
2022-06-23T03:46:44,133,0,9,133
2022-06-23T03:59:52,133,0,9,133
2022-06-23T04:10:19,133,0,9,133
2022-06-23T04:24:54,133,0,9,133
2022-06-23T04:35:46,133,0,9,133
2022-06-23T04:46:14,133,0,9,133
2022-06-23T04:56:43,133,0,9,133
2022-06-23T05:07:15,133,0,9,133
2022-06-23T05:17:49,133,0,9,133
2022-06-23T05:28:21,133,0,9,133
2022-06-23T05:38:52,133,0,9,133
2022-06-23T05:49:45,133,0,9,133
2022-06-23T06:00:16,133,0,9,133
2022-06-23T06:10:46,133,0,9,133
2022-06-23T06:21:17,133,0,9,133
2022-06-23T06:31:50,133,0,9,133
2022-06-23T06:42:20,133,0,9,133
2022-06-23T06:52:50,133,0,9,133
2022-06-23T07:03:25,133,0,9,133
2022-06-23T07:13:55,133,0,9,133
2022-06-23T07:24:24,133,0,9,133
2022-06-23T07:34:52,133,0,9,133
2022-06-23T07:45:26,133,0,9,133
2022-06-23T07:56:00,133,0,9,133
2022-06-23T08:06:32,133,0,9,133
2022-06-23T08:17:07,133,0,9,133
2022-06-23T08:27:43,133,0,9,133
2022-06-23T08:38:17,133,0,9,133
2022-06-23T08:49:03,133,0,9,133
2022-06-23T08:59:45,133,0,9,133
2022-06-23T09:10:21,133,0,9,133
2022-06-23T09:20:56,133,0,9,133
2022-06-23T09:31:32,133,0,9,133
2022-06-23T09:42:11,133,0,9,133
2022-06-23T09:52:49,133,0,9,133
2022-06-23T10:03:34,133,0,9,133
2022-06-23T10:14:13,133,0,9,133
2022-06-23T10:24:49,133,0,9,133
2022-06-23T10:35:22,133,0,9,133
2022-06-23T10:45:56,133,0,9,133
2022-06-23T10:56:42,133,0,9,133
2022-06-23T11:07:16,133,0,9,133
2022-06-23T11:17:49,133,0,9,133
2022-06-23T11:28:21,133,0,9,133
2022-06-23T11:38:50,133,0,9,133
2022-06-23T11:49:19,133,0,9,133
2022-06-23T11:59:48,133,0,9,133
2022-06-23T12:10:17,133,0,9,133
2022-06-23T12:20:46,133,0,9,133
2022-06-23T12:31:15,133,0,9,133
2022-06-23T12:41:46,133,0,9,133
2022-06-23T12:52:29,133,0,9,133
2022-06-23T13:02:58,133,0,9,133
2022-06-23T13:13:31,133,0,9,133
2022-06-23T13:24:00,133,0,9,133
2022-06-23T13:34:29,133,0,9,133
2022-06-23T13:44:59,133,0,9,133
2022-06-23T13:55:29,133,0,9,133
2022-06-23T14:05:59,133,0,9,133
2022-06-23T14:16:28,133,0,9,133
2022-06-23T14:27:12,133,0,9,133
2022-06-23T14:37:41,133,0,9,133
2022-06-23T14:48:10,133,0,9,133
2022-06-23T14:58:40,133,0,9,133
2022-06-23T15:09:09,133,0,9,133
2022-06-23T15:19:38,133,0,9,133
2022-06-23T15:30:07,133,0,9,133
2022-06-23T15:40:49,133,0,9,133
2022-06-23T15:51:17,133,0,9,133
2022-06-23T16:01:46,133,0,9,133
2022-06-23T16:12:16,133,0,9,133
2022-06-23T16:22:45,133,0,9,133
2022-06-23T16:33:14,133,0,9,133
2022-06-23T16:43:43,133,0,9,133
2022-06-23T16:54:12,133,0,9,133
2022-06-23T17:04:42,133,0,9,133
2022-06-23T17:15:11,133,0,9,133
2022-06-23T17:25:50,133,0,9,133
2022-06-23T17:36:18,133,0,9,133
2022-06-23T17:46:45,133,0,9,133
2022-06-23T17:57:14,133,0,9,133
2022-06-23T18:07:42,133,0,9,133
2022-06-23T18:18:11,133,0,9,133
2022-06-23T18:28:39,133,0,9,133
2022-06-23T18:39:07,133,0,9,133
2022-06-23T18:49:35,133,0,9,133
2022-06-23T19:00:02,133,0,9,133
2022-06-23T19:10:31,133,0,9,133
2022-06-23T19:21:10,133,0,9,133
2022-06-23T19:31:38,133,0,9,133
2022-06-23T19:42:06,133,0,9,133
2022-06-23T19:52:33,133,0,9,133
2022-06-23T20:03:01,133,0,9,133
2022-06-23T20:13:29,133,0,9,133
2022-06-23T20:23:56,133,0,9,133
2022-06-23T20:34:24,133,0,9,133
2022-06-23T20:44:51,133,0,9,133
2022-06-23T20:55:19,133,0,9,133
2022-06-23T21:05:49,133,0,9,133
2022-06-23T21:16:16,133,0,9,133
2022-06-23T21:26:44,133,0,9,133
2022-06-23T21:37:22,133,0,9,133
2022-06-23T21:47:52,133,0,9,133
2022-06-23T21:58:19,133,0,9,133
2022-06-23T22:08:48,133,0,9,133
2022-06-23T22:19:15,133,0,9,133
2022-06-23T22:29:43,133,0,9,133
2022-06-23T22:40:11,133,0,9,133
2022-06-23T22:50:39,133,0,9,133
2022-06-23T23:01:19,133,0,9,133
2022-06-23T23:11:48,133,0,9,133
2022-06-23T23:22:16,133,0,9,133
2022-06-23T23:32:44,133,0,9,133
2022-06-23T23:43:12,133,0,9,133
2022-06-23T23:53:40,133,0,9,133
2022-06-24T00:04:08,133,0,9,133
2022-06-24T00:14:38,133,0,9,133
2022-06-24T00:25:09,133,0,9,133
2022-06-24T00:35:39,133,0,9,133
2022-06-24T00:46:09,133,0,9,133
2022-06-24T00:56:40,133,0,9,133
2022-06-24T01:07:11,133,0,10,133
2022-06-24T01:17:41,133,0,10,133
2022-06-24T01:28:23,133,0,10,133
2022-06-24T01:38:52,133,0,10,133
2022-06-24T01:49:23,133,0,10,133
2022-06-24T01:59:57,133,0,10,133
2022-06-24T02:10:31,133,0,10,133
2022-06-24T02:21:05,133,0,10,133
2022-06-24T02:31:39,133,0,10,133
2022-06-24T02:42:16,133,0,10,133
2022-06-24T02:52:51,133,0,10,133
2022-06-24T03:03:29,133,0,10,133
2022-06-24T03:14:12,133,0,10,133
2022-06-24T03:24:49,133,0,10,133
2022-06-24T03:35:28,133,0,10,133
2022-06-24T03:46:09,133,0,10,133
2022-06-24T03:56:47,133,0,10,133
2022-06-24T04:07:24,133,0,10,133
2022-06-24T04:33:50,133,0,10,133
2022-06-24T04:44:25,133,0,10,133
2022-06-24T04:54:59,133,0,10,133
2022-06-24T05:05:34,133,0,10,133
2022-06-24T05:16:06,133,0,10,133
2022-06-24T05:26:36,133,0,10,133
2022-06-24T05:37:06,133,0,10,133
2022-06-24T05:47:39,133,0,10,133
2022-06-24T05:58:09,133,0,10,133
2022-06-24T06:08:40,133,0,10,133
2022-06-24T06:19:10,133,0,10,133
2022-06-24T06:29:40,133,0,10,133
2022-06-24T06:40:10,133,0,10,133
2022-06-24T06:50:39,133,0,10,133
2022-06-24T07:01:11,133,0,10,133
2022-06-24T07:11:42,133,0,10,133
2022-06-24T07:22:09,133,0,10,133
2022-06-24T07:32:37,133,0,10,133
2022-06-24T07:43:05,133,0,10,133
2022-06-24T07:53:33,133,0,10,133
2022-06-24T08:04:01,133,0,10,133
2022-06-24T08:14:30,133,0,10,133
2022-06-24T08:24:58,133,0,10,133
2022-06-24T08:35:27,133,0,10,133
2022-06-24T08:46:06,133,0,10,133
2022-06-24T08:56:35,133,0,10,133
2022-06-24T09:07:04,133,0,10,133
2022-06-24T09:17:32,133,0,10,133
2022-06-24T09:28:01,133,0,10,133
2022-06-24T09:38:34,133,0,10,133
2022-06-24T09:49:03,133,0,10,133
2022-06-24T09:59:32,133,0,10,133
2022-06-24T10:10:01,133,0,10,133
2022-06-24T10:20:45,133,0,10,133
2022-06-24T10:31:15,133,0,10,133
2022-06-24T10:41:44,133,0,10,133
2022-06-24T10:52:13,133,0,10,133
2022-06-24T11:02:43,133,0,10,133
2022-06-24T11:13:13,133,0,10,133
2022-06-24T11:23:41,133,0,10,133
2022-06-24T11:34:10,133,0,10,133
2022-06-24T11:44:40,133,0,10,133
2022-06-24T11:55:21,133,0,10,133
2022-06-24T12:05:51,133,0,10,133
2022-06-24T12:16:19,133,0,10,133
2022-06-24T12:26:48,133,0,10,133
2022-06-24T12:37:17,133,0,10,133
2022-06-24T12:47:46,133,0,10,133
2022-06-24T12:58:15,133,0,10,133
2022-06-24T13:08:43,133,0,10,133
2022-06-24T13:19:13,133,0,10,133
2022-06-24T13:29:44,133,0,10,133
2022-06-24T13:40:24,133,0,10,133
2022-06-24T13:50:53,133,0,10,133
2022-06-24T14:01:22,133,0,10,133
2022-06-24T14:11:54,133,0,10,133
2022-06-24T14:22:22,133,0,10,133
2022-06-24T14:32:52,133,0,10,133
2022-06-24T14:43:25,133,0,10,133
2022-06-24T14:53:54,133,0,10,133
2022-06-24T15:04:34,133,0,10,133
2022-06-24T15:15:04,133,0,10,133
2022-06-24T15:25:32,133,0,10,133
2022-06-24T15:36:02,133,0,10,133
2022-06-24T15:46:31,133,0,10,133
2022-06-24T15:57:00,133,0,10,133
2022-06-24T16:07:29,133,0,10,133
2022-06-24T16:17:57,133,0,10,133
2022-06-24T16:28:26,133,0,10,133
2022-06-24T16:38:55,133,0,10,133
2022-06-24T16:49:23,133,0,10,133
2022-06-24T16:59:51,133,0,10,133
2022-06-24T17:10:32,133,0,10,133
2022-06-24T17:21:00,133,0,10,133
2022-06-24T17:31:28,133,0,10,133
2022-06-24T17:41:55,133,0,10,133
2022-06-24T17:52:23,133,0,10,133
2022-06-24T18:02:51,133,0,10,133
2022-06-24T18:13:18,133,0,10,133
2022-06-24T18:23:46,133,0,10,133
2022-06-24T18:34:14,133,0,10,133
2022-06-24T18:44:42,133,0,10,133
2022-06-24T18:55:09,133,0,10,133
2022-06-24T19:05:37,133,0,10,133
2022-06-24T19:16:04,133,0,10,133
2022-06-24T19:26:32,133,0,10,133
2022-06-24T19:37:11,133,0,10,133
2022-06-24T19:47:38,133,0,10,133
2022-06-24T19:58:05,133,0,10,133
2022-06-24T20:08:33,133,0,10,133
2022-06-24T20:19:01,133,0,10,133
2022-06-24T20:29:28,133,0,10,133
2022-06-24T20:39:56,133,0,10,133
2022-06-24T20:50:23,133,0,10,133
2022-06-24T21:00:50,133,0,10,133
2022-06-24T21:11:17,133,0,10,133
2022-06-24T21:21:45,133,0,10,133
2022-06-24T21:32:12,133,0,10,133
2022-06-24T21:42:52,133,0,10,133
2022-06-24T21:53:20,133,0,10,133
2022-06-24T22:03:48,133,0,10,133
2022-06-24T22:14:16,133,0,10,133
2022-06-24T22:24:43,133,0,10,133
2022-06-24T22:35:13,133,0,10,133
2022-06-24T22:45:42,133,0,10,133
2022-06-24T22:56:10,133,0,10,133
2022-06-24T23:06:39,133,0,10,133
2022-06-24T23:17:07,133,0,10,133
2022-06-24T23:27:35,133,0,10,133
2022-06-24T23:38:14,133,0,10,133
2022-06-24T23:48:41,133,0,10,133
2022-06-24T23:59:09,133,0,10,133
2022-06-25T00:09:38,133,0,10,133
2022-06-25T00:20:17,133,0,10,133
2022-06-25T00:30:46,133,0,10,133
2022-06-25T00:41:15,133,0,10,133
2022-06-25T00:51:45,133,0,10,133
2022-06-25T01:02:17,133,0,10,133
2022-06-25T01:12:47,133,0,10,133
2022-06-25T01:23:16,133,0,10,133
2022-06-25T01:33:46,133,0,10,133
2022-06-25T01:44:15,133,0,10,133
2022-06-25T01:54:44,133,0,10,133
2022-06-25T02:05:25,133,0,10,133
2022-06-25T02:15:53,133,0,10,133
2022-06-25T02:26:21,133,0,10,133
2022-06-25T02:36:50,133,0,10,133
2022-06-25T02:47:18,133,0,10,133
2022-06-25T02:57:45,133,0,10,133
2022-06-25T03:08:12,133,0,10,133
2022-06-25T03:18:39,133,0,10,133
2022-06-25T03:29:06,133,0,10,133
2022-06-25T03:39:34,133,0,10,133
2022-06-25T03:50:02,133,0,10,133
2022-06-25T04:00:31,133,0,10,133
2022-06-25T04:18:15,133,0,10,133
2022-06-25T04:29:10,133,0,10,133
2022-06-25T04:39:41,133,0,10,133
2022-06-25T04:50:12,133,0,10,133
2022-06-25T05:00:42,133,0,10,133
2022-06-25T05:11:14,133,0,10,133
2022-06-25T05:21:45,133,0,10,133
2022-06-25T05:32:16,133,0,10,133
2022-06-25T05:42:46,133,0,10,133
2022-06-25T05:53:16,133,0,10,133
2022-06-25T06:03:45,133,0,10,133
2022-06-25T06:14:15,133,0,10,133
2022-06-25T06:24:45,133,0,10,133
2022-06-25T06:35:15,133,0,10,133
2022-06-25T06:45:45,133,0,10,133
2022-06-25T06:56:25,133,0,10,133
2022-06-25T07:06:58,133,0,10,133
2022-06-25T07:17:27,133,0,10,133
2022-06-25T07:27:57,133,0,10,133
2022-06-25T07:38:27,133,0,10,133
2022-06-25T07:48:56,133,0,10,133
2022-06-25T07:59:26,133,0,10,133
2022-06-25T08:10:07,133,0,10,133
2022-06-25T08:20:36,133,0,10,133
2022-06-25T08:31:06,133,0,10,133
2022-06-25T08:41:34,133,0,10,133
2022-06-25T08:52:04,133,0,10,133
2022-06-25T09:02:33,133,0,10,133
2022-06-25T09:13:01,133,0,10,133
2022-06-25T09:23:29,133,0,10,133
2022-06-25T09:34:09,133,0,10,133
2022-06-25T09:44:38,133,0,10,133
2022-06-25T09:55:06,133,0,10,133
2022-06-25T10:05:34,133,0,10,133
2022-06-25T10:16:01,133,0,10,133
2022-06-25T10:26:29,133,0,10,133
2022-06-25T10:36:56,133,0,10,133
2022-06-25T10:47:24,133,0,10,133
2022-06-25T10:58:00,133,0,10,133
2022-06-25T11:08:28,133,0,10,133
2022-06-25T11:18:55,133,0,10,133
2022-06-25T11:29:22,133,0,10,133
2022-06-25T11:39:49,133,0,10,133
2022-06-25T11:50:17,133,0,10,133
2022-06-25T12:00:54,133,0,10,133
2022-06-25T12:11:21,133,0,10,133
2022-06-25T12:21:48,133,0,10,133
2022-06-25T12:32:16,133,0,10,133
2022-06-25T12:42:43,133,0,10,133
2022-06-25T12:53:10,133,0,10,133
2022-06-25T13:03:37,133,0,10,133
2022-06-25T13:14:05,133,0,10,133
2022-06-25T13:24:32,133,0,10,133
2022-06-25T13:35:00,133,0,10,133
2022-06-25T13:45:27,133,0,10,133
2022-06-25T13:55:54,133,0,10,133
2022-06-25T14:06:21,133,0,10,133
2022-06-25T14:16:48,133,0,10,133
2022-06-25T14:27:25,133,0,10,133
2022-06-25T14:37:53,133,0,10,133
2022-06-25T14:48:19,133,0,10,133
2022-06-25T14:58:47,133,0,10,133
2022-06-25T15:09:14,133,0,10,133
2022-06-25T15:19:42,133,0,10,133
2022-06-25T15:30:10,133,0,10,133
2022-06-25T15:40:37,133,0,10,133
2022-06-25T15:51:04,133,0,10,133
2022-06-25T16:01:31,133,0,10,133
2022-06-25T16:11:58,133,0,10,133
2022-06-25T16:22:26,133,0,10,133
2022-06-25T16:32:53,133,0,10,133
2022-06-25T16:43:21,133,0,10,133
2022-06-25T16:53:57,133,0,10,133
2022-06-25T17:04:25,133,0,10,133
2022-06-25T17:14:53,133,0,10,133
2022-06-25T17:25:20,133,0,10,133
2022-06-25T17:35:47,133,0,10,133
2022-06-25T17:46:15,133,0,10,133
2022-06-25T17:56:42,133,0,10,133
2022-06-25T18:07:11,133,0,10,133
2022-06-25T18:17:39,133,0,10,133
2022-06-25T18:28:06,133,0,10,133
2022-06-25T18:38:34,133,0,10,133
2022-06-25T18:49:01,133,0,10,133
2022-06-25T18:59:28,133,0,10,133
2022-06-25T19:09:55,133,0,10,133
2022-06-25T19:20:23,133,0,10,133
2022-06-25T19:30:50,133,0,10,133
2022-06-25T19:41:17,133,0,10,133
2022-06-25T19:51:55,133,0,10,133
2022-06-25T20:02:22,133,0,10,133
2022-06-25T20:12:50,133,0,10,133
2022-06-25T20:23:17,133,0,10,133
2022-06-25T20:33:45,133,0,10,133
2022-06-25T20:44:11,133,0,10,133
2022-06-25T20:54:38,133,0,10,133
2022-06-25T21:05:06,133,0,10,133
2022-06-25T21:15:33,133,0,10,133
2022-06-25T21:26:00,133,0,10,133
2022-06-25T21:36:27,133,0,10,133
2022-06-25T21:46:55,133,0,10,133
2022-06-25T21:57:22,133,0,10,133
2022-06-25T22:07:50,133,0,10,133
2022-06-25T22:18:17,133,0,10,133
2022-06-25T22:28:45,133,0,10,133
2022-06-25T22:39:13,133,0,10,133
2022-06-25T22:49:40,133,0,10,133
2022-06-25T23:00:07,133,0,10,133
2022-06-25T23:10:36,133,0,10,133
2022-06-25T23:21:14,133,0,10,133
2022-06-25T23:31:41,133,0,10,133
2022-06-25T23:42:09,133,0,10,133
2022-06-25T23:52:36,133,0,10,133
2022-06-26T00:03:04,133,0,10,133
2022-06-26T00:13:32,133,0,10,133
2022-06-26T00:24:01,133,0,10,133
2022-06-26T00:34:29,133,0,10,133
2022-06-26T00:44:57,133,0,10,133
2022-06-26T00:55:24,133,0,10,133
2022-06-26T01:06:02,133,0,10,133
2022-06-26T01:16:29,133,0,10,133
2022-06-26T01:26:56,133,0,10,133
2022-06-26T01:37:23,133,0,10,133
2022-06-26T01:47:50,133,0,10,133
2022-06-26T01:58:17,133,0,10,133
2022-06-26T02:08:44,133,0,10,133
2022-06-26T02:19:11,133,0,10,133
2022-06-26T02:29:41,133,0,10,133
2022-06-26T02:40:13,133,0,10,133
2022-06-26T02:50:44,133,0,10,133
2022-06-26T03:01:23,133,0,10,133
2022-06-26T03:12:04,133,0,10,133
2022-06-26T03:22:34,133,0,10,133
2022-06-26T03:33:04,133,0,10,133
2022-06-26T03:43:35,133,0,10,133
2022-06-26T03:54:05,133,0,10,133
2022-06-26T04:04:36,133,0,10,133
2022-06-26T04:15:05,133,0,10,133
2022-06-26T04:30:56,133,0,10,133
2022-06-26T04:41:44,133,0,10,133
2022-06-26T04:52:15,133,0,10,133
2022-06-26T05:02:47,133,0,10,133
2022-06-26T05:13:19,133,0,10,133
2022-06-26T05:23:49,133,0,10,133
2022-06-26T05:34:17,133,0,10,133
2022-06-26T05:44:47,133,0,10,133
2022-06-26T05:55:16,133,0,10,133
2022-06-26T06:05:46,133,0,10,133
2022-06-26T06:16:16,133,0,10,133
2022-06-26T06:26:50,133,0,10,133
2022-06-26T06:37:20,133,0,10,133
2022-06-26T06:47:49,133,0,10,133
2022-06-26T06:58:18,133,0,10,133
2022-06-26T07:08:47,133,0,10,133
2022-06-26T07:19:19,133,0,10,133
2022-06-26T07:29:50,133,0,10,133
2022-06-26T07:40:22,133,0,10,133
2022-06-26T07:50:59,133,0,10,133
2022-06-26T08:01:35,133,0,10,133
2022-06-26T08:12:10,133,0,10,133
2022-06-26T08:22:59,133,0,10,133
2022-06-26T08:33:36,133,0,10,133
2022-06-26T08:44:10,133,0,10,133
2022-06-26T08:54:46,133,0,10,133
2022-06-26T09:05:20,133,0,10,133
2022-06-26T09:15:50,133,0,10,133
2022-06-26T09:26:27,133,0,10,133
2022-06-26T09:37:02,133,0,10,133
2022-06-26T09:47:38,133,0,10,133
2022-06-26T09:58:14,133,0,10,133
2022-06-26T10:08:51,133,0,10,133
2022-06-26T10:19:27,133,0,10,133
2022-06-26T10:30:04,133,0,10,133
2022-06-26T10:40:40,133,0,10,133
2022-06-26T10:51:13,133,0,10,133
2022-06-26T11:01:44,133,0,10,133
2022-06-26T11:12:27,133,0,10,133
2022-06-26T11:22:55,133,0,10,133
2022-06-26T11:33:22,133,0,10,133
2022-06-26T11:43:49,133,0,10,133
2022-06-26T11:54:16,133,0,10,133
2022-06-26T12:04:43,133,0,10,133
2022-06-26T12:15:11,133,0,10,133
2022-06-26T12:25:38,133,0,10,133
2022-06-26T12:36:05,133,0,10,133
2022-06-26T12:46:33,133,0,10,133
2022-06-26T12:57:00,133,0,10,133
2022-06-26T13:07:37,133,0,10,133
2022-06-26T13:18:04,133,0,10,133
2022-06-26T13:28:31,133,0,10,133
2022-06-26T13:38:58,133,0,10,133
2022-06-26T13:49:25,133,0,10,133
2022-06-26T13:59:53,133,0,10,133
2022-06-26T14:10:20,133,0,10,133
2022-06-26T14:20:47,133,0,10,133
2022-06-26T14:31:14,133,0,10,133
2022-06-26T14:41:41,133,0,10,133
2022-06-26T14:52:08,133,0,10,133
2022-06-26T15:02:37,133,0,10,133
2022-06-26T15:13:15,133,0,10,133
2022-06-26T15:23:42,133,0,10,133
2022-06-26T15:34:09,133,0,10,133
2022-06-26T15:44:36,133,0,10,133
2022-06-26T15:55:03,133,0,10,133
2022-06-26T16:05:30,133,0,10,133
2022-06-26T16:15:58,133,0,10,133
2022-06-26T16:26:26,133,0,10,133
2022-06-26T16:36:53,133,0,10,133
2022-06-26T16:47:21,133,0,10,133
2022-06-26T16:57:49,133,0,10,133
2022-06-26T17:08:16,133,0,10,133
2022-06-26T17:18:43,133,0,10,133
2022-06-26T17:29:21,133,0,10,133
2022-06-26T17:39:48,133,0,10,133
2022-06-26T17:50:16,133,0,10,133
2022-06-26T18:00:44,133,0,10,133
2022-06-26T18:11:11,133,0,10,133
2022-06-26T18:21:39,133,0,10,133
2022-06-26T18:32:06,133,0,10,133
2022-06-26T18:42:33,133,0,10,133
2022-06-26T18:53:01,133,0,10,133
2022-06-26T19:03:28,133,0,10,133
2022-06-26T19:14:06,133,0,10,133
2022-06-26T19:24:33,133,0,10,133
2022-06-26T19:35:00,133,0,10,133
2022-06-26T19:45:28,133,0,10,133
2022-06-26T19:55:55,133,0,10,133
2022-06-26T20:06:22,133,0,10,133
2022-06-26T20:16:50,133,0,10,133
2022-06-26T20:27:17,133,0,10,133
2022-06-26T20:37:44,133,0,10,133
2022-06-26T20:48:11,133,0,10,133
2022-06-26T20:58:50,133,0,10,133
2022-06-26T21:09:17,133,0,10,133
2022-06-26T21:19:45,133,0,10,133
2022-06-26T21:30:12,133,0,10,133
2022-06-26T21:40:40,133,0,10,133
2022-06-26T21:51:08,133,0,10,133
2022-06-26T22:01:35,133,0,10,133
2022-06-26T22:12:03,133,0,10,133
2022-06-26T22:22:31,133,0,10,133
2022-06-26T22:33:10,133,0,10,133
2022-06-26T22:43:38,133,0,10,133
2022-06-26T22:54:05,133,0,10,133
2022-06-26T23:04:33,133,0,10,133
2022-06-26T23:15:02,133,0,10,133
2022-06-26T23:25:31,133,0,10,133
2022-06-26T23:35:59,133,0,10,133
2022-06-26T23:46:27,133,0,10,133
2022-06-26T23:56:55,133,0,10,133
2022-06-27T00:07:24,133,0,10,133
2022-06-27T00:17:55,133,0,10,133
2022-06-27T00:28:36,133,0,10,133
2022-06-27T00:39:05,133,0,10,133
2022-06-27T00:49:33,133,0,10,133
2022-06-27T01:00:02,133,0,10,133
2022-06-27T01:10:30,133,0,10,133
2022-06-27T01:21:02,133,0,10,133
2022-06-27T01:31:36,133,0,10,133
2022-06-27T01:42:06,133,0,10,133
2022-06-27T01:52:36,133,0,10,133
2022-06-27T02:03:21,133,0,10,133
2022-06-27T02:13:51,133,0,10,133
2022-06-27T02:24:32,133,0,10,133
2022-06-27T02:35:01,133,0,10,133
2022-06-27T02:45:30,133,0,10,133
2022-06-27T02:55:58,133,0,10,133
2022-06-27T03:06:25,133,0,10,133
2022-06-27T03:16:53,133,0,10,133
2022-06-27T03:27:21,133,0,10,133
2022-06-27T03:37:50,133,0,10,133
2022-06-27T03:48:20,133,0,10,133
2022-06-27T03:58:50,133,0,10,133
2022-06-27T04:18:19,133,0,10,133
2022-06-27T04:28:52,133,0,10,133
2022-06-27T04:41:05,133,0,10,133
2022-06-27T04:51:39,133,0,10,133
2022-06-27T05:02:10,133,0,10,133
2022-06-27T05:12:42,133,0,10,133
2022-06-27T05:23:13,133,0,10,133
2022-06-27T05:33:43,133,0,10,133
2022-06-27T05:44:13,133,0,10,133
2022-06-27T05:54:43,133,0,10,133
2022-06-27T06:05:12,133,0,10,133
2022-06-27T06:15:42,133,0,10,133
2022-06-27T06:26:11,133,0,10,133
2022-06-27T06:36:40,133,0,10,133
2022-06-27T06:47:07,133,0,10,133
2022-06-27T06:57:35,133,0,10,133
2022-06-27T07:08:04,133,0,10,133
2022-06-27T07:18:33,133,0,10,133
2022-06-27T07:29:02,133,0,10,133
2022-06-27T07:39:31,133,0,10,133
2022-06-27T07:50:00,133,0,10,133
2022-06-27T08:00:45,133,0,10,133
2022-06-27T08:11:15,133,0,10,133
2022-06-27T08:21:44,133,0,10,133
2022-06-27T08:32:13,133,0,10,133
2022-06-27T08:42:42,133,0,10,133
2022-06-27T08:53:12,133,0,10,133
2022-06-27T09:03:41,133,0,10,133
2022-06-27T09:14:10,133,0,10,133
2022-06-27T09:24:43,133,0,10,133
2022-06-27T09:35:24,133,0,10,133
2022-06-27T09:45:56,133,0,10,133
2022-06-27T09:56:27,133,0,10,133
2022-06-27T10:06:59,133,0,10,133
2022-06-27T10:17:31,133,0,10,133
2022-06-27T10:28:02,133,0,10,133
2022-06-27T10:38:50,133,0,10,133
2022-06-27T10:49:22,133,0,10,133
2022-06-27T10:59:53,133,0,10,133
2022-06-27T11:10:25,133,0,10,133
2022-06-27T11:20:56,133,0,10,133
2022-06-27T11:31:38,133,0,10,133
2022-06-27T11:42:09,133,0,10,133
2022-06-27T11:52:39,133,0,10,133
2022-06-27T12:03:10,133,0,10,133
2022-06-27T12:13:41,133,0,10,133
2022-06-27T12:24:10,133,0,10,133
2022-06-27T12:34:52,133,0,10,133
2022-06-27T12:45:22,133,0,10,133
2022-06-27T12:55:52,133,0,10,133
2022-06-27T13:06:22,133,0,10,133
2022-06-27T13:16:52,133,0,10,133
2022-06-27T13:27:22,133,0,10,133
2022-06-27T13:37:52,133,0,10,133
2022-06-27T13:48:41,133,0,10,133
2022-06-27T13:59:11,133,0,10,133
2022-06-27T14:09:42,133,0,10,133
2022-06-27T14:20:11,133,0,10,133
2022-06-27T14:30:41,133,0,10,133
2022-06-27T14:41:12,133,0,10,133
2022-06-27T14:51:41,133,0,10,133
2022-06-27T15:02:23,133,0,10,133
2022-06-27T15:12:53,133,0,10,133
2022-06-27T15:23:22,133,0,10,133
2022-06-27T15:33:52,133,0,10,133
2022-06-27T15:44:22,133,0,10,133
2022-06-27T15:54:51,133,0,10,133
2022-06-27T16:05:21,133,0,10,133
2022-06-27T16:16:00,133,0,10,133
2022-06-27T16:26:29,133,0,10,133
2022-06-27T16:36:58,133,0,10,133
2022-06-27T16:47:27,133,0,10,133
2022-06-27T16:57:55,133,0,10,133
2022-06-27T17:08:25,133,0,10,133
2022-06-27T17:18:54,133,0,10,133
2022-06-27T17:29:22,133,0,10,133
2022-06-27T17:40:00,133,0,10,133
2022-06-27T17:50:28,133,0,10,133
2022-06-27T18:00:56,133,0,10,133
2022-06-27T18:11:25,133,0,10,133
2022-06-27T18:21:56,133,0,10,133
2022-06-27T18:32:27,133,0,10,133
2022-06-27T18:43:01,133,0,10,133
2022-06-27T18:53:34,133,0,10,133
2022-06-27T19:04:08,133,0,10,133
2022-06-27T19:15:02,133,0,10,133
2022-06-27T19:25:35,133,0,10,133
2022-06-27T19:36:09,133,0,10,133
2022-06-27T19:46:44,133,0,10,133
2022-06-27T19:57:20,133,0,10,133
2022-06-27T20:07:58,133,0,10,133
2022-06-27T20:18:34,133,0,10,133
2022-06-27T20:29:12,133,0,10,133
2022-06-27T20:39:49,133,0,10,133
2022-06-27T20:50:23,133,0,10,133
2022-06-27T21:00:55,133,0,10,133
2022-06-27T21:11:34,133,0,10,133
2022-06-27T21:22:03,133,0,10,133
2022-06-27T21:32:32,133,0,10,133
2022-06-27T21:43:00,133,0,10,133
2022-06-27T21:53:28,133,0,10,133
2022-06-27T22:03:56,133,0,10,133
2022-06-27T22:14:24,133,0,10,133
2022-06-27T22:24:52,133,0,10,133
2022-06-27T22:35:20,133,0,10,133
2022-06-27T22:46:00,133,0,10,133
2022-06-27T22:56:27,133,0,10,133
2022-06-27T23:06:56,133,0,10,133
2022-06-27T23:17:24,133,0,10,133
2022-06-27T23:27:52,133,0,10,133
2022-06-27T23:38:20,133,0,10,133
2022-06-27T23:48:47,133,0,10,133
2022-06-27T23:59:14,133,0,10,133
2022-06-28T00:09:44,133,0,10,133
2022-06-28T00:20:16,133,0,10,133
2022-06-28T00:31:06,133,0,10,133
2022-06-28T00:41:36,133,0,10,133
2022-06-28T00:52:07,133,0,10,133
2022-06-28T01:02:36,133,0,10,133
2022-06-28T01:13:06,133,0,10,133
2022-06-28T01:23:35,133,0,10,133
2022-06-28T01:34:05,133,0,10,133
2022-06-28T01:44:34,133,0,10,133
2022-06-28T01:55:14,133,0,10,133
2022-06-28T02:05:44,133,0,10,133
2022-06-28T02:16:12,133,0,10,133
2022-06-28T02:26:40,133,0,10,133
2022-06-28T02:37:08,133,0,10,133
2022-06-28T02:47:35,133,0,10,133
2022-06-28T02:58:02,133,0,10,133
2022-06-28T03:08:30,133,0,10,133
2022-06-28T03:18:57,133,0,10,133
2022-06-28T03:29:24,133,0,10,133
2022-06-28T03:39:53,133,0,10,133
2022-06-28T03:50:34,133,0,10,133
2022-06-28T04:01:04,133,0,10,133
2022-06-28T04:11:34,133,0,10,133
2022-06-28T04:26:23,133,0,10,133
2022-06-28T04:38:18,132,1,10,133
2022-06-28T04:48:51,132,1,10,133
2022-06-28T04:59:21,132,1,10,133
2022-06-28T05:09:52,132,1,10,133
2022-06-28T05:20:25,132,1,10,133
2022-06-28T05:30:55,132,1,10,133
2022-06-28T05:41:24,132,1,10,133
2022-06-28T05:51:53,132,1,10,133
2022-06-28T06:02:22,132,1,10,133
2022-06-28T06:12:52,132,1,10,133
2022-06-28T06:23:21,132,1,10,133
2022-06-28T06:33:50,132,1,10,133
2022-06-28T06:44:19,132,1,10,133
2022-06-28T06:54:49,132,1,10,133
2022-06-28T07:05:19,132,1,10,133
2022-06-28T07:15:48,132,1,10,133
2022-06-28T07:26:18,132,1,10,133
2022-06-28T07:36:57,132,1,10,133
2022-06-28T07:47:26,132,1,10,133
2022-06-28T07:57:56,132,1,10,133
2022-06-28T08:08:25,132,1,10,133
2022-06-28T08:18:55,132,1,10,133
2022-06-28T08:29:24,132,1,10,133
2022-06-28T08:39:54,132,1,10,133
2022-06-28T08:50:24,132,1,10,133
2022-06-28T09:00:53,132,1,10,133
2022-06-28T09:11:23,132,1,10,133
2022-06-28T09:21:53,132,1,10,133
2022-06-28T09:32:24,132,1,10,133
2022-06-28T09:43:05,132,1,10,133
2022-06-28T09:53:36,132,1,10,133
2022-06-28T10:04:06,132,1,10,133
2022-06-28T10:14:36,132,1,10,133
2022-06-28T10:25:10,132,1,10,133
2022-06-28T10:35:46,132,1,10,133
2022-06-28T10:46:20,132,1,10,133
2022-06-28T10:56:53,132,1,10,133
2022-06-28T11:07:38,132,1,10,133
2022-06-28T11:18:14,132,1,10,133
2022-06-28T11:28:51,132,1,10,133
2022-06-28T11:39:26,132,1,10,133
2022-06-28T11:50:02,132,1,10,133
2022-06-28T12:00:41,132,1,10,133
2022-06-28T12:11:43,132,1,10,133
2022-06-28T12:22:26,132,1,10,133
2022-06-28T12:33:05,132,1,10,133
2022-06-28T12:43:51,132,1,10,133
2022-06-28T12:54:34,132,1,10,133
2022-06-28T13:05:09,132,1,10,133
2022-06-28T13:15:44,132,1,10,133
2022-06-28T13:26:32,132,1,10,133
2022-06-28T13:37:06,132,1,10,133
2022-06-28T13:47:40,132,1,10,133
2022-06-28T13:58:12,132,1,10,133
2022-06-28T14:08:43,132,1,10,133
2022-06-28T14:19:13,132,1,10,133
2022-06-28T14:29:45,132,1,10,133
2022-06-28T14:40:26,132,1,10,133
2022-06-28T14:50:56,132,1,10,133
2022-06-28T15:01:26,132,1,10,133
2022-06-28T15:11:55,132,1,10,133
2022-06-28T15:22:25,132,1,10,133
2022-06-28T15:32:55,132,1,10,133
2022-06-28T15:43:24,132,1,10,133
2022-06-28T15:54:06,132,1,10,133
2022-06-28T16:04:36,132,1,10,133
2022-06-28T16:15:05,132,1,10,133
2022-06-28T16:25:34,132,1,10,133
2022-06-28T16:36:04,132,1,10,133
2022-06-28T16:46:55,132,1,10,133
2022-06-28T16:57:24,132,1,10,133
2022-06-28T17:07:53,132,1,10,133
2022-06-28T17:18:22,132,1,10,133
2022-06-28T17:28:51,132,1,10,133
2022-06-28T17:39:19,132,1,10,133
2022-06-28T17:49:47,132,1,10,133
2022-06-28T18:00:16,132,1,10,133
2022-06-28T18:10:55,132,1,10,133
2022-06-28T18:21:24,132,1,10,133
2022-06-28T18:31:52,132,1,10,133
2022-06-28T18:42:20,132,1,10,133
2022-06-28T18:52:50,132,1,10,133
2022-06-28T19:03:18,132,1,10,133
2022-06-28T19:13:57,132,1,10,133
2022-06-28T19:24:25,132,1,10,133
2022-06-28T19:34:54,132,1,10,133
2022-06-28T19:45:21,132,1,10,133
2022-06-28T19:55:51,132,1,10,133
2022-06-28T20:06:19,132,1,10,133
2022-06-28T20:16:48,132,1,10,133
2022-06-28T20:27:16,132,1,10,133
2022-06-28T20:37:45,132,1,10,133
2022-06-28T20:48:24,132,1,10,133
2022-06-28T20:58:52,132,1,10,133
2022-06-28T21:09:19,132,1,10,133
2022-06-28T21:19:47,132,1,10,133
2022-06-28T21:30:15,132,1,10,133
2022-06-28T21:40:45,132,1,10,133
2022-06-28T21:51:12,132,1,10,133
2022-06-28T22:01:40,132,1,10,133
2022-06-28T22:12:08,132,1,10,133
2022-06-28T22:22:36,132,1,10,133
2022-06-28T22:33:05,133,0,9,133
2022-06-28T22:43:44,133,0,9,133
2022-06-28T22:54:13,133,0,9,133
2022-06-28T23:04:41,133,0,9,133
2022-06-28T23:15:10,133,0,9,133
2022-06-28T23:25:38,133,0,9,133
2022-06-28T23:36:06,133,0,9,133
2022-06-28T23:46:34,133,0,9,133
2022-06-28T23:57:02,133,0,9,133
2022-06-29T00:07:32,133,0,9,133
2022-06-29T00:18:02,133,0,9,133
2022-06-29T00:28:42,133,0,9,133
2022-06-29T00:39:13,133,0,9,133
2022-06-29T00:49:44,133,0,9,133
2022-06-29T01:00:15,133,0,9,133
2022-06-29T01:10:46,133,0,9,133
2022-06-29T01:21:17,133,0,9,133
2022-06-29T01:31:48,133,0,9,133
2022-06-29T01:42:17,133,0,9,133
2022-06-29T01:52:47,133,0,9,133
2022-06-29T02:03:27,133,0,9,133
2022-06-29T02:13:57,133,0,9,133
2022-06-29T02:24:25,133,0,9,133
2022-06-29T02:34:54,133,0,9,133
2022-06-29T02:45:21,133,0,9,133
2022-06-29T02:55:49,133,0,9,133
2022-06-29T03:06:17,133,0,9,133
2022-06-29T03:16:45,133,0,9,133
2022-06-29T03:27:23,133,0,9,133
2022-06-29T03:37:51,133,0,9,133
2022-06-29T03:48:21,133,0,9,133
2022-06-29T03:58:50,133,0,9,133
2022-06-29T04:09:21,133,0,9,133
2022-06-29T04:21:40,133,0,9,133
2022-06-29T04:32:34,133,0,9,133
2022-06-29T04:43:05,133,0,9,133
2022-06-29T04:53:37,133,0,9,133
2022-06-29T05:04:16,133,0,9,133
2022-06-29T05:14:46,133,0,9,133
2022-06-29T05:25:17,133,0,9,133
2022-06-29T05:37:12,133,0,9,133
2022-06-29T05:48:03,133,0,9,133
2022-06-29T05:58:34,133,0,9,133
2022-06-29T06:09:03,133,0,9,133
2022-06-29T06:19:35,133,0,9,133
2022-06-29T06:30:05,133,0,9,133
2022-06-29T06:40:34,133,0,9,133
2022-06-29T06:51:05,133,0,9,133
2022-06-29T07:01:36,133,0,9,133
2022-06-29T07:12:15,133,0,9,133
2022-06-29T07:22:45,133,0,9,133
2022-06-29T07:33:16,133,0,9,133
2022-06-29T07:43:46,133,0,9,133
2022-06-29T07:54:16,133,0,9,133
2022-06-29T08:04:47,133,0,9,133
2022-06-29T08:15:18,133,0,9,133
2022-06-29T08:25:49,133,0,9,133
2022-06-29T08:36:20,133,0,9,133
2022-06-29T08:46:49,133,0,9,133
2022-06-29T08:57:19,133,0,9,133
2022-06-29T09:07:49,133,0,9,133
2022-06-29T09:18:19,133,0,9,133
2022-06-29T09:28:49,133,0,9,133
2022-06-29T09:39:19,133,0,9,133
2022-06-29T09:50:00,133,0,9,133
2022-06-29T10:00:30,133,0,9,133
2022-06-29T10:11:01,133,0,9,133
2022-06-29T10:21:32,133,0,9,133
2022-06-29T10:32:02,133,0,9,133
2022-06-29T10:42:32,133,0,9,133
2022-06-29T10:53:02,133,0,9,133
2022-06-29T11:03:45,133,0,9,133
2022-06-29T11:14:16,133,0,9,133
2022-06-29T11:24:46,133,0,9,133
2022-06-29T11:35:16,133,0,9,133
2022-06-29T11:45:46,133,0,9,133
2022-06-29T11:56:17,133,0,9,133
2022-06-29T12:06:49,133,0,9,133
2022-06-29T12:17:19,133,0,9,133
2022-06-29T12:27:49,133,0,9,133
2022-06-29T12:38:30,133,0,9,133
2022-06-29T12:48:59,133,0,9,133
2022-06-29T12:59:28,133,0,9,133
2022-06-29T13:09:58,133,0,9,133
2022-06-29T13:20:28,133,0,9,133
2022-06-29T13:30:58,133,0,9,133
2022-06-29T13:41:28,133,0,9,133
2022-06-29T13:51:58,133,0,9,133
2022-06-29T14:02:29,133,0,9,133
2022-06-29T14:13:10,133,0,9,133
2022-06-29T14:23:40,133,0,9,133
2022-06-29T14:34:10,133,0,9,133
2022-06-29T14:44:41,133,0,9,133
2022-06-29T14:55:11,133,0,9,133
2022-06-29T15:05:42,133,0,9,133
2022-06-29T15:16:12,133,0,9,133
2022-06-29T15:26:53,133,0,9,133
2022-06-29T15:37:24,133,0,9,133
2022-06-29T15:47:54,133,0,9,133
2022-06-29T15:58:24,133,0,9,133
2022-06-29T16:08:56,133,0,9,133
2022-06-29T16:19:25,133,0,9,133
2022-06-29T16:29:55,133,0,9,133
2022-06-29T16:40:24,133,0,9,133
2022-06-29T16:50:53,133,0,9,133
2022-06-29T17:01:33,133,0,9,133
2022-06-29T17:12:03,133,0,9,133
2022-06-29T17:22:32,133,0,9,133
2022-06-29T17:33:01,133,0,9,133
2022-06-29T17:43:30,133,0,9,133
2022-06-29T17:53:59,133,0,9,133
2022-06-29T18:04:29,133,0,9,133
2022-06-29T18:14:58,133,0,9,133
2022-06-29T18:25:38,133,0,9,133
2022-06-29T18:36:07,133,0,9,133
2022-06-29T18:46:36,133,0,9,133
2022-06-29T18:57:05,133,0,9,133
2022-06-29T19:07:33,133,0,9,133
2022-06-29T19:18:02,133,0,9,133
2022-06-29T19:28:31,133,0,9,133
2022-06-29T19:39:00,133,0,9,133
2022-06-29T19:49:29,133,0,9,133
2022-06-29T20:00:08,133,0,9,133
2022-06-29T20:10:37,133,0,9,133
2022-06-29T20:21:06,133,0,9,133
2022-06-29T20:31:35,133,0,9,133
2022-06-29T20:42:04,133,0,9,133
2022-06-29T20:52:32,133,0,9,133
2022-06-29T21:03:01,133,0,9,133
2022-06-29T21:13:30,133,0,9,133
2022-06-29T21:23:58,133,0,9,133
2022-06-29T21:34:37,133,0,9,133
2022-06-29T21:45:07,133,0,9,133
2022-06-29T21:55:36,133,0,9,133
2022-06-29T22:06:04,133,0,9,133
2022-06-29T22:16:33,133,0,9,133
2022-06-29T22:27:01,133,0,9,133
2022-06-29T22:37:31,133,0,9,133
2022-06-29T22:47:59,133,0,9,133
2022-06-29T22:58:39,133,0,9,133
2022-06-29T23:09:09,133,0,9,133
2022-06-29T23:19:38,133,0,9,133
2022-06-29T23:30:07,133,0,9,133
2022-06-29T23:40:36,133,0,9,133
2022-06-29T23:51:04,133,0,9,133
2022-06-30T00:01:33,133,0,9,133
2022-06-30T00:12:04,133,0,9,133
2022-06-30T00:22:35,133,0,9,133
2022-06-30T00:33:05,133,0,9,133
2022-06-30T00:43:36,133,0,9,133
2022-06-30T00:54:07,133,0,9,133
2022-06-30T01:04:39,133,0,9,133
2022-06-30T01:15:19,133,0,9,133
2022-06-30T01:25:50,133,0,9,133
2022-06-30T01:36:20,133,0,9,133
2022-06-30T01:46:50,133,0,9,133
2022-06-30T01:57:21,133,0,9,133
2022-06-30T02:07:50,133,0,9,133
2022-06-30T02:18:29,133,0,9,133
2022-06-30T02:28:58,133,0,9,133
2022-06-30T02:39:26,133,0,9,133
2022-06-30T02:49:54,133,0,9,133
2022-06-30T03:00:22,133,0,9,133
2022-06-30T03:10:51,133,0,9,133
2022-06-30T03:21:19,133,0,9,133
2022-06-30T03:31:47,133,0,9,133
2022-06-30T03:42:17,133,0,9,133
2022-06-30T03:52:48,133,0,9,133
2022-06-30T04:05:37,133,0,9,133
2022-06-30T04:26:31,133,0,9,133
2022-06-30T04:37:05,133,0,9,133
2022-06-30T04:47:36,133,0,9,133
2022-06-30T04:58:07,133,0,9,133
2022-06-30T05:08:40,133,0,9,133
2022-06-30T05:19:11,133,0,9,133
2022-06-30T05:29:42,133,0,9,133
2022-06-30T05:40:13,133,0,9,133
2022-06-30T05:50:48,133,0,9,133
2022-06-30T06:01:19,133,0,9,133
2022-06-30T06:11:50,133,0,9,133
2022-06-30T06:22:21,133,0,9,133
2022-06-30T06:32:51,133,0,9,133
2022-06-30T06:43:30,133,0,9,133
2022-06-30T06:54:05,133,0,9,133
2022-06-30T07:04:49,133,0,9,133
2022-06-30T07:15:29,133,0,9,133
2022-06-30T07:26:13,133,0,9,133
2022-06-30T07:36:58,133,0,9,133
2022-06-30T07:47:40,133,0,9,133
2022-06-30T07:58:23,133,0,9,133
2022-06-30T08:09:07,133,0,9,133
2022-06-30T08:19:48,133,0,9,133
2022-06-30T08:30:21,133,0,9,133
2022-06-30T08:40:53,133,0,9,133
2022-06-30T08:51:29,133,0,9,133
2022-06-30T09:02:08,133,0,9,133
2022-06-30T09:12:46,133,0,9,133
2022-06-30T09:23:27,133,0,9,133
2022-06-30T09:34:17,133,0,9,133
2022-06-30T09:44:56,133,0,9,133
2022-06-30T09:55:33,133,0,9,133
2022-06-30T10:06:12,133,0,9,133
2022-06-30T10:16:50,133,0,9,133
2022-06-30T10:27:25,133,0,9,133
2022-06-30T10:37:59,133,0,9,133
2022-06-30T10:48:33,133,0,9,133
2022-06-30T10:59:03,133,0,9,133
2022-06-30T11:09:46,133,0,9,133
2022-06-30T11:20:16,133,0,9,133
2022-06-30T11:30:46,133,0,9,133
2022-06-30T11:41:16,133,0,9,133
2022-06-30T11:51:47,133,0,9,133
2022-06-30T12:02:17,133,0,9,133
2022-06-30T12:12:49,133,0,9,133
2022-06-30T12:23:30,133,0,9,133
2022-06-30T12:34:01,133,0,9,133
2022-06-30T12:44:32,133,0,9,133
2022-06-30T12:55:02,133,0,9,133
2022-06-30T13:05:33,133,0,9,133
2022-06-30T13:16:04,133,0,9,133
2022-06-30T13:26:35,133,0,9,133
2022-06-30T13:37:06,133,0,9,133
2022-06-30T13:47:36,133,0,9,133
2022-06-30T13:58:19,133,0,9,133
2022-06-30T14:08:51,133,0,9,133
2022-06-30T14:19:22,133,0,9,133
2022-06-30T14:29:53,133,0,9,133
2022-06-30T14:40:25,133,0,9,133
2022-06-30T14:50:56,133,0,9,133
2022-06-30T15:01:27,133,0,9,133
2022-06-30T15:11:58,133,0,9,133
2022-06-30T15:22:39,133,0,9,133
2022-06-30T15:33:10,133,0,9,133
2022-06-30T15:43:41,133,0,9,133
2022-06-30T15:54:12,133,0,9,133
2022-06-30T16:04:42,133,0,9,133
2022-06-30T16:15:13,133,0,9,133
2022-06-30T16:25:43,133,0,9,133
2022-06-30T16:36:14,133,0,9,133
2022-06-30T16:46:55,133,0,9,133
2022-06-30T16:57:25,133,0,9,133
2022-06-30T17:07:55,133,0,9,133
2022-06-30T17:18:26,133,0,9,133
2022-06-30T17:28:55,133,0,9,133
2022-06-30T17:39:25,133,0,9,133
2022-06-30T17:49:54,133,0,9,133
2022-06-30T18:00:24,133,0,9,133
2022-06-30T18:10:54,133,0,9,133
2022-06-30T18:21:24,133,0,9,133
2022-06-30T18:31:54,133,0,9,133
2022-06-30T18:42:34,133,0,9,133
2022-06-30T18:53:04,133,0,9,133
2022-06-30T19:03:33,133,0,9,133
2022-06-30T19:14:02,133,0,9,133
2022-06-30T19:24:32,133,0,9,133
2022-06-30T19:35:01,133,0,9,133
2022-06-30T19:45:30,133,0,9,133
2022-06-30T19:55:59,133,0,9,133
2022-06-30T20:06:29,133,0,9,133
2022-06-30T20:16:58,133,0,9,133
2022-06-30T20:27:27,133,0,9,133
2022-06-30T20:37:57,133,0,9,133
2022-06-30T20:48:28,133,0,9,133
2022-06-30T20:59:10,133,0,9,133
2022-06-30T21:09:39,133,0,9,133
2022-06-30T21:20:08,133,0,9,133
2022-06-30T21:30:37,133,0,9,133
2022-06-30T21:41:07,133,0,9,133
2022-06-30T21:51:37,133,0,9,133
2022-06-30T22:02:06,133,0,9,133
2022-06-30T22:12:35,133,0,9,133
2022-06-30T22:23:04,133,0,9,133
2022-06-30T22:33:34,133,0,9,133
2022-06-30T22:44:03,133,0,9,133
2022-06-30T22:54:43,133,0,9,133
2022-06-30T23:05:13,133,0,9,133
2022-06-30T23:15:43,133,0,9,133
2022-06-30T23:26:13,133,0,9,133
2022-06-30T23:36:42,133,0,9,133
2022-06-30T23:47:11,133,0,9,133
2022-06-30T23:57:41,133,0,9,133
2022-07-01T00:08:12,133,0,9,133
2022-07-01T00:18:50,133,0,9,133
2022-07-01T00:29:21,133,0,9,133
2022-07-01T00:40:03,133,0,9,133
2022-07-01T00:50:36,133,0,9,133
2022-07-01T01:01:08,133,0,9,133
2022-07-01T01:11:40,133,0,9,133
2022-07-01T01:22:12,133,0,9,133
2022-07-01T01:32:45,133,0,9,133
2022-07-01T01:43:16,133,0,9,133
2022-07-01T01:53:48,133,0,9,133
2022-07-01T02:04:22,133,0,9,133
2022-07-01T02:14:53,133,0,9,133
2022-07-01T02:25:24,133,0,9,133
2022-07-01T02:36:06,133,0,9,133
2022-07-01T02:46:36,133,0,9,133
2022-07-01T02:57:06,133,0,9,133
2022-07-01T03:07:35,133,0,9,133
2022-07-01T03:18:05,133,0,9,133
2022-07-01T03:28:35,133,0,9,133
2022-07-01T03:39:05,133,0,9,133
2022-07-01T03:49:37,133,0,9,133
2022-07-01T04:00:08,133,0,9,133
2022-07-01T04:15:44,133,0,9,133
2022-07-01T04:27:27,133,0,9,133
2022-07-01T04:38:16,133,0,9,133
2022-07-01T04:48:50,133,0,9,133
2022-07-01T04:59:22,133,0,9,133
2022-07-01T05:09:55,133,0,9,133
2022-07-01T05:20:28,133,0,9,133
2022-07-01T05:30:59,133,0,9,133
2022-07-01T05:41:32,133,0,9,133
2022-07-01T05:52:03,133,0,9,133
2022-07-01T06:02:33,133,0,9,133
2022-07-01T06:13:05,133,0,9,133
2022-07-01T06:23:33,133,0,9,133
2022-07-01T06:34:03,133,0,9,133
2022-07-01T06:44:32,133,0,9,133
2022-07-01T06:55:02,133,0,9,133
2022-07-01T07:05:32,133,0,9,133
2022-07-01T07:16:02,133,0,9,133
2022-07-01T07:26:31,133,0,9,133
2022-07-01T07:37:02,133,0,9,133
2022-07-01T07:47:31,133,0,9,133
2022-07-01T07:58:11,133,0,9,133
2022-07-01T08:08:41,133,0,9,133
2022-07-01T08:19:11,133,0,9,133
2022-07-01T08:29:43,133,0,9,133
2022-07-01T08:40:13,133,0,9,133
2022-07-01T08:50:43,133,0,9,133
2022-07-01T09:01:14,133,0,9,133
2022-07-01T09:11:45,133,0,9,133
2022-07-01T09:22:16,133,0,9,133
2022-07-01T09:32:47,133,0,9,133
2022-07-01T09:43:19,133,0,9,133
2022-07-01T09:53:50,133,0,9,133
2022-07-01T10:04:21,133,0,9,133
2022-07-01T10:15:03,133,0,9,133
2022-07-01T10:25:34,133,0,9,133
2022-07-01T10:36:04,133,0,9,133
2022-07-01T10:46:35,133,0,9,133
2022-07-01T10:57:05,133,0,9,133
2022-07-01T11:07:37,133,0,9,133
2022-07-01T11:18:09,133,0,9,133
2022-07-01T11:28:39,133,0,9,133
2022-07-01T11:39:10,133,0,9,133
2022-07-01T11:49:41,133,0,9,133
2022-07-01T12:00:12,133,0,9,133
2022-07-01T12:10:43,133,0,9,133
2022-07-01T12:21:25,133,0,9,133
2022-07-01T12:31:55,133,0,9,133
2022-07-01T12:42:25,133,0,9,133
2022-07-01T12:52:56,133,0,9,133
2022-07-01T13:03:26,133,0,9,133
2022-07-01T13:13:57,133,0,9,133
2022-07-01T13:24:27,133,0,9,133
2022-07-01T13:34:58,133,0,9,133
2022-07-01T13:45:30,133,0,9,133
2022-07-01T13:56:11,133,0,9,133
2022-07-01T14:06:42,133,0,9,133
2022-07-01T14:17:13,133,0,9,133
2022-07-01T14:27:43,133,0,9,133
2022-07-01T14:38:15,133,0,9,133
2022-07-01T14:48:46,133,0,9,133
2022-07-01T14:59:17,133,0,9,133
2022-07-01T15:09:48,133,0,9,133
2022-07-01T15:20:18,133,0,9,133
2022-07-01T15:30:49,133,0,9,133
2022-07-01T15:41:19,133,0,9,133
2022-07-01T15:52:01,133,0,9,133
2022-07-01T16:02:32,133,0,9,133
2022-07-01T16:13:03,133,0,9,133
2022-07-01T16:23:32,133,0,9,133
2022-07-01T16:34:02,133,0,9,133
2022-07-01T16:44:32,133,0,9,133
2022-07-01T16:55:01,133,0,9,133
2022-07-01T17:05:31,133,0,9,133
2022-07-01T17:16:02,133,0,9,133
2022-07-01T17:26:31,133,0,9,133
2022-07-01T17:37:01,133,0,9,133
2022-07-01T17:47:30,133,0,9,133
2022-07-01T17:58:10,133,0,9,133
2022-07-01T18:08:40,133,0,9,133
2022-07-01T18:19:09,133,0,9,133
2022-07-01T18:29:38,133,0,9,133
2022-07-01T18:40:08,133,0,9,133
2022-07-01T18:50:37,133,0,9,133
2022-07-01T19:01:06,133,0,9,133
2022-07-01T19:11:35,133,0,9,133
2022-07-01T19:22:05,133,0,9,133
2022-07-01T19:32:34,133,0,9,133
2022-07-01T19:43:06,133,0,9,133
2022-07-01T19:53:35,133,0,9,133
2022-07-01T20:04:15,133,0,9,133
2022-07-01T20:14:44,133,0,9,133
2022-07-01T20:25:13,133,0,9,133
2022-07-01T20:35:42,133,0,9,133
2022-07-01T20:46:11,133,0,9,133
2022-07-01T20:56:39,133,0,9,133
2022-07-01T21:07:09,133,0,9,133
2022-07-01T21:17:38,133,0,9,133
2022-07-01T21:28:07,133,0,9,133
2022-07-01T21:38:36,133,0,9,133
2022-07-01T21:49:06,133,0,9,133
2022-07-01T21:59:34,133,0,9,133
2022-07-01T22:10:14,133,0,9,133
2022-07-01T22:20:43,133,0,9,133
2022-07-01T22:31:13,133,0,9,133
2022-07-01T22:41:42,133,0,9,133
2022-07-01T22:52:11,133,0,9,133
2022-07-01T23:02:40,133,0,9,133
2022-07-01T23:13:12,133,0,9,133
2022-07-01T23:23:42,133,0,9,133
2022-07-01T23:34:11,133,0,9,133
2022-07-01T23:44:40,133,0,9,133
2022-07-01T23:55:09,133,0,9,133
2022-07-02T00:05:39,133,0,9,133
2022-07-02T00:16:22,133,0,9,133
2022-07-02T00:26:53,133,0,9,133
2022-07-02T00:37:24,133,0,9,133
2022-07-02T00:47:57,133,0,9,133
2022-07-02T00:58:30,133,0,9,133
2022-07-02T01:09:02,133,0,9,133
2022-07-02T01:19:35,133,0,9,133
2022-07-02T01:30:07,133,0,9,133
2022-07-02T01:43:13,133,0,9,133
2022-07-02T02:04:16,133,0,9,133
2022-07-02T02:21:13,133,0,9,133
2022-07-02T02:31:43,133,0,9,133
2022-07-02T02:42:13,133,0,9,133
2022-07-02T02:52:44,133,0,9,133
2022-07-02T03:03:14,133,0,9,133
2022-07-02T03:13:43,133,0,9,133
2022-07-02T03:24:11,133,0,9,133
2022-07-02T03:34:51,133,0,9,133
2022-07-02T03:45:22,133,0,9,133
2022-07-02T03:55:52,133,0,9,133
2022-07-02T04:06:23,133,0,9,133
2022-07-02T04:21:36,133,0,9,133
2022-07-02T04:33:36,133,0,9,133
2022-07-02T04:44:09,133,0,9,133
2022-07-02T04:54:41,133,0,9,133
2022-07-02T05:05:12,133,0,9,133
2022-07-02T05:15:43,133,0,9,133
2022-07-02T05:26:16,133,0,9,133
2022-07-02T05:36:47,133,0,9,133
2022-07-02T05:47:17,133,0,9,133
2022-07-02T05:57:48,133,0,9,133
2022-07-02T06:08:18,133,0,9,133
2022-07-02T06:18:49,133,0,9,133
2022-07-02T06:29:19,133,0,9,133
2022-07-02T06:39:50,133,0,9,133
2022-07-02T06:50:20,133,0,9,133
2022-07-02T07:00:51,133,0,9,133
2022-07-02T07:11:23,133,0,9,133
2022-07-02T07:21:54,133,0,9,133
2022-07-02T07:32:26,133,0,9,133
2022-07-02T07:43:07,133,0,9,133
2022-07-02T07:53:38,133,0,9,133
2022-07-02T08:04:08,133,0,9,133
2022-07-02T08:14:39,133,0,9,133
2022-07-02T08:25:10,133,0,9,133
2022-07-02T08:35:40,133,0,9,133
2022-07-02T08:46:11,133,0,9,133
2022-07-02T08:56:41,133,0,9,133
2022-07-02T09:07:11,133,0,9,133
2022-07-02T09:17:40,133,0,9,133
2022-07-02T09:28:09,133,0,9,133
2022-07-02T09:38:45,133,0,9,133
2022-07-02T09:49:17,133,0,9,133
2022-07-02T09:59:59,133,0,9,133
2022-07-02T10:10:30,133,0,9,133
2022-07-02T10:21:00,133,0,9,133
2022-07-02T10:31:30,133,0,9,133
2022-07-02T10:42:00,133,0,9,133
2022-07-02T10:52:29,133,0,9,133
2022-07-02T11:02:59,133,0,9,133
2022-07-02T11:13:29,133,0,9,133
2022-07-02T11:24:10,133,0,9,133
2022-07-02T11:34:43,133,0,9,133
2022-07-02T11:45:14,133,0,9,133
2022-07-02T11:55:44,133,0,9,133
2022-07-02T12:06:15,133,0,9,133
2022-07-02T12:16:46,133,0,9,133
2022-07-02T12:27:17,133,0,9,133
2022-07-02T12:37:47,133,0,9,133
2022-07-02T12:48:18,133,0,9,133
2022-07-02T12:58:49,133,0,9,133
2022-07-02T13:09:19,133,0,9,133
2022-07-02T13:19:50,133,0,9,133
2022-07-02T13:30:20,133,0,9,133
2022-07-02T13:40:50,133,0,9,133
2022-07-02T13:51:20,133,0,9,133
2022-07-02T14:01:51,133,0,9,133
2022-07-02T14:12:22,133,0,9,133
2022-07-02T14:23:03,133,0,9,133
2022-07-02T14:33:33,133,0,9,133
2022-07-02T14:44:02,133,0,9,133
2022-07-02T14:54:30,133,0,9,133
2022-07-02T15:04:59,133,0,9,133
2022-07-02T15:15:28,133,0,9,133
2022-07-02T15:25:56,133,0,9,133
2022-07-02T15:36:26,133,0,9,133
2022-07-02T15:46:54,133,0,9,133
2022-07-02T15:57:23,133,0,9,133
2022-07-02T16:08:03,133,0,9,133
2022-07-02T16:18:32,133,0,9,133
2022-07-02T16:29:01,133,0,9,133
2022-07-02T16:39:29,133,0,9,133
2022-07-02T16:49:58,133,0,9,133
2022-07-02T17:00:27,133,0,9,133
2022-07-02T17:10:57,133,0,10,133
2022-07-02T17:21:26,133,0,10,133
2022-07-02T17:31:54,133,0,10,133
2022-07-02T17:42:24,133,0,10,133
2022-07-02T17:52:53,133,0,10,133
2022-07-02T18:03:22,133,0,10,133
2022-07-02T18:13:51,133,0,10,133
2022-07-02T18:24:20,133,0,10,133
2022-07-02T18:34:49,133,0,10,133
2022-07-02T18:45:18,133,0,10,133
2022-07-02T18:55:47,133,0,10,133
2022-07-02T19:06:27,133,0,10,133
2022-07-02T19:16:56,133,0,10,133
2022-07-02T19:27:25,133,0,10,133
2022-07-02T19:37:55,133,0,10,133
2022-07-02T19:48:25,133,0,10,133
2022-07-02T19:58:56,133,0,10,133
2022-07-02T20:09:26,133,0,10,133
2022-07-02T20:19:57,133,0,10,133
2022-07-02T20:30:28,133,0,10,133
2022-07-02T20:40:58,133,0,10,133
2022-07-02T20:51:29,133,0,10,133
2022-07-02T21:02:00,133,0,10,133
2022-07-02T21:12:30,133,0,10,133
2022-07-02T21:23:00,133,0,10,133
2022-07-02T21:33:30,133,0,10,133
2022-07-02T21:44:10,132,1,11,133
2022-07-02T21:54:39,132,1,11,133
2022-07-02T22:05:08,132,1,11,133
2022-07-02T22:15:37,132,1,11,133
2022-07-02T22:26:07,132,1,11,133
2022-07-02T22:36:37,133,0,10,133
2022-07-02T22:47:06,133,0,10,133
2022-07-02T22:57:35,133,0,10,133
2022-07-02T23:08:05,133,0,10,133
2022-07-02T23:18:35,133,0,10,133
2022-07-02T23:29:05,133,0,10,133
2022-07-02T23:39:35,133,0,10,133
2022-07-02T23:50:05,133,0,10,133
2022-07-03T00:00:34,133,0,10,133
2022-07-03T00:11:04,133,0,10,133
2022-07-03T00:21:36,133,0,10,133
2022-07-03T00:32:06,133,0,10,133
2022-07-03T00:42:37,133,0,10,133
2022-07-03T00:53:09,133,0,10,133
2022-07-03T01:03:49,133,0,10,133
2022-07-03T01:14:19,133,0,10,133
2022-07-03T01:24:49,133,0,10,133
2022-07-03T01:35:20,133,0,10,133
2022-07-03T01:45:50,133,0,10,133
2022-07-03T01:56:22,133,0,10,133
2022-07-03T02:06:53,133,0,10,133
2022-07-03T02:17:24,133,0,10,133
2022-07-03T02:27:54,133,0,10,133
2022-07-03T02:38:25,133,0,10,133
2022-07-03T02:48:57,133,0,10,133
2022-07-03T02:59:29,133,0,10,133
2022-07-03T03:10:09,133,0,10,133
2022-07-03T03:20:39,133,0,10,133
2022-07-03T03:31:10,133,0,10,133
2022-07-03T03:41:41,133,0,10,133
2022-07-03T03:52:12,133,0,10,133
2022-07-03T04:02:43,133,0,10,133
2022-07-03T04:13:15,133,0,10,133
2022-07-03T04:23:30,133,0,10,133
2022-07-03T04:34:24,133,0,10,133
2022-07-03T04:44:56,133,0,10,133
2022-07-03T04:55:30,133,0,10,133
2022-07-03T05:06:01,133,0,10,133
2022-07-03T05:16:34,133,0,10,133
2022-07-03T05:27:04,133,0,10,133
2022-07-03T05:37:34,133,0,10,133
2022-07-03T05:48:03,133,0,10,133
2022-07-03T05:58:33,133,0,10,133
2022-07-03T06:09:03,133,0,10,133
2022-07-03T06:19:34,133,0,10,133
2022-07-03T06:30:04,133,0,10,133
2022-07-03T06:40:34,133,0,10,133
2022-07-03T06:51:03,133,0,10,133
2022-07-03T07:01:32,133,0,10,133
2022-07-03T07:12:02,133,0,10,133
2022-07-03T07:22:31,133,0,10,133
2022-07-03T07:33:03,133,0,10,133
2022-07-03T07:43:33,133,0,10,133
2022-07-03T07:54:02,133,0,10,133
2022-07-03T08:04:31,133,0,10,133
2022-07-03T08:15:01,133,0,10,133
2022-07-03T08:25:31,133,0,10,133
2022-07-03T08:36:01,133,0,10,133
2022-07-03T08:46:31,133,0,10,133
2022-07-03T08:57:00,133,0,10,133
2022-07-03T09:07:29,133,0,10,133
2022-07-03T09:18:06,133,0,10,133
2022-07-03T09:28:36,133,0,10,133
2022-07-03T09:39:05,133,0,10,133
2022-07-03T09:49:34,133,0,10,133
2022-07-03T10:00:03,133,0,10,133
2022-07-03T10:10:33,133,0,10,133
2022-07-03T10:21:02,133,0,10,133
2022-07-03T10:31:31,133,0,10,133
2022-07-03T10:42:00,133,0,10,133
2022-07-03T10:52:29,133,0,10,133
2022-07-03T11:02:58,133,0,10,133
2022-07-03T11:13:27,133,0,10,133
2022-07-03T11:23:56,133,0,10,133
2022-07-03T11:34:26,133,0,10,133
2022-07-03T11:44:56,133,0,10,133
2022-07-03T11:55:25,133,0,10,133
2022-07-03T12:06:07,133,0,10,133
2022-07-03T12:16:36,133,0,10,133
2022-07-03T12:27:06,133,0,10,133
2022-07-03T12:37:35,133,0,10,133
2022-07-03T12:48:05,133,0,10,133
2022-07-03T12:58:35,133,0,10,133
2022-07-03T13:09:09,133,0,10,133
2022-07-03T13:19:39,133,0,10,133
2022-07-03T13:30:10,133,0,10,133
2022-07-03T13:40:40,133,0,10,133
2022-07-03T13:51:09,133,0,10,133
2022-07-03T14:01:39,133,0,10,133
2022-07-03T14:12:18,133,0,10,133
2022-07-03T14:22:47,133,0,10,133
2022-07-03T14:33:16,133,0,10,133
2022-07-03T14:43:45,133,0,10,133
2022-07-03T14:54:14,133,0,10,133
2022-07-03T15:04:44,133,0,10,133
2022-07-03T15:15:13,133,0,10,133
2022-07-03T15:25:42,133,0,10,133
2022-07-03T15:36:12,133,0,10,133
2022-07-03T15:46:41,133,0,10,133
2022-07-03T15:57:10,133,0,10,133
2022-07-03T16:07:39,133,0,10,133
2022-07-03T16:18:08,133,0,10,133
2022-07-03T16:28:37,133,0,10,133
2022-07-03T16:39:15,133,0,10,133
2022-07-03T16:49:44,133,0,10,133
2022-07-03T17:00:13,133,0,10,133
2022-07-03T17:10:44,133,0,10,133
2022-07-03T17:23:24,133,0,10,133
2022-07-03T17:33:53,133,0,10,133
2022-07-03T17:44:22,133,0,10,133
2022-07-03T17:54:51,133,0,10,133
2022-07-03T18:05:20,133,0,10,133
2022-07-03T18:15:49,133,0,10,133
2022-07-03T18:26:18,133,0,10,133
2022-07-03T18:36:47,133,0,10,133
2022-07-03T18:47:16,133,0,10,133
2022-07-03T18:57:54,133,0,10,133
2022-07-03T19:08:23,133,0,10,133
2022-07-03T19:18:55,133,0,10,133
2022-07-03T19:29:24,133,0,10,133
2022-07-03T19:39:56,133,0,10,133
2022-07-03T19:50:30,133,0,10,133
2022-07-03T20:01:04,133,0,10,133
2022-07-03T20:11:33,133,0,10,133
2022-07-03T20:22:02,133,0,10,133
2022-07-03T20:32:31,133,0,10,133
2022-07-03T20:42:59,133,0,10,133
2022-07-03T20:53:28,133,0,10,133
2022-07-03T21:03:57,133,0,10,133
2022-07-03T21:14:26,133,0,10,133
2022-07-03T21:24:55,133,0,10,133
2022-07-03T21:35:24,133,0,10,133
2022-07-03T21:45:53,133,0,10,133
2022-07-03T21:56:23,133,0,10,133
2022-07-03T22:07:02,133,0,10,133
2022-07-03T22:17:31,133,0,10,133
2022-07-03T22:28:00,133,0,10,133
2022-07-03T22:38:30,133,0,10,133
2022-07-03T22:48:59,133,0,10,133
2022-07-03T22:59:28,133,0,10,133
2022-07-03T23:09:58,133,0,10,133
2022-07-03T23:20:28,133,0,10,133
2022-07-03T23:30:59,133,0,10,133
2022-07-03T23:41:28,133,0,10,133
2022-07-03T23:51:58,133,0,10,133
2022-07-04T00:02:27,133,0,10,133
2022-07-04T00:13:00,133,0,10,133
2022-07-04T00:23:35,133,0,10,133
2022-07-04T00:34:17,133,0,10,133
2022-07-04T00:44:47,133,0,10,133
2022-07-04T00:55:18,133,0,10,133
2022-07-04T01:05:47,133,0,10,133
2022-07-04T01:16:22,133,0,10,133
2022-07-04T01:26:55,133,0,10,133
2022-07-04T01:37:26,133,0,10,133
2022-07-04T01:47:56,133,0,10,133
2022-07-04T01:58:27,133,0,10,133
2022-07-04T02:08:59,133,0,10,133
2022-07-04T02:19:30,133,0,10,133
2022-07-04T02:30:00,133,0,10,133
2022-07-04T02:40:32,133,0,10,133
2022-07-04T02:51:10,133,0,10,133
2022-07-04T03:01:39,133,0,10,133
2022-07-04T03:12:08,133,0,10,133
2022-07-04T03:22:39,133,0,10,133
2022-07-04T03:33:11,133,0,10,133
2022-07-04T03:43:43,133,0,10,133
2022-07-04T03:54:15,133,0,10,133
2022-07-04T04:04:45,133,0,10,133
2022-07-04T04:31:58,133,0,10,133
2022-07-04T04:42:31,133,0,10,133
2022-07-04T04:53:02,133,0,10,133
2022-07-04T05:03:35,133,0,10,133
2022-07-04T05:14:09,133,0,10,133
2022-07-04T05:24:41,133,0,10,133
2022-07-04T05:35:13,133,0,10,133
2022-07-04T05:45:44,133,0,10,133
2022-07-04T05:56:14,133,0,10,133
2022-07-04T06:06:47,133,0,10,133
2022-07-04T06:17:17,133,0,10,133
2022-07-04T06:27:48,133,0,10,133
2022-07-04T06:38:18,133,0,10,133
2022-07-04T06:48:49,133,0,10,133
2022-07-04T06:59:19,133,0,10,133
2022-07-04T07:09:57,133,0,10,133
2022-07-04T07:20:25,133,0,10,133
2022-07-04T07:30:55,133,0,10,133
2022-07-04T07:41:24,133,0,10,133
2022-07-04T07:51:52,133,0,10,133
2022-07-04T08:02:21,133,0,10,133
2022-07-04T08:12:50,133,0,10,133
2022-07-04T08:23:20,133,0,10,133
2022-07-04T08:33:49,133,0,10,133
2022-07-04T08:44:18,133,0,10,133
2022-07-04T08:54:47,133,0,10,133
2022-07-04T09:05:35,133,0,10,133
2022-07-04T09:16:04,133,0,10,133
2022-07-04T09:26:33,133,0,10,133
2022-07-04T09:37:02,133,0,10,133
2022-07-04T09:47:31,133,0,10,133
2022-07-04T09:58:00,133,0,10,133
2022-07-04T10:08:29,133,0,10,133
2022-07-04T10:18:58,133,0,10,133
2022-07-04T10:29:27,133,0,10,133
2022-07-04T10:40:08,133,0,10,133
2022-07-04T10:50:37,133,0,10,133
2022-07-04T11:01:06,133,0,10,133
2022-07-04T11:11:35,133,0,10,133
2022-07-04T11:22:03,133,0,10,133
2022-07-04T11:32:32,133,0,10,133
2022-07-04T11:43:01,133,0,10,133
2022-07-04T11:53:30,133,0,10,133
2022-07-04T12:03:58,133,0,10,133
2022-07-04T12:14:28,133,0,10,133
2022-07-04T12:24:57,133,0,10,133
2022-07-04T12:35:26,133,0,10,133
2022-07-04T12:45:54,133,0,10,133
2022-07-04T12:56:23,133,0,10,133
2022-07-04T13:06:52,133,0,10,133
2022-07-04T13:17:31,133,0,10,133
2022-07-04T13:27:59,133,0,10,133
2022-07-04T13:38:29,133,0,10,133
2022-07-04T13:48:58,133,0,10,133
2022-07-04T13:59:26,133,0,10,133
2022-07-04T14:09:55,133,0,10,133
2022-07-04T14:20:24,133,0,10,133
2022-07-04T14:30:53,133,0,10,133
2022-07-04T14:41:22,133,0,10,133
2022-07-04T14:51:51,133,0,10,133
2022-07-04T15:02:20,133,0,10,133
2022-07-04T15:13:00,133,0,10,133
2022-07-04T15:23:29,133,0,10,133
2022-07-04T15:33:59,133,0,10,133
2022-07-04T15:44:28,133,0,10,133
2022-07-04T15:54:57,133,0,10,133
2022-07-04T16:05:27,133,0,10,133
2022-07-04T16:15:56,133,0,10,133
2022-07-04T16:26:25,133,0,10,133
2022-07-04T16:36:54,133,0,10,133
2022-07-04T16:47:22,133,0,10,133
2022-07-04T16:57:53,133,0,10,133
2022-07-04T17:08:22,133,0,10,133
2022-07-04T17:18:51,133,0,10,133
2022-07-04T17:29:20,133,0,10,133
2022-07-04T17:39:49,133,0,10,133
2022-07-04T17:50:27,133,0,10,133
2022-07-04T18:00:56,133,0,10,133
2022-07-04T18:11:24,133,0,9,133
2022-07-04T18:21:53,133,0,9,133
2022-07-04T18:32:21,133,0,9,133
2022-07-04T18:42:49,133,0,9,133
2022-07-04T18:53:18,133,0,9,133
2022-07-04T19:03:47,133,0,9,133
2022-07-04T19:14:16,133,0,9,133
2022-07-04T19:24:45,133,0,9,133
2022-07-04T19:35:14,133,0,9,133
2022-07-04T19:45:43,133,0,9,133
2022-07-04T19:56:11,133,0,9,133
2022-07-04T20:06:40,133,0,9,133
2022-07-04T20:17:08,133,0,9,133
2022-07-04T20:27:37,133,0,9,133
2022-07-04T20:38:05,133,0,9,133
2022-07-04T20:48:44,133,0,9,133
2022-07-04T20:59:13,133,0,9,133
2022-07-04T21:09:42,133,0,9,133
2022-07-04T21:20:11,133,0,9,133
2022-07-04T21:30:39,133,0,9,133
2022-07-04T21:41:07,133,0,9,133
2022-07-04T21:51:37,133,0,9,133
2022-07-04T22:02:05,133,0,9,133
2022-07-04T22:12:34,133,0,9,133
2022-07-04T22:23:03,133,0,9,133
2022-07-04T22:33:32,133,0,9,133
2022-07-04T22:44:01,133,0,9,133
2022-07-04T22:54:29,133,0,9,133
2022-07-04T23:05:10,133,0,9,133
2022-07-04T23:15:39,133,0,9,133
2022-07-04T23:26:09,133,0,9,133
2022-07-04T23:36:38,133,0,9,133
2022-07-04T23:47:09,133,0,9,133
2022-07-04T23:57:38,133,0,9,133
2022-07-05T00:08:09,133,0,9,133
2022-07-05T00:18:41,133,0,9,133
2022-07-05T00:29:10,133,0,9,133
2022-07-05T00:39:40,133,0,9,133
2022-07-05T00:50:11,133,0,9,133
2022-07-05T01:00:41,133,0,9,133
2022-07-05T01:11:22,133,0,9,133
2022-07-05T01:21:51,133,0,9,133
2022-07-05T01:32:23,133,0,9,133
2022-07-05T01:42:52,133,0,9,133
2022-07-05T01:53:22,133,0,9,133
2022-07-05T02:04:04,133,0,9,133
2022-07-05T02:14:34,133,0,9,133
2022-07-05T02:25:05,133,0,9,133
2022-07-05T02:35:36,133,0,9,133
2022-07-05T02:46:06,133,0,9,133
2022-07-05T02:56:36,133,0,9,133
2022-07-05T03:07:07,133,0,9,133
2022-07-05T03:17:46,133,0,9,133
2022-07-05T03:28:16,133,0,9,133
2022-07-05T03:38:53,133,0,9,133
2022-07-05T03:49:33,133,0,9,133
2022-07-05T04:00:10,133,0,9,133
2022-07-05T04:12:53,133,0,9,133
2022-07-05T04:25:59,133,0,9,133
2022-07-05T04:37:00,133,0,9,133
2022-07-05T04:47:37,133,0,9,133
2022-07-05T04:58:13,133,0,9,133
2022-07-05T05:08:49,133,0,9,133
2022-07-05T05:19:23,133,0,9,133
2022-07-05T05:29:56,133,0,9,133
2022-07-05T05:40:31,133,0,9,133
2022-07-05T05:51:01,133,0,9,133
2022-07-05T06:01:32,133,0,9,133
2022-07-05T06:12:03,133,0,9,133
2022-07-05T06:22:33,133,0,9,133
2022-07-05T06:33:03,133,0,9,133
2022-07-05T06:43:32,133,0,9,133
2022-07-05T06:54:01,133,0,9,133
2022-07-05T07:04:31,133,0,9,133
2022-07-05T07:15:00,133,0,9,133
2022-07-05T07:25:30,133,0,9,133
2022-07-05T07:35:59,133,0,9,133
2022-07-05T07:46:29,133,0,9,133
2022-07-05T07:56:59,133,0,9,133
2022-07-05T08:07:29,133,0,9,133
2022-07-05T08:17:59,133,0,9,133
2022-07-05T08:28:30,133,0,9,133
2022-07-05T08:39:11,133,0,9,133
2022-07-05T08:49:41,133,0,9,133
2022-07-05T09:00:12,133,0,9,133
2022-07-05T09:10:43,133,0,9,133
2022-07-05T09:21:14,133,0,9,133
2022-07-05T09:31:46,133,0,9,133
2022-07-05T09:42:17,133,0,9,133
2022-07-05T09:52:47,133,0,9,133
2022-07-05T10:03:19,133,0,9,133
2022-07-05T10:13:49,133,0,9,133
2022-07-05T10:24:21,133,0,9,133
2022-07-05T10:34:52,133,0,9,133
2022-07-05T10:45:23,133,0,9,133
2022-07-05T10:55:54,133,0,9,133
2022-07-05T11:06:25,133,0,9,133
2022-07-05T11:16:56,133,0,9,133
2022-07-05T11:27:37,133,0,9,133
2022-07-05T11:38:08,133,0,9,133
2022-07-05T11:48:39,133,0,10,133
2022-07-05T11:59:09,133,0,10,133
2022-07-05T12:09:40,133,0,10,133
2022-07-05T12:20:11,133,0,10,133
2022-07-05T12:30:42,133,0,10,133
2022-07-05T12:41:12,133,0,10,133
2022-07-05T12:51:43,133,0,10,133
2022-07-05T13:02:13,133,0,10,133
2022-07-05T13:12:44,133,0,10,133
2022-07-05T13:23:15,133,0,10,133
2022-07-05T13:33:56,133,0,10,133
2022-07-05T13:44:29,133,0,10,133
2022-07-05T13:55:00,133,0,10,133
2022-07-05T14:05:31,133,0,10,133
2022-07-05T14:16:02,133,0,10,133
2022-07-05T14:26:34,133,0,10,133
2022-07-05T14:37:04,133,0,10,133
2022-07-05T14:47:35,133,0,10,133
2022-07-05T14:58:16,133,0,10,133
2022-07-05T15:08:47,133,0,10,133
2022-07-05T15:19:18,133,0,10,133
2022-07-05T15:29:49,133,0,10,133
2022-07-05T15:40:20,133,0,10,133
2022-07-05T15:50:51,133,0,10,133
2022-07-05T16:01:23,133,0,10,133
2022-07-05T16:11:54,133,0,10,133
2022-07-05T16:22:25,133,0,10,133
2022-07-05T16:32:56,133,0,10,133
2022-07-05T16:43:27,133,0,10,133
2022-07-05T16:54:08,133,0,10,133
2022-07-05T17:04:38,133,0,10,133
2022-07-05T17:15:09,133,0,10,133
2022-07-05T17:25:39,133,0,10,133
2022-07-05T17:36:09,133,0,10,133
2022-07-05T17:46:41,133,0,10,133
2022-07-05T17:57:12,133,0,10,133
2022-07-05T18:07:42,133,0,10,133
2022-07-05T18:18:12,133,0,10,133
2022-07-05T18:28:42,133,0,10,133
2022-07-05T18:39:12,133,0,10,133
2022-07-05T18:49:45,133,0,10,133
2022-07-05T19:00:24,133,0,10,133
2022-07-05T19:10:55,133,0,10,133
2022-07-05T19:21:25,133,0,10,133
2022-07-05T19:31:56,133,0,10,133
2022-07-05T19:42:26,133,0,10,133
2022-07-05T19:52:56,133,0,10,133
2022-07-05T20:03:26,133,0,10,133
2022-07-05T20:13:57,133,0,10,133
2022-07-05T20:24:27,133,0,10,133
2022-07-05T20:34:56,133,0,10,133
2022-07-05T20:45:26,133,0,10,133
2022-07-05T20:55:56,133,0,10,133
2022-07-05T21:06:26,133,0,10,133
2022-07-05T21:16:55,133,0,10,133
2022-07-05T21:27:25,133,0,10,133
2022-07-05T21:37:54,133,0,10,133
2022-07-05T21:48:24,133,0,10,133
2022-07-05T21:58:55,133,0,10,133
2022-07-05T22:09:35,133,0,10,133
2022-07-05T22:20:05,133,0,10,133
2022-07-05T22:30:35,133,0,10,133
2022-07-05T22:41:05,133,0,10,133
2022-07-05T22:51:35,133,0,10,133
2022-07-05T23:02:04,133,0,10,133
2022-07-05T23:12:35,133,0,10,133
2022-07-05T23:23:05,133,0,10,133
2022-07-05T23:33:35,133,0,10,133
2022-07-05T23:44:05,133,0,10,133
2022-07-05T23:54:35,133,0,10,133
2022-07-06T00:05:06,133,0,10,133
2022-07-06T00:15:37,133,0,10,133
2022-07-06T00:26:10,133,0,10,133
2022-07-06T00:36:42,133,0,10,133
2022-07-06T00:47:14,133,0,10,133
2022-07-06T00:57:47,133,0,10,133
2022-07-06T01:08:19,133,0,10,133
2022-07-06T01:19:01,133,0,10,133
2022-07-06T01:29:34,133,0,10,133
2022-07-06T01:40:05,133,0,10,133
2022-07-06T01:50:36,133,0,10,133
2022-07-06T02:01:08,133,0,10,133
2022-07-06T02:11:38,133,0,10,133
2022-07-06T02:22:09,133,0,10,133
2022-07-06T02:32:39,133,0,10,133
2022-07-06T02:43:12,133,0,10,133
2022-07-06T02:54:01,133,0,10,133
2022-07-06T03:04:34,133,0,10,133
2022-07-06T03:15:05,133,0,10,133
2022-07-06T03:25:37,133,0,10,133
2022-07-06T03:36:07,133,0,10,133
2022-07-06T03:46:40,133,0,10,133
2022-07-06T03:57:12,133,0,10,133
2022-07-06T04:07:44,133,0,10,133
2022-07-06T04:24:15,133,0,10,133
2022-07-06T04:34:49,133,0,10,133
2022-07-06T04:45:22,133,0,10,133
2022-07-06T04:57:07,133,0,10,133
2022-07-06T05:07:59,133,0,10,133
2022-07-06T05:18:32,133,0,10,133
2022-07-06T05:29:05,133,0,10,133
2022-07-06T05:39:37,133,0,10,133
2022-07-06T05:50:08,133,0,10,133
2022-07-06T06:00:40,133,0,10,133
2022-07-06T06:11:12,133,0,10,133
2022-07-06T06:21:45,133,0,10,133
2022-07-06T06:32:17,133,0,10,133
2022-07-06T06:42:48,133,0,10,133
2022-07-06T06:53:18,133,0,10,133
2022-07-06T07:03:48,133,0,10,133
2022-07-06T07:14:19,133,0,10,133
2022-07-06T07:24:49,133,0,10,133
2022-07-06T07:35:19,133,0,10,133
2022-07-06T07:45:50,133,0,10,133
2022-07-06T07:56:19,133,0,10,133
2022-07-06T08:06:50,133,0,10,133
2022-07-06T08:17:20,133,0,10,133
2022-07-06T08:27:51,133,0,10,133
2022-07-06T08:38:21,133,0,10,133
2022-07-06T08:48:53,133,0,10,133
2022-07-06T08:59:24,133,0,10,133
2022-07-06T09:09:55,133,0,10,133
2022-07-06T09:20:27,133,0,10,133
2022-07-06T09:31:01,133,0,10,133
2022-07-06T09:41:33,133,0,10,133
2022-07-06T09:52:05,133,0,10,133
2022-07-06T10:02:49,133,0,10,133
2022-07-06T10:13:20,133,0,10,133
2022-07-06T10:23:52,133,0,10,133
2022-07-06T10:34:23,133,0,10,133
2022-07-06T10:44:55,133,0,10,133
2022-07-06T10:55:26,133,0,10,133
2022-07-06T11:05:59,133,0,10,133
2022-07-06T11:16:31,133,0,10,133
2022-07-06T11:27:02,133,0,10,133
2022-07-06T11:37:34,133,0,10,133
2022-07-06T11:48:06,133,0,10,133
2022-07-06T11:58:38,133,0,10,133
2022-07-06T12:09:21,133,0,10,133
2022-07-06T12:19:52,133,0,10,133
2022-07-06T12:30:23,133,0,10,133
2022-07-06T12:40:54,133,0,10,133
2022-07-06T12:51:25,133,0,10,133
2022-07-06T13:01:56,133,0,10,133
2022-07-06T13:12:27,133,0,10,133
2022-07-06T13:22:59,133,0,10,133
2022-07-06T13:33:31,133,0,10,133
2022-07-06T13:44:02,133,0,10,133
2022-07-06T13:54:34,133,0,10,133
2022-07-06T14:05:08,133,0,10,133
2022-07-06T14:15:40,133,0,10,133
2022-07-06T14:26:24,133,0,10,133
2022-07-06T14:36:56,133,0,10,133
2022-07-06T14:47:28,133,0,10,133
2022-07-06T14:57:59,133,0,10,133
2022-07-06T15:08:31,133,0,10,133
2022-07-06T15:19:03,133,0,10,133
2022-07-06T15:29:35,133,0,10,133
2022-07-06T15:40:06,133,0,10,133
2022-07-06T15:50:38,133,0,10,133
2022-07-06T16:01:09,133,0,10,133
2022-07-06T16:11:40,133,0,10,133
2022-07-06T16:22:22,133,0,10,133
2022-07-06T16:32:52,133,0,10,133
2022-07-06T16:43:22,133,0,10,133
2022-07-06T16:53:53,133,0,10,133
2022-07-06T17:04:23,133,0,10,133
2022-07-06T17:14:54,133,0,10,133
2022-07-06T17:25:24,133,0,10,133
2022-07-06T17:35:55,133,0,10,133
2022-07-06T17:46:25,133,0,10,133
2022-07-06T17:56:55,133,0,10,133
2022-07-06T18:07:26,133,0,10,133
2022-07-06T18:17:57,133,0,10,133
2022-07-06T18:28:28,133,0,10,133
2022-07-06T18:38:58,133,0,10,133
2022-07-06T18:49:28,133,0,10,133
2022-07-06T19:00:10,133,0,10,133
2022-07-06T19:10:40,133,0,10,133
2022-07-06T19:21:10,133,0,10,133
2022-07-06T19:31:41,133,0,10,133
2022-07-06T19:42:11,133,0,10,133
2022-07-06T19:52:40,133,0,10,133
2022-07-06T20:03:10,133,0,10,133
2022-07-06T20:13:40,133,0,10,133
2022-07-06T20:24:10,133,0,10,133
2022-07-06T20:34:40,133,0,10,133
2022-07-06T20:45:10,133,0,10,133
2022-07-06T20:55:40,133,0,10,133
2022-07-06T21:06:10,133,0,10,133
2022-07-06T21:16:39,133,0,10,133
2022-07-06T21:27:09,133,0,10,133
2022-07-06T21:37:39,133,0,10,133
2022-07-06T21:48:08,133,0,10,133
2022-07-06T21:58:38,133,0,10,133
2022-07-06T22:09:08,133,0,10,133
2022-07-06T22:19:38,133,0,10,133
2022-07-06T22:30:07,133,0,10,133
2022-07-06T22:40:37,133,0,10,133
2022-07-06T22:51:07,133,0,10,133
2022-07-06T23:01:37,133,0,10,133
2022-07-06T23:12:21,133,0,10,133
2022-07-06T23:22:51,133,0,10,133
2022-07-06T23:33:22,133,0,10,133
2022-07-06T23:43:51,133,0,10,133
2022-07-06T23:54:21,133,0,10,133
2022-07-07T00:04:51,133,0,10,133
2022-07-07T00:15:23,133,0,10,133
2022-07-07T00:25:55,133,0,10,133
2022-07-07T00:36:27,133,0,10,133
2022-07-07T00:46:59,133,0,10,133
2022-07-07T00:57:31,133,0,10,133
2022-07-07T01:08:03,133,0,10,133
2022-07-07T01:18:34,133,0,10,133
2022-07-07T01:29:07,133,0,10,133
2022-07-07T01:39:39,133,0,10,133
2022-07-07T01:50:10,133,0,10,133
2022-07-07T02:00:41,133,0,10,133
2022-07-07T02:11:12,133,0,10,133
2022-07-07T02:21:42,133,0,10,133
2022-07-07T02:32:12,133,0,10,133
2022-07-07T02:42:42,133,0,10,133
2022-07-07T02:53:11,133,0,10,133
2022-07-07T03:03:40,133,0,10,133
2022-07-07T03:14:10,133,0,10,133
2022-07-07T03:24:39,133,0,10,133
2022-07-07T03:35:07,133,0,10,133
2022-07-07T03:45:37,133,0,10,133
2022-07-07T03:58:13,133,0,10,133
2022-07-07T04:08:54,133,0,10,133
2022-07-07T04:19:57,133,0,10,133
2022-07-07T04:30:49,133,0,10,133
2022-07-07T04:41:20,133,0,10,133
2022-07-07T04:51:50,133,0,10,133
2022-07-07T05:02:20,133,0,10,133
2022-07-07T05:12:50,133,0,10,133
2022-07-07T05:23:20,133,0,10,133
2022-07-07T05:33:50,133,0,10,133
2022-07-07T05:44:22,133,0,10,133
2022-07-07T05:54:55,133,0,10,133
2022-07-07T06:05:29,133,0,10,133
2022-07-07T06:16:02,133,0,10,133
2022-07-07T06:26:36,133,0,10,133
2022-07-07T06:37:10,133,0,10,133
2022-07-07T06:47:42,133,0,10,133
2022-07-07T06:58:16,133,0,10,133
2022-07-07T07:08:50,133,0,10,133
2022-07-07T07:19:24,133,0,10,133
2022-07-07T07:29:57,133,0,10,133
2022-07-07T07:40:30,133,0,10,133
2022-07-07T07:51:14,133,0,10,133
2022-07-07T08:01:56,133,0,10,133
2022-07-07T08:12:40,133,0,10,133
2022-07-07T08:23:23,133,0,10,133
2022-07-07T08:34:06,133,0,10,133
2022-07-07T08:44:57,133,0,10,133
2022-07-07T08:55:41,133,0,10,133
2022-07-07T09:06:24,133,0,10,133
2022-07-07T09:17:13,133,0,10,133
2022-07-07T09:27:52,133,0,10,133
2022-07-07T09:38:31,133,0,10,133
2022-07-07T09:49:12,133,0,10,133
2022-07-07T09:59:53,133,0,10,133
2022-07-07T10:10:34,133,0,10,133
2022-07-07T10:21:12,133,0,10,133
2022-07-07T10:31:51,133,0,10,133
2022-07-07T10:42:32,133,0,10,133
2022-07-07T10:53:11,133,0,10,133
2022-07-07T11:03:52,133,0,10,133
2022-07-07T11:14:42,133,0,10,133
2022-07-07T11:25:18,133,0,10,133
2022-07-07T11:35:54,133,0,10,133
2022-07-07T11:46:28,133,0,10,133
2022-07-07T11:57:01,133,0,10,133
2022-07-07T12:07:33,133,0,10,133
2022-07-07T12:18:04,133,0,10,133
2022-07-07T12:28:35,133,0,10,133
2022-07-07T12:39:07,133,0,10,133
2022-07-07T12:49:38,133,0,10,133
2022-07-07T13:00:19,133,0,10,133
2022-07-07T13:10:50,133,0,10,133
2022-07-07T13:21:21,133,0,10,133
2022-07-07T13:31:54,133,0,10,133
2022-07-07T13:42:26,133,0,10,133
2022-07-07T13:52:58,133,0,10,133
2022-07-07T14:03:31,133,0,10,133
2022-07-07T14:14:02,133,0,10,133
2022-07-07T14:24:35,133,0,10,133
2022-07-07T14:35:06,133,0,10,133
2022-07-07T14:45:40,133,0,10,133
2022-07-07T14:56:23,133,0,10,133
2022-07-07T15:06:54,133,0,10,133
2022-07-07T15:17:26,133,0,10,133
2022-07-07T15:27:58,133,0,10,133
2022-07-07T15:38:29,133,0,10,133
2022-07-07T15:49:01,133,0,10,133
2022-07-07T15:59:42,133,0,10,133
2022-07-07T16:10:14,133,0,10,133
2022-07-07T16:20:45,133,0,10,133
2022-07-07T16:31:15,133,0,10,133
2022-07-07T16:41:47,133,0,10,133
2022-07-07T16:52:18,133,0,10,133
2022-07-07T17:02:49,133,0,10,133
2022-07-07T17:13:21,133,0,10,133
2022-07-07T17:23:54,133,0,10,133
2022-07-07T17:34:25,133,0,10,133
2022-07-07T17:44:56,133,0,10,133
2022-07-07T17:55:38,133,0,10,133
2022-07-07T18:06:09,133,0,10,133
2022-07-07T18:16:40,133,0,10,133
2022-07-07T18:27:10,133,0,10,133
2022-07-07T18:37:40,133,0,10,133
2022-07-07T18:48:10,133,0,10,133
2022-07-07T18:58:40,133,0,10,133
2022-07-07T19:09:11,133,0,10,133
2022-07-07T19:19:41,133,0,10,133
2022-07-07T19:30:12,133,0,10,133
2022-07-07T19:40:42,133,0,10,133
2022-07-07T19:51:13,133,0,10,133
2022-07-07T20:01:43,133,0,10,133
2022-07-07T20:12:13,133,0,10,133
2022-07-07T20:22:43,133,0,10,133
2022-07-07T20:33:13,133,0,10,133
2022-07-07T20:43:43,133,0,10,133
2022-07-07T20:54:13,133,0,10,133
2022-07-07T21:04:54,133,0,10,133
2022-07-07T21:15:24,133,0,10,133
2022-07-07T21:25:54,133,0,10,133
2022-07-07T21:36:24,133,0,10,133
2022-07-07T21:46:54,133,0,10,133
2022-07-07T21:57:26,133,0,10,133
2022-07-07T22:08:07,133,0,10,133
2022-07-07T22:18:38,133,0,10,133
2022-07-07T22:29:09,133,0,10,133
2022-07-07T22:39:39,133,0,10,133
2022-07-07T22:50:09,133,0,10,133
2022-07-07T23:00:40,133,0,10,133
2022-07-07T23:11:10,133,0,10,133
2022-07-07T23:21:41,133,0,10,133
2022-07-07T23:32:12,133,0,10,133
2022-07-07T23:42:42,133,0,10,133
2022-07-07T23:53:13,133,0,10,133
2022-07-08T00:03:44,133,0,10,133
2022-07-08T00:14:15,133,0,10,133
2022-07-08T00:24:48,133,0,10,133
2022-07-08T00:35:20,133,0,10,133
2022-07-08T00:45:53,133,0,10,133
2022-07-08T00:56:36,133,0,10,133
2022-07-08T01:07:10,133,0,10,133
2022-07-08T01:17:44,133,0,10,133
2022-07-08T01:28:17,133,0,10,133
2022-07-08T01:38:49,133,0,10,133
2022-07-08T01:49:21,133,0,10,133
2022-07-08T01:59:53,133,0,10,133
2022-07-08T02:10:24,133,0,10,133
2022-07-08T02:20:58,133,0,10,133
2022-07-08T02:31:41,133,0,10,133
2022-07-08T02:42:13,133,0,10,133
2022-07-08T02:52:46,133,0,10,133
2022-07-08T03:03:19,133,0,10,133
2022-07-08T03:13:50,133,0,10,133
2022-07-08T03:24:21,133,0,10,133
2022-07-08T03:34:52,133,0,10,133
2022-07-08T03:46:16,133,0,10,133
2022-07-08T03:58:22,133,0,10,133
2022-07-08T04:08:55,133,0,10,133
2022-07-08T04:24:36,133,0,10,133
2022-07-08T04:35:32,133,0,10,133
2022-07-08T04:46:05,133,0,10,133
2022-07-08T04:56:39,133,0,10,133
2022-07-08T05:07:13,133,0,10,133
2022-07-08T05:17:50,133,0,10,133
2022-07-08T05:28:22,133,0,10,133
2022-07-08T05:38:56,133,0,10,133
2022-07-08T05:49:28,133,0,10,133
2022-07-08T06:00:02,133,0,10,133
2022-07-08T06:10:36,133,0,10,133
2022-07-08T06:21:08,133,0,10,133
2022-07-08T06:31:40,133,0,10,133
2022-07-08T06:42:11,133,0,10,133
2022-07-08T06:52:41,133,0,10,133
2022-07-08T07:03:12,133,0,10,133
2022-07-08T07:13:43,133,0,10,133
2022-07-08T07:24:14,133,0,10,133
2022-07-08T07:34:45,133,0,10,133
2022-07-08T07:45:16,133,0,10,133
2022-07-08T07:55:50,133,0,10,133
2022-07-08T08:06:20,133,0,10,133
2022-07-08T08:16:51,133,0,10,133
2022-07-08T08:27:22,133,0,10,133
2022-07-08T08:37:53,133,0,10,133
2022-07-08T08:48:24,133,0,10,133
2022-07-08T08:58:55,133,0,10,133
2022-07-08T09:09:26,133,0,10,133
2022-07-08T09:20:07,133,0,10,133
2022-07-08T09:30:38,133,0,10,133
2022-07-08T09:41:09,133,0,10,133
2022-07-08T09:51:43,133,0,10,133
2022-07-08T10:02:15,133,0,10,133
2022-07-08T10:12:46,133,0,10,133
2022-07-08T10:23:17,133,0,10,133
2022-07-08T10:33:48,133,0,10,133
2022-07-08T10:44:19,133,0,10,133
2022-07-08T10:54:51,133,0,10,133
2022-07-08T11:05:22,133,0,10,133
2022-07-08T11:15:54,133,0,10,133
2022-07-08T11:26:25,133,0,10,133
2022-07-08T11:36:56,133,0,10,133
2022-07-08T11:47:28,133,0,10,133
2022-07-08T11:58:12,133,0,10,133
2022-07-08T12:08:43,133,0,10,133
2022-07-08T12:19:14,133,0,10,133
2022-07-08T12:29:45,133,0,10,133
2022-07-08T12:40:17,133,0,10,133
2022-07-08T12:50:48,133,0,10,133
2022-07-08T13:01:20,133,0,10,133
2022-07-08T13:11:54,133,0,10,133
2022-07-08T13:22:27,133,0,10,133
2022-07-08T13:33:00,133,0,10,133
2022-07-08T13:43:42,133,0,10,133
2022-07-08T13:54:14,133,0,10,133
2022-07-08T14:04:46,133,0,10,133
2022-07-08T14:15:18,133,0,10,133
2022-07-08T14:25:49,133,0,10,133
2022-07-08T14:36:20,133,0,10,133
2022-07-08T14:46:52,133,0,10,133
2022-07-08T14:57:23,133,0,10,133
2022-07-08T15:07:54,133,0,10,133
2022-07-08T15:18:25,133,0,10,133
2022-07-08T15:29:07,133,0,10,133
2022-07-08T15:39:38,133,0,10,133
2022-07-08T15:50:10,133,0,10,133
2022-07-08T16:00:41,133,0,10,133
2022-07-08T16:11:11,133,0,10,133
2022-07-08T16:21:41,133,0,10,133
2022-07-08T16:32:12,133,0,10,133
2022-07-08T16:42:43,133,0,10,133
2022-07-08T16:53:13,133,0,10,133
2022-07-08T17:03:43,133,0,10,133
2022-07-08T17:14:15,133,0,10,133
2022-07-08T17:24:46,133,0,10,133
2022-07-08T17:35:26,133,0,10,133
2022-07-08T17:45:57,133,0,10,133
2022-07-08T17:56:27,133,0,10,133
2022-07-08T18:06:58,133,0,10,133
2022-07-08T18:17:29,133,0,10,133
2022-07-08T18:27:59,133,0,10,133
2022-07-08T18:38:29,133,0,10,133
2022-07-08T18:49:00,133,0,10,133
2022-07-08T18:59:30,133,0,10,133
2022-07-08T19:10:00,133,0,10,133
2022-07-08T19:20:31,133,0,10,133
2022-07-08T19:31:02,133,0,10,133
2022-07-08T19:41:33,133,0,10,133
2022-07-08T19:52:03,133,0,10,133
2022-07-08T20:02:44,133,0,10,133
2022-07-08T20:13:14,133,0,10,133
2022-07-08T20:23:44,133,0,10,133
2022-07-08T20:34:14,133,0,10,133
2022-07-08T20:44:43,133,0,10,133
2022-07-08T20:55:14,133,0,10,133
2022-07-08T21:05:44,133,0,10,133
2022-07-08T21:16:14,133,0,10,133
2022-07-08T21:26:44,133,0,10,133
2022-07-08T21:37:14,133,0,10,133
2022-07-08T21:47:45,133,0,10,133
2022-07-08T21:58:16,133,0,10,133
2022-07-08T22:08:46,133,0,10,133
2022-07-08T22:19:16,133,0,10,133
2022-07-08T22:29:46,133,0,10,133
2022-07-08T22:40:17,133,0,10,133
2022-07-08T22:51:01,133,0,10,133
2022-07-08T23:01:42,133,0,10,133
2022-07-08T23:12:12,133,0,10,133
2022-07-08T23:22:43,133,0,10,133
2022-07-08T23:33:13,133,0,10,133
2022-07-08T23:43:43,133,0,10,133
2022-07-08T23:54:13,133,0,10,133
2022-07-09T00:04:44,133,0,10,133
2022-07-09T00:15:16,133,0,10,133
2022-07-09T00:25:48,133,0,10,133
2022-07-09T00:36:20,133,0,10,133
2022-07-09T00:46:52,133,0,10,133
2022-07-09T00:57:26,133,0,10,133
2022-07-09T01:07:59,133,0,10,133
2022-07-09T01:18:32,133,0,10,133
2022-07-09T01:29:04,133,0,10,133
2022-07-09T01:39:37,133,0,10,133
2022-07-09T01:50:09,133,0,10,133
2022-07-09T02:00:42,133,0,10,133
2022-07-09T02:11:14,133,0,10,133
2022-07-09T02:21:53,133,0,10,133
2022-07-09T02:32:23,133,0,10,133
2022-07-09T02:42:53,133,0,10,133
2022-07-09T02:53:22,133,0,10,133
2022-07-09T03:03:52,133,0,10,133
2022-07-09T03:14:22,133,0,10,133
2022-07-09T03:24:51,133,0,10,133
2022-07-09T03:35:21,133,0,10,133
2022-07-09T03:45:53,133,0,10,133
2022-07-09T03:56:24,133,0,10,133
2022-07-09T04:06:57,133,0,10,133
2022-07-09T04:25:44,133,0,10,133
2022-07-09T04:36:19,133,0,10,133
2022-07-09T04:46:53,133,0,10,133
2022-07-09T04:57:26,133,0,10,133
2022-07-09T05:08:00,133,0,10,133
2022-07-09T05:18:45,133,0,10,133
2022-07-09T05:29:18,133,0,10,133
2022-07-09T05:39:51,133,0,10,133
2022-07-09T05:50:26,133,0,10,133
2022-07-09T06:00:59,133,0,10,133
2022-07-09T06:11:32,133,0,10,133
2022-07-09T06:22:04,133,0,10,133
2022-07-09T06:32:36,133,0,10,133
2022-07-09T06:43:09,133,0,10,133
2022-07-09T06:53:41,133,0,10,133
2022-07-09T07:04:13,133,0,10,133
2022-07-09T07:14:46,133,0,10,133
2022-07-09T07:25:19,133,0,10,133
2022-07-09T07:35:51,133,0,10,133
2022-07-09T07:46:26,133,0,10,133
2022-07-09T07:56:59,133,0,10,133
2022-07-09T08:07:33,133,0,10,133
2022-07-09T08:18:06,133,0,10,133
2022-07-09T08:28:38,133,0,10,133
2022-07-09T08:39:11,133,0,10,133
2022-07-09T08:57:40,133,0,10,133
2022-07-09T09:18:26,133,0,10,133
2022-07-09T09:39:48,133,0,10,133
2022-07-09T10:01:30,133,0,10,133
2022-07-09T10:22:29,133,0,10,133
2022-07-09T10:38:22,133,0,10,133
2022-07-09T10:48:54,133,0,10,133
2022-07-09T10:59:25,133,0,10,133
2022-07-09T11:09:55,133,0,10,133
2022-07-09T11:20:25,133,0,10,133
2022-07-09T11:30:55,133,0,10,133
2022-07-09T11:41:34,133,0,10,133
2022-07-09T11:52:04,133,0,10,133
2022-07-09T12:02:36,133,0,10,133
2022-07-09T12:13:06,133,0,10,133
2022-07-09T12:23:36,133,0,10,133
2022-07-09T12:34:06,133,0,10,133
2022-07-09T12:44:36,133,0,10,133
2022-07-09T12:55:06,133,0,10,133
2022-07-09T13:05:38,133,0,10,133
2022-07-09T13:16:08,133,0,10,133
2022-07-09T13:26:41,133,0,10,133
2022-07-09T13:37:11,133,0,10,133
2022-07-09T13:47:42,133,0,10,133
2022-07-09T13:58:17,133,0,10,133
2022-07-09T14:09:03,133,0,10,133
2022-07-09T14:19:41,133,0,10,133
2022-07-09T14:30:17,133,0,10,133
2022-07-09T14:40:53,133,0,10,133
2022-07-09T14:51:30,133,0,10,133
2022-07-09T15:02:07,133,0,10,133
2022-07-09T15:12:44,133,0,10,133
2022-07-09T15:23:20,133,0,10,133
2022-07-09T15:33:53,133,0,10,133
2022-07-09T15:44:26,133,0,10,133
2022-07-09T15:54:59,133,0,10,133
2022-07-09T16:05:37,133,0,10,133
2022-07-09T16:16:07,133,0,10,133
2022-07-09T16:26:38,133,0,10,133
2022-07-09T16:37:08,133,0,10,133
2022-07-09T16:47:38,133,0,10,133
2022-07-09T16:58:08,133,0,10,133
2022-07-09T17:08:49,133,0,10,133
2022-07-09T17:19:20,133,0,10,133
2022-07-09T17:29:50,133,0,10,133
2022-07-09T17:40:21,133,0,10,133
2022-07-09T17:50:51,133,0,10,133
2022-07-09T18:01:21,133,0,10,133
2022-07-09T18:11:50,133,0,10,133
2022-07-09T18:22:20,133,0,10,133
2022-07-09T18:32:50,133,0,10,133
2022-07-09T18:43:19,133,0,10,133
2022-07-09T18:53:49,133,0,10,133
2022-07-09T19:04:19,133,0,10,133
2022-07-09T19:14:49,133,0,10,133
2022-07-09T19:25:18,133,0,10,133
2022-07-09T19:35:48,133,0,10,133
2022-07-09T19:46:27,133,0,10,133
2022-07-09T19:56:57,133,0,10,133
2022-07-09T20:07:27,133,0,10,133
2022-07-09T20:17:56,133,0,10,133
2022-07-09T20:28:26,133,0,10,133
2022-07-09T20:38:56,133,0,10,133
2022-07-09T20:49:26,133,0,10,133
2022-07-09T20:59:55,133,0,10,133
2022-07-09T21:10:25,133,0,10,133
2022-07-09T21:20:55,133,0,10,133
2022-07-09T21:31:25,133,0,10,133
2022-07-09T21:41:55,133,0,10,133
2022-07-09T21:52:26,133,0,10,133
2022-07-09T22:02:57,133,0,10,133
2022-07-09T22:13:26,133,0,10,133
2022-07-09T22:23:56,133,0,10,133
2022-07-09T22:34:35,133,0,10,133
2022-07-09T22:45:05,133,0,10,133
2022-07-09T22:55:34,133,0,10,133
2022-07-09T23:06:05,133,0,10,133
2022-07-09T23:16:36,133,0,10,133
2022-07-09T23:27:07,133,0,10,133
2022-07-09T23:37:36,133,0,10,133
2022-07-09T23:48:06,133,0,10,133
2022-07-09T23:58:39,133,0,10,133
2022-07-10T00:09:09,133,0,10,133
2022-07-10T00:19:42,133,0,10,133
2022-07-10T00:30:13,133,0,10,133
2022-07-10T00:40:43,133,0,10,133
2022-07-10T00:51:13,133,0,10,133
2022-07-10T01:01:43,133,0,10,133
2022-07-10T01:12:14,133,0,10,133
2022-07-10T01:22:44,133,0,10,133
2022-07-10T01:33:13,133,0,10,133
2022-07-10T01:43:43,133,0,10,133
2022-07-10T01:54:13,133,0,10,133
2022-07-10T02:04:42,133,0,10,133
2022-07-10T02:15:12,133,0,10,133
2022-07-10T02:25:52,133,0,10,133
2022-07-10T02:36:25,133,0,10,133
2022-07-10T02:46:58,133,0,10,133
2022-07-10T02:57:31,133,0,10,133
2022-07-10T03:08:11,133,0,10,133
2022-07-10T03:18:43,133,0,10,133
2022-07-10T03:29:18,133,0,10,133
2022-07-10T03:39:52,133,0,10,133
2022-07-10T03:50:24,133,0,10,133
2022-07-10T04:00:57,133,0,10,133
2022-07-10T04:11:30,133,0,10,133
2022-07-10T04:27:09,133,0,10,133
2022-07-10T04:38:05,133,0,10,133
2022-07-10T04:48:37,133,0,10,133
2022-07-10T04:59:10,133,0,10,133
2022-07-10T05:09:47,133,0,10,133
2022-07-10T05:20:20,133,0,10,133
2022-07-10T05:30:53,133,0,10,133
2022-07-10T05:41:25,133,0,10,133
2022-07-10T05:52:00,133,0,10,133
2022-07-10T06:02:32,133,0,10,133
2022-07-10T06:13:05,133,0,10,133
2022-07-10T06:23:38,133,0,10,133
2022-07-10T06:34:11,133,0,10,133
2022-07-10T06:44:43,133,0,10,133
2022-07-10T06:55:14,133,0,10,133
2022-07-10T07:05:45,133,0,10,133
2022-07-10T07:16:15,133,0,10,133
2022-07-10T07:26:46,133,0,10,133
2022-07-10T07:37:16,133,0,10,133
2022-07-10T07:47:47,133,0,10,133
2022-07-10T07:58:17,133,0,10,133
2022-07-10T08:08:48,133,0,10,133
2022-07-10T08:19:18,133,0,10,133
2022-07-10T08:29:50,133,0,10,133
2022-07-10T08:40:31,133,0,10,133
2022-07-10T08:51:01,133,0,10,133
2022-07-10T09:01:31,133,0,10,133
2022-07-10T09:12:01,133,0,10,133
2022-07-10T09:22:31,133,0,10,133
2022-07-10T09:33:01,133,0,10,133
2022-07-10T09:43:31,133,0,10,133
2022-07-10T09:54:01,133,0,10,133
2022-07-10T10:04:32,133,0,10,133
2022-07-10T10:15:03,133,0,10,133
2022-07-10T10:25:34,133,0,10,133
2022-07-10T10:36:04,133,0,10,133
2022-07-10T10:46:35,133,0,10,133
2022-07-10T10:57:16,133,0,10,133
2022-07-10T11:07:47,133,0,10,133
2022-07-10T11:18:23,133,0,10,133
2022-07-10T11:28:53,133,0,10,133
2022-07-10T11:39:24,133,0,10,133
2022-07-10T11:49:56,133,0,10,133
2022-07-10T12:00:27,133,0,10,133
2022-07-10T12:10:57,133,0,10,133
2022-07-10T12:21:27,133,0,10,133
2022-07-10T12:31:58,133,0,10,133
2022-07-10T12:42:27,133,0,10,133
2022-07-10T12:52:57,133,0,10,133
2022-07-10T13:03:27,133,0,10,133
2022-07-10T13:13:58,133,0,10,133
2022-07-10T13:24:28,133,0,10,133
2022-07-10T13:34:58,133,0,10,133
2022-07-10T13:45:38,133,0,10,133
2022-07-10T13:56:08,133,0,10,133
2022-07-10T14:06:38,133,0,10,133
2022-07-10T14:17:08,133,0,10,133
2022-07-10T14:27:38,133,0,10,133
2022-07-10T14:38:08,133,0,10,133
2022-07-10T14:48:38,133,0,10,133
2022-07-10T14:59:08,133,0,10,133
2022-07-10T15:09:38,133,0,10,133
2022-07-10T15:20:08,133,0,10,133
2022-07-10T15:30:38,133,0,10,133
2022-07-10T15:41:09,133,0,10,133
2022-07-10T15:51:39,133,0,10,133
2022-07-10T16:02:09,133,0,10,133
2022-07-10T16:12:39,133,0,10,133
2022-07-10T16:23:09,133,0,10,133
2022-07-10T16:33:49,133,0,10,133
2022-07-10T16:44:20,133,0,10,133
2022-07-10T16:54:51,133,0,10,133
2022-07-10T17:05:21,133,0,10,133
2022-07-10T17:15:52,133,0,10,133
2022-07-10T17:26:22,133,0,10,133
2022-07-10T17:36:53,133,0,10,133
2022-07-10T17:47:23,133,0,10,133
2022-07-10T17:57:54,133,0,10,133
2022-07-10T18:08:25,133,0,10,133
2022-07-10T18:18:55,133,0,10,133
2022-07-10T18:29:25,133,0,10,133
2022-07-10T18:39:55,133,0,10,133
2022-07-10T18:50:25,133,0,10,133
2022-07-10T19:00:55,133,0,10,133
2022-07-10T19:11:27,133,0,10,133
2022-07-10T19:21:57,133,0,10,133
2022-07-10T19:32:28,133,0,10,133
2022-07-10T19:42:59,133,0,10,133
2022-07-10T19:53:40,133,0,10,133
2022-07-10T20:04:10,133,0,10,133
2022-07-10T20:14:41,133,0,10,133
2022-07-10T20:25:11,133,0,10,133
2022-07-10T20:35:41,133,0,10,133
2022-07-10T20:46:11,133,0,10,133
2022-07-10T20:56:41,133,0,10,133
2022-07-10T21:07:12,133,0,10,133
2022-07-10T21:17:42,133,0,10,133
2022-07-10T21:28:13,133,0,10,133
2022-07-10T21:38:44,133,0,10,133
2022-07-10T21:49:15,133,0,10,133
2022-07-10T21:59:45,133,0,10,133
2022-07-10T22:10:15,133,0,10,133
2022-07-10T22:20:45,133,0,10,133
2022-07-10T22:31:27,133,0,10,133
2022-07-10T22:41:57,133,0,10,133
2022-07-10T22:52:26,133,0,10,133
2022-07-10T23:02:57,133,0,10,133
2022-07-10T23:13:28,133,0,10,133
2022-07-10T23:24:00,133,0,10,133
2022-07-10T23:34:30,133,0,10,133
2022-07-10T23:45:00,133,0,10,133
2022-07-10T23:55:30,133,0,10,133
2022-07-11T00:06:02,133,0,10,133
2022-07-11T00:16:37,133,0,10,133
2022-07-11T00:27:11,133,0,10,133
2022-07-11T00:37:44,133,0,10,133
2022-07-11T00:48:15,133,0,10,133
2022-07-11T00:58:46,133,0,10,133
2022-07-11T01:09:34,133,0,10,133
2022-07-11T01:20:07,133,0,10,133
2022-07-11T01:30:40,133,0,10,133
2022-07-11T01:41:12,133,0,10,133
2022-07-11T01:51:43,133,0,10,133
2022-07-11T02:02:16,133,0,10,133
2022-07-11T02:12:59,133,0,10,133
2022-07-11T02:23:30,133,0,10,133
2022-07-11T02:34:02,133,0,10,133
2022-07-11T02:44:34,133,0,10,133
2022-07-11T02:55:04,133,0,10,133
2022-07-11T03:05:35,133,0,10,133
2022-07-11T03:16:05,133,0,10,133
2022-07-11T03:26:36,133,0,10,133
2022-07-11T03:37:07,133,0,10,133
2022-07-11T03:50:17,133,0,10,133
2022-07-11T04:00:55,133,0,10,133
2022-07-11T04:11:28,133,0,10,133
2022-07-11T04:27:23,133,0,10,133
2022-07-11T04:38:29,133,0,10,133
2022-07-11T04:49:01,133,0,10,133
2022-07-11T04:59:34,133,0,10,133
2022-07-11T05:10:09,133,0,10,133
2022-07-11T05:20:42,133,0,10,133
2022-07-11T05:31:16,133,0,10,133
2022-07-11T05:41:48,133,0,10,133
2022-07-11T05:52:19,133,0,10,133
2022-07-11T06:02:53,133,0,10,133
2022-07-11T06:13:25,133,0,10,133
2022-07-11T06:23:57,133,0,10,133
2022-07-11T06:34:28,133,0,10,133
2022-07-11T06:44:59,133,0,10,133
2022-07-11T06:55:30,133,0,10,133
2022-07-11T07:06:01,133,0,10,133
2022-07-11T07:16:33,133,0,10,133
2022-07-11T07:27:04,133,0,10,133
2022-07-11T07:37:43,133,0,10,133
2022-07-11T07:48:14,133,0,10,133
2022-07-11T07:58:45,133,0,10,133
2022-07-11T08:09:16,133,0,10,133
2022-07-11T08:19:48,133,0,10,133
2022-07-11T08:30:20,133,0,10,133
2022-07-11T08:40:52,133,0,10,133
2022-07-11T08:51:23,133,0,10,133
2022-07-11T09:01:54,133,0,10,133
2022-07-11T09:12:25,133,0,10,133
2022-07-11T09:22:57,133,0,10,133
2022-07-11T09:33:29,133,0,10,133
2022-07-11T09:44:00,133,0,10,133
2022-07-11T09:54:33,133,0,10,133
2022-07-11T10:05:06,133,0,10,133
2022-07-11T10:15:38,133,0,10,133
2022-07-11T10:26:09,133,0,10,133
2022-07-11T10:36:41,133,0,10,133
2022-07-11T10:47:12,133,0,10,133
2022-07-11T10:57:57,133,0,10,133
2022-07-11T11:08:30,133,0,10,133
2022-07-11T11:19:05,133,0,10,133
2022-07-11T11:29:42,133,0,10,133
2022-07-11T11:40:15,133,0,10,133
2022-07-11T11:50:47,133,0,10,133
2022-07-11T12:01:19,133,0,10,133
2022-07-11T12:11:51,133,0,10,133
2022-07-11T12:22:22,133,0,10,133
2022-07-11T12:32:53,133,0,10,133
2022-07-11T12:43:33,133,0,10,133
2022-07-11T12:54:05,133,0,10,133
2022-07-11T13:04:37,133,0,10,133
2022-07-11T13:15:08,133,0,10,133
2022-07-11T13:25:39,133,0,10,133
2022-07-11T13:36:11,133,0,10,133
2022-07-11T13:46:43,133,0,10,133
2022-07-11T13:57:15,133,0,10,133
2022-07-11T14:07:48,133,0,10,133
2022-07-11T14:18:20,133,0,10,133
2022-07-11T14:29:03,133,0,10,133
2022-07-11T14:39:35,133,0,10,133
2022-07-11T14:50:06,133,0,10,133
2022-07-11T15:00:40,133,0,10,133
2022-07-11T15:11:13,133,0,10,133
2022-07-11T15:21:45,133,0,10,133
2022-07-11T15:32:16,133,0,10,133
2022-07-11T15:42:49,133,0,10,133
2022-07-11T15:53:21,133,0,10,133
2022-07-11T16:03:53,133,0,10,133
2022-07-11T16:14:24,133,0,10,133
2022-07-11T16:24:55,133,0,10,133
2022-07-11T16:35:26,133,0,10,133
2022-07-11T16:45:57,133,0,10,133
2022-07-11T16:56:28,133,0,10,133
2022-07-11T17:07:10,133,0,10,133
2022-07-11T17:17:41,133,0,10,133
2022-07-11T17:28:13,133,0,10,133
2022-07-11T17:38:45,133,0,10,133
2022-07-11T17:49:16,133,0,10,133
2022-07-11T17:59:46,133,0,10,133
2022-07-11T18:10:17,133,0,10,133
2022-07-11T18:20:47,133,0,10,133
2022-07-11T18:31:18,133,0,10,133
2022-07-11T18:41:49,133,0,10,133
2022-07-11T18:52:20,133,0,10,133
2022-07-11T19:02:51,133,0,10,133
2022-07-11T19:13:22,133,0,10,133
2022-07-11T19:23:53,133,0,10,133
2022-07-11T19:34:33,133,0,10,133
2022-07-11T19:45:03,133,0,10,133
2022-07-11T19:55:33,133,0,10,133
2022-07-11T20:06:03,133,0,10,133
2022-07-11T20:16:33,133,0,10,133
2022-07-11T20:27:04,133,0,10,133
2022-07-11T20:37:35,133,0,10,133
2022-07-11T20:48:05,133,0,10,133
2022-07-11T20:58:35,133,0,10,133
2022-07-11T21:09:05,133,0,10,133
2022-07-11T21:19:38,133,0,10,133
2022-07-11T21:30:19,133,0,10,133
2022-07-11T21:40:49,133,0,10,133
2022-07-11T21:51:22,133,0,10,133
2022-07-11T22:01:52,133,0,10,133
2022-07-11T22:12:23,133,0,10,133
2022-07-11T22:22:53,133,0,10,133
2022-07-11T22:33:23,133,0,10,133
2022-07-11T22:43:54,133,0,10,133
2022-07-11T22:54:24,133,0,10,133
2022-07-11T23:04:54,133,0,10,133
2022-07-11T23:15:25,133,0,10,133
2022-07-11T23:26:06,133,0,10,133
2022-07-11T23:36:37,133,0,10,133
2022-07-11T23:47:07,133,0,10,133
2022-07-11T23:57:38,133,0,10,133
2022-07-12T00:08:09,133,0,10,133
2022-07-12T00:18:45,133,0,10,133
2022-07-12T00:29:18,133,0,10,133
2022-07-12T00:39:51,133,0,10,133
2022-07-12T00:50:24,133,0,10,133
2022-07-12T01:00:57,133,0,10,133
2022-07-12T01:11:29,133,0,10,133
2022-07-12T01:22:12,133,0,10,133
2022-07-12T01:32:45,133,0,10,133
2022-07-12T01:43:17,133,0,10,133
2022-07-12T01:53:48,133,0,10,133
2022-07-12T02:04:20,133,0,10,133
2022-07-12T02:14:52,133,0,10,133
2022-07-12T02:25:23,133,0,10,133
2022-07-12T02:35:54,133,0,10,133
2022-07-12T02:46:25,133,0,10,133
2022-07-12T02:56:54,133,0,10,133
2022-07-12T03:07:24,133,0,10,133
2022-07-12T03:17:55,133,0,10,133
2022-07-12T03:20:08,133,0,10,133
2022-07-12T03:29:03,133,0,10,133
2022-07-12T03:37:58,133,0,10,133
2022-07-12T03:46:54,133,0,10,133
2022-07-12T03:55:51,133,0,10,133
2022-07-12T04:04:49,133,0,10,133
2022-07-12T04:21:33,133,0,10,133
2022-07-12T04:30:57,133,0,10,133
2022-07-12T04:39:55,133,0,10,133
2022-07-12T04:48:52,133,0,10,133
2022-07-12T04:57:49,133,0,10,133
2022-07-12T05:06:44,133,0,10,133
2022-07-12T05:15:40,133,0,10,133
2022-07-12T05:24:35,133,0,10,133
2022-07-12T05:33:31,133,0,10,133
2022-07-12T05:42:27,133,0,10,133
2022-07-12T05:51:25,133,0,10,133
2022-07-12T06:00:30,133,0,10,133
2022-07-12T06:09:28,133,0,10,133
2022-07-12T06:18:26,133,0,10,133
2022-07-12T06:27:23,133,0,10,133
2022-07-12T06:36:19,133,0,10,133
2022-07-12T06:45:19,133,0,10,133
2022-07-12T06:54:17,133,0,10,133
2022-07-12T07:03:17,133,0,10,133
2022-07-12T07:12:14,133,0,10,133
2022-07-12T07:21:10,133,0,10,133
2022-07-12T07:30:06,133,0,10,133
2022-07-12T07:39:02,133,0,10,133
2022-07-12T07:47:58,133,0,10,133
2022-07-12T07:56:55,133,0,10,133
2022-07-12T08:05:52,133,0,10,133
2022-07-12T08:14:49,133,0,10,133
2022-07-12T08:23:46,133,0,10,133
2022-07-12T08:32:44,133,0,10,133
2022-07-12T08:41:40,133,0,10,133
2022-07-12T08:50:38,133,0,10,133
2022-07-12T08:59:36,133,0,10,133
2022-07-12T09:08:34,133,0,10,133
2022-07-12T09:17:41,133,0,10,133
2022-07-12T09:26:38,133,0,10,133
2022-07-12T09:35:34,133,0,10,133
2022-07-12T09:44:30,133,0,10,133
2022-07-12T09:53:26,133,0,10,133
2022-07-12T10:02:22,133,0,10,133
2022-07-12T10:11:19,133,0,10,133
2022-07-12T10:20:16,133,0,10,133
2022-07-12T10:29:13,133,0,10,133
2022-07-12T10:38:09,133,0,10,133
2022-07-12T10:47:07,133,0,10,133
2022-07-12T10:56:04,133,0,10,133
2022-07-12T11:05:01,133,0,10,133
2022-07-12T11:13:58,133,0,10,133
2022-07-12T11:23:07,133,0,10,133
2022-07-12T11:32:03,133,0,10,133
2022-07-12T11:40:59,133,0,10,133
2022-07-12T11:49:55,133,0,10,133
2022-07-12T11:58:52,133,0,10,133
2022-07-12T12:07:48,133,0,10,133
2022-07-12T12:16:44,133,0,10,133
2022-07-12T12:25:40,133,0,10,133
2022-07-12T12:34:36,133,0,10,133
2022-07-12T12:43:31,133,0,10,133
2022-07-12T12:52:27,133,0,10,133
2022-07-12T13:01:24,133,0,10,133
2022-07-12T13:10:20,133,0,10,133
2022-07-12T13:19:26,133,0,10,133
2022-07-12T13:28:23,133,0,10,133
2022-07-12T13:37:19,133,0,10,133
2022-07-12T13:46:16,133,0,10,133
2022-07-12T13:55:12,133,0,10,133
2022-07-12T14:04:08,133,0,10,133
2022-07-12T14:13:05,133,0,10,133
2022-07-12T14:22:01,133,0,10,133
2022-07-12T14:30:57,133,0,10,133
2022-07-12T14:39:53,133,0,10,133
2022-07-12T14:48:49,133,0,10,133
2022-07-12T14:57:56,133,0,10,133
2022-07-12T15:06:52,133,0,10,133
2022-07-12T15:15:48,133,0,10,133
2022-07-12T15:24:45,133,0,10,133
2022-07-12T15:33:41,133,0,10,133
2022-07-12T15:42:40,133,0,10,133
2022-07-12T15:51:36,133,0,10,133
2022-07-12T16:00:34,133,0,10,133
2022-07-12T16:09:40,133,0,10,133
2022-07-12T16:18:36,133,0,10,133
2022-07-12T16:27:31,133,0,10,133
2022-07-12T16:36:26,133,0,10,133
2022-07-12T16:45:22,133,0,10,133
2022-07-12T16:54:18,133,0,10,133
2022-07-12T17:03:24,133,0,10,133
2022-07-12T17:12:20,133,0,10,133
2022-07-12T17:21:16,133,0,10,133
2022-07-12T17:30:11,133,0,10,133
2022-07-12T17:39:07,133,0,10,133
2022-07-12T17:48:02,133,0,10,133
2022-07-12T17:56:56,133,0,10,133
2022-07-12T18:05:52,133,0,10,133
2022-07-12T18:14:48,133,0,10,133
2022-07-12T18:23:44,133,0,10,133
2022-07-12T18:32:39,133,0,10,133
2022-07-12T18:41:33,133,0,10,133
2022-07-12T18:50:28,133,0,10,133
2022-07-12T18:59:34,133,0,10,133
2022-07-12T19:08:29,133,0,10,133
2022-07-12T19:17:24,133,0,10,133
2022-07-12T19:26:21,133,0,10,133
2022-07-12T19:35:16,133,0,10,133
2022-07-12T19:44:12,133,0,10,133
2022-07-12T19:53:07,133,0,10,133
2022-07-12T20:02:01,133,0,10,133
2022-07-12T20:10:56,133,0,10,133
2022-07-12T20:19:51,133,0,10,133
2022-07-12T20:28:45,133,0,10,133
2022-07-12T20:37:40,133,0,10,133
2022-07-12T20:46:34,133,0,10,133
2022-07-12T20:55:30,133,0,10,133
2022-07-12T21:04:25,133,0,10,133
2022-07-12T21:13:30,133,0,10,133
2022-07-12T21:22:24,133,0,10,133
2022-07-12T21:31:18,133,0,10,133
2022-07-12T21:40:12,133,0,10,133
2022-07-12T21:49:07,133,0,10,133
2022-07-12T21:58:11,133,0,10,133
2022-07-12T22:07:06,133,0,10,133
2022-07-12T22:16:00,133,0,10,133
2022-07-12T22:24:54,133,0,10,133
2022-07-12T22:33:49,133,0,10,133
2022-07-12T22:42:44,133,0,10,133
2022-07-12T22:51:38,133,0,10,133
2022-07-12T23:00:33,133,0,10,133
2022-07-12T23:09:37,133,0,10,133
2022-07-12T23:18:33,133,0,10,133
2022-07-12T23:27:27,133,0,10,133
2022-07-12T23:36:22,133,0,10,133
2022-07-12T23:45:16,133,0,10,133
2022-07-12T23:54:11,133,0,10,133
2022-07-13T00:03:06,133,0,10,133
2022-07-13T00:12:01,133,0,10,133
2022-07-13T00:20:58,133,0,10,133
2022-07-13T00:29:54,133,0,10,133
2022-07-13T00:38:50,133,0,10,133
2022-07-13T00:47:48,133,0,10,133
2022-07-13T00:56:55,133,0,10,133
2022-07-13T01:05:51,133,0,10,133
2022-07-13T01:14:50,133,0,10,133
2022-07-13T01:23:48,133,0,10,133
2022-07-13T01:32:46,133,0,10,133
2022-07-13T01:41:43,133,0,10,133
2022-07-13T01:50:41,133,0,10,133
2022-07-13T01:59:39,133,0,10,133
2022-07-13T02:08:35,133,0,10,133
2022-07-13T02:17:30,133,0,10,133
2022-07-13T02:26:27,133,0,10,133
2022-07-13T02:35:34,133,0,10,133
2022-07-13T02:44:29,133,0,10,133
2022-07-13T02:53:27,133,0,10,133
2022-07-13T03:02:23,133,0,10,133
2022-07-13T03:11:19,133,0,10,133
2022-07-13T03:20:15,133,0,10,133
2022-07-13T03:29:09,133,0,10,133
2022-07-13T03:38:05,133,0,10,133
2022-07-13T03:47:02,133,0,10,133
2022-07-13T03:55:59,133,0,10,133
2022-07-13T04:04:56,133,0,10,133
2022-07-13T04:13:52,133,0,10,133
2022-07-13T04:27:59,133,0,10,133
2022-07-13T04:37:20,133,0,10,133
2022-07-13T04:46:18,133,0,10,133
2022-07-13T04:55:15,133,0,10,133
2022-07-13T05:04:13,133,0,10,133
2022-07-13T05:13:12,133,0,10,133
2022-07-13T05:22:11,133,0,10,133
2022-07-13T05:31:07,133,0,10,133
2022-07-13T05:40:09,133,0,10,133
2022-07-13T05:49:05,133,0,10,133
2022-07-13T05:58:03,133,0,10,133
2022-07-13T06:07:00,133,0,10,133
2022-07-13T06:15:58,133,0,10,133
2022-07-13T06:24:55,133,0,10,133
2022-07-13T06:33:52,133,0,10,133
2022-07-13T06:42:48,133,0,10,133
2022-07-13T06:51:52,133,0,10,133
2022-07-13T07:00:47,133,0,10,133
2022-07-13T07:09:44,133,0,10,133
2022-07-13T07:18:39,133,0,10,133
2022-07-13T07:27:34,133,0,10,133
2022-07-13T07:36:30,133,0,10,133
2022-07-13T07:45:25,133,0,10,133
2022-07-13T07:54:20,133,0,10,133
2022-07-13T08:03:15,133,0,10,133
2022-07-13T08:12:10,133,0,11,133
2022-07-13T08:21:06,133,0,11,133
2022-07-13T08:30:02,133,0,11,133
2022-07-13T08:38:58,133,0,11,133
2022-07-13T08:47:53,133,0,11,133
2022-07-13T08:56:50,133,0,11,133
2022-07-13T09:05:46,133,0,11,133
2022-07-13T09:14:42,133,0,11,133
2022-07-13T09:23:38,133,0,11,133
2022-07-13T09:32:34,133,0,11,133
2022-07-13T09:41:30,133,0,11,133
2022-07-13T09:50:37,133,0,11,133
2022-07-13T09:59:33,133,0,11,133
2022-07-13T10:08:29,133,0,11,133
2022-07-13T10:17:27,133,0,11,133
2022-07-13T10:26:24,133,0,11,133
2022-07-13T10:35:20,133,0,11,133
2022-07-13T10:44:17,133,0,11,133
2022-07-13T10:53:14,133,0,11,133
2022-07-13T11:02:20,133,0,11,133
2022-07-13T11:11:15,133,0,11,133
2022-07-13T11:20:12,133,0,11,133
2022-07-13T11:29:08,133,0,11,133
2022-07-13T11:38:03,133,0,11,133
2022-07-13T11:46:59,133,0,11,133
2022-07-13T11:55:55,133,0,11,133
2022-07-13T12:04:50,133,0,11,133
2022-07-13T12:13:46,133,0,11,133
2022-07-13T12:22:42,133,0,11,133
2022-07-13T12:31:38,133,0,11,133
2022-07-13T12:40:33,133,0,11,133
2022-07-13T12:49:29,133,0,11,133
2022-07-13T12:58:25,133,0,11,133
2022-07-13T13:07:32,133,0,11,133
2022-07-13T13:16:28,133,0,11,133
2022-07-13T13:25:25,133,0,11,133
2022-07-13T13:34:21,133,0,11,133
2022-07-13T13:43:21,133,0,11,133
2022-07-13T13:52:16,133,0,11,133
2022-07-13T14:01:13,133,0,11,133
2022-07-13T14:10:09,133,0,11,133
2022-07-13T14:19:05,133,0,11,133
2022-07-13T14:28:13,133,0,11,133
2022-07-13T14:37:09,133,0,11,133
2022-07-13T14:46:06,133,0,11,133
2022-07-13T14:55:02,133,0,11,133
2022-07-13T15:03:58,133,0,11,133
2022-07-13T15:12:54,133,0,11,133
2022-07-13T15:21:50,133,0,11,133
2022-07-13T15:30:46,133,0,11,133
2022-07-13T15:39:43,133,0,11,133
2022-07-13T15:48:39,133,0,11,133
2022-07-13T15:57:46,133,0,11,133
2022-07-13T16:06:42,133,0,11,133
2022-07-13T16:15:38,133,0,11,133
2022-07-13T16:24:33,133,0,11,133
2022-07-13T16:33:28,133,0,11,133
2022-07-13T16:42:23,133,0,11,133
2022-07-13T16:51:19,133,0,11,133
2022-07-13T17:00:23,133,0,11,133
2022-07-13T17:09:19,133,0,11,133
2022-07-13T17:18:15,133,0,11,133
2022-07-13T17:27:10,133,0,11,133
2022-07-13T17:36:06,133,0,11,133
2022-07-13T17:45:01,133,0,11,133
2022-07-13T17:53:56,133,0,11,133
2022-07-13T18:02:51,133,0,11,133
2022-07-13T18:11:46,133,0,11,133
2022-07-13T18:20:41,133,0,11,133
2022-07-13T18:29:36,133,0,11,133
2022-07-13T18:38:32,133,0,11,133
2022-07-13T18:47:26,133,0,11,133
2022-07-13T18:56:31,133,0,11,133
2022-07-13T19:05:27,133,0,11,133
2022-07-13T19:14:22,133,0,11,133
2022-07-13T19:23:18,133,0,11,133
2022-07-13T19:32:13,133,0,11,133
2022-07-13T19:41:08,133,0,11,133
2022-07-13T19:50:02,133,0,11,133
2022-07-13T19:58:57,133,0,11,133
2022-07-13T20:07:52,133,0,11,133
2022-07-13T20:16:47,133,0,11,133
2022-07-13T20:25:41,133,0,11,133
2022-07-13T20:34:35,133,0,11,133
2022-07-13T20:43:30,133,0,11,133
2022-07-13T20:52:25,133,0,11,133
2022-07-13T21:01:20,133,0,11,133
2022-07-13T21:10:14,133,0,11,133
2022-07-13T21:19:09,133,0,11,133
2022-07-13T21:28:15,133,0,11,133
2022-07-13T21:37:11,133,0,11,133
2022-07-13T21:46:06,133,0,11,133
2022-07-13T21:55:03,133,0,11,133
2022-07-13T22:03:58,133,0,11,133
2022-07-13T22:12:53,133,0,11,133
2022-07-13T22:21:47,133,0,11,133
2022-07-13T22:30:42,133,0,11,133
2022-07-13T22:39:37,133,0,11,133
2022-07-13T22:48:31,133,0,11,133
2022-07-13T22:57:26,133,0,11,133
2022-07-13T23:06:23,133,0,11,133
2022-07-13T23:15:18,133,0,11,133
2022-07-13T23:24:14,133,0,11,133
2022-07-13T23:33:09,133,0,11,133
2022-07-13T23:42:04,133,0,11,133
2022-07-13T23:50:58,133,0,11,133
2022-07-13T23:59:53,133,0,11,133
2022-07-14T00:08:49,133,0,11,133
2022-07-14T00:17:57,133,0,11,133
2022-07-14T00:26:55,133,0,11,133
2022-07-14T00:35:53,133,0,11,133
2022-07-14T00:44:51,133,0,11,133
2022-07-14T00:53:49,133,0,11,133
2022-07-14T01:02:46,133,0,11,133
2022-07-14T01:11:43,133,0,11,133
2022-07-14T01:20:39,133,0,11,133
2022-07-14T01:29:37,133,0,11,133
2022-07-14T01:38:34,133,0,11,133
2022-07-14T01:47:31,133,0,11,133
2022-07-14T01:56:29,133,0,11,133
2022-07-14T02:05:24,133,0,11,133
2022-07-14T02:14:20,133,0,11,133
2022-07-14T02:23:15,133,0,11,133
2022-07-14T02:32:10,133,0,11,133
2022-07-14T02:41:05,133,0,11,133
2022-07-14T02:49:59,133,0,11,133
2022-07-14T02:58:54,133,0,11,133
2022-07-14T03:08:01,133,0,11,133
2022-07-14T03:16:55,133,0,11,133
2022-07-14T03:25:49,133,0,11,133
2022-07-14T03:34:43,133,0,11,133
2022-07-14T03:43:39,133,0,11,133
2022-07-14T03:52:34,133,0,11,133
2022-07-14T04:03:42,133,0,11,133
2022-07-14T04:13:17,133,0,11,133
2022-07-14T04:26:01,133,0,11,133
2022-07-14T04:35:21,133,0,11,133
2022-07-14T04:44:19,133,0,11,133
2022-07-14T04:53:18,133,0,11,133
2022-07-14T05:02:15,133,0,11,133
2022-07-14T05:11:13,133,0,11,133
2022-07-14T05:20:10,133,0,11,133
2022-07-14T05:29:08,133,0,11,133
2022-07-14T05:38:06,133,0,11,133
2022-07-14T05:47:02,133,0,11,133
2022-07-14T05:55:59,133,0,11,133
2022-07-14T06:04:55,133,0,11,133
2022-07-14T06:13:52,133,0,11,133
2022-07-14T06:22:49,133,0,11,133
2022-07-14T06:31:46,133,0,11,133
2022-07-14T06:40:43,133,0,11,133
2022-07-14T06:49:40,133,0,11,133
2022-07-14T06:58:37,133,0,11,133
2022-07-14T07:07:34,133,0,11,133
2022-07-14T07:16:31,133,0,11,133
2022-07-14T07:25:29,133,0,11,133
2022-07-14T07:34:29,133,0,11,133
2022-07-14T07:43:28,133,0,11,133
2022-07-14T07:52:25,133,0,11,133
2022-07-14T08:01:20,133,0,11,133
2022-07-14T08:10:17,133,0,11,133
2022-07-14T08:19:12,133,0,11,133
2022-07-14T08:28:09,133,0,11,133
2022-07-14T08:37:05,133,0,11,133
2022-07-14T08:46:01,133,0,11,133
2022-07-14T08:55:07,133,0,11,133
2022-07-14T09:04:04,133,0,11,133
2022-07-14T09:13:00,133,0,11,133
2022-07-14T09:21:56,133,0,11,133
2022-07-14T09:30:53,133,0,11,133
2022-07-14T09:39:49,133,0,11,133
2022-07-14T09:48:45,133,0,11,133
2022-07-14T09:57:42,133,0,11,133
2022-07-14T10:06:38,133,0,11,133
2022-07-14T10:15:35,133,0,11,133
2022-07-14T10:24:31,133,0,11,133
2022-07-14T10:33:28,133,0,11,133
2022-07-14T10:42:26,133,0,11,133
2022-07-14T10:51:34,133,0,11,133
2022-07-14T11:00:30,133,0,11,133
2022-07-14T11:09:27,133,0,11,133
2022-07-14T11:18:23,133,0,11,133
2022-07-14T11:27:19,133,0,11,133
2022-07-14T11:36:15,133,0,11,133
2022-07-14T11:45:11,133,0,11,133
2022-07-14T11:54:08,133,0,11,133
2022-07-14T12:03:05,133,0,11,133
2022-07-14T12:12:01,133,0,11,133
2022-07-14T12:20:58,133,0,11,133
2022-07-14T12:29:55,133,0,11,133
2022-07-14T12:38:50,133,0,11,133
2022-07-14T12:47:46,133,0,11,133
2022-07-14T12:56:42,133,0,11,133
2022-07-14T13:05:50,133,0,11,133
2022-07-14T13:14:46,133,0,11,133
2022-07-14T13:23:50,133,0,11,133
2022-07-14T13:32:59,133,0,11,133
2022-07-14T13:42:10,133,0,11,133
2022-07-14T13:51:24,133,0,11,133
2022-07-14T14:00:35,133,0,11,133
2022-07-14T14:09:45,133,0,11,133
2022-07-14T14:18:54,133,0,11,133
2022-07-14T14:28:01,133,0,11,133
2022-07-14T14:37:07,133,0,11,133
2022-07-14T14:46:13,133,0,11,133
2022-07-14T14:55:21,133,0,11,133
2022-07-14T15:04:32,133,0,11,133
2022-07-14T15:13:39,133,0,11,133
2022-07-14T15:22:56,133,0,11,133
2022-07-14T15:32:03,133,0,11,133
2022-07-14T15:41:09,133,0,11,133
2022-07-14T15:50:15,133,0,11,133
2022-07-14T15:59:21,133,0,11,133
2022-07-14T16:08:27,133,0,11,133
2022-07-14T16:17:30,133,0,11,133
2022-07-14T16:26:34,133,0,11,133
2022-07-14T16:35:33,133,0,11,133
2022-07-14T16:44:31,133,0,11,133
2022-07-14T16:53:27,133,0,11,133
2022-07-14T17:02:22,133,0,11,133
2022-07-14T17:11:18,133,0,10,133
2022-07-14T17:20:14,133,0,10,133
2022-07-14T17:29:09,133,0,10,133
2022-07-14T17:38:15,133,0,10,133
2022-07-14T17:47:10,133,0,10,133
2022-07-14T17:56:06,133,0,10,133
2022-07-14T18:05:01,133,0,10,133
2022-07-14T18:13:56,133,0,10,133
2022-07-14T18:22:51,133,0,10,133
2022-07-14T18:31:45,133,0,10,133
2022-07-14T18:40:40,133,0,10,133
2022-07-14T18:49:35,133,0,10,133
2022-07-14T18:58:30,133,0,10,133
2022-07-14T19:07:39,133,0,10,133
2022-07-14T19:16:34,133,0,10,133
2022-07-14T19:25:30,133,0,10,133
2022-07-14T19:34:24,133,0,10,133
2022-07-14T19:43:19,133,0,10,133
2022-07-14T19:52:13,133,0,10,133
2022-07-14T20:01:08,133,0,10,133
2022-07-14T20:10:02,133,0,10,133
2022-07-14T20:18:56,133,0,10,133
2022-07-14T20:27:51,133,0,10,133
2022-07-14T20:36:46,133,0,10,133
2022-07-14T20:45:40,133,0,10,133
2022-07-14T20:54:46,133,0,10,133
2022-07-14T21:03:40,133,0,10,133
2022-07-14T21:12:35,133,0,10,133
2022-07-14T21:21:30,133,0,10,133
2022-07-14T21:30:24,133,0,10,133
2022-07-14T21:39:19,133,0,10,133
2022-07-14T21:48:17,133,0,10,133
2022-07-14T21:57:11,133,0,10,133
2022-07-14T22:06:06,133,0,10,133
2022-07-14T22:15:00,133,0,10,133
2022-07-14T22:23:55,133,0,10,133
2022-07-14T22:32:50,133,0,10,133
2022-07-14T22:41:44,133,0,10,133
2022-07-14T22:50:39,133,0,10,133
2022-07-14T22:59:33,133,0,10,133
2022-07-14T23:08:28,133,0,10,133
2022-07-14T23:17:24,133,0,10,133
2022-07-14T23:26:20,133,0,10,133
2022-07-14T23:35:15,133,0,10,133
2022-07-14T23:44:10,133,0,10,133
2022-07-14T23:53:04,133,0,10,133
2022-07-15T00:01:59,133,0,10,133
2022-07-15T00:11:05,133,0,10,133
2022-07-15T00:20:06,133,0,10,133
2022-07-15T00:29:02,133,0,10,133
2022-07-15T00:37:58,133,0,10,133
2022-07-15T00:46:55,133,0,10,133
2022-07-15T00:55:53,133,0,10,133
2022-07-15T01:04:50,133,0,10,133
2022-07-15T01:13:47,133,0,10,133
2022-07-15T01:22:44,133,0,10,133
2022-07-15T01:31:41,133,0,10,133
2022-07-15T01:40:37,133,0,10,133
2022-07-15T01:49:34,133,0,10,133
2022-07-15T01:58:30,133,0,10,133
2022-07-15T02:07:26,133,0,10,133
2022-07-15T02:16:23,133,0,10,133
2022-07-15T02:25:20,133,0,10,133
2022-07-15T02:34:17,133,0,10,133
2022-07-15T02:43:14,133,0,10,133
2022-07-15T02:52:09,133,0,10,133
2022-07-15T03:01:05,133,0,10,133
2022-07-15T03:10:01,133,0,10,133
2022-07-15T03:18:55,133,0,10,133
2022-07-15T03:27:50,133,0,10,133
2022-07-15T03:36:57,133,0,10,133
2022-07-15T03:45:53,133,0,10,133
2022-07-15T03:54:49,133,0,10,133
2022-07-15T04:06:19,133,0,10,133
2022-07-15T04:17:17,133,0,10,133
2022-07-15T04:26:40,133,0,10,133
2022-07-15T04:35:38,133,0,10,133
2022-07-15T04:44:35,133,0,10,133
2022-07-15T04:53:32,133,0,10,133
2022-07-15T05:02:30,133,0,10,133
2022-07-15T05:11:28,133,0,10,133
2022-07-15T05:20:24,133,0,10,133
2022-07-15T05:29:21,133,0,10,133
2022-07-15T05:38:18,133,0,10,133
2022-07-15T05:47:18,133,0,10,133
2022-07-15T05:56:16,133,0,10,133
2022-07-15T06:05:13,133,0,10,133
2022-07-15T06:14:09,133,0,10,133
2022-07-15T06:23:05,133,0,10,133
2022-07-15T06:32:02,133,0,10,133
2022-07-15T06:40:57,133,0,10,133
2022-07-15T06:49:52,133,0,10,133
2022-07-15T06:58:47,133,0,10,133
2022-07-15T07:07:51,133,0,10,133
2022-07-15T07:16:47,133,0,10,133
2022-07-15T07:25:43,133,0,10,133
2022-07-15T07:34:38,133,0,10,133
2022-07-15T07:43:34,133,0,10,133
2022-07-15T07:52:29,133,0,10,133
2022-07-15T08:01:24,133,0,10,133
2022-07-15T08:10:19,133,0,10,133
2022-07-15T08:19:14,133,0,10,133
2022-07-15T08:28:11,133,0,10,133
2022-07-15T08:37:06,133,0,10,133
2022-07-15T08:46:01,133,0,10,133
2022-07-15T08:54:57,133,0,10,133
2022-07-15T09:03:53,133,0,10,133
2022-07-15T09:12:49,133,0,10,133
2022-07-15T09:21:45,133,0,10,133
2022-07-15T09:30:41,133,0,10,133
2022-07-15T09:39:37,133,0,10,133
2022-07-15T09:48:33,133,0,10,133
2022-07-15T09:57:29,133,0,10,133
2022-07-15T10:06:25,133,0,10,133
2022-07-15T10:15:22,133,0,10,133
2022-07-15T10:24:31,133,0,10,133
2022-07-15T10:33:27,133,0,10,133
2022-07-15T10:42:24,133,0,10,133
2022-07-15T10:51:20,133,0,10,133
2022-07-15T11:00:17,133,0,10,133
2022-07-15T11:09:15,133,0,10,133
2022-07-15T11:18:12,133,0,10,133
2022-07-15T11:27:09,133,0,10,133
2022-07-15T11:36:06,133,0,10,133
2022-07-15T11:45:02,133,0,10,133
2022-07-15T11:53:57,133,0,10,133
2022-07-15T12:02:54,133,0,10,133
2022-07-15T12:11:49,133,0,10,133
2022-07-15T12:20:45,133,0,10,133
2022-07-15T12:29:58,133,0,10,133
2022-07-15T12:38:54,133,0,10,133
2022-07-15T12:47:49,133,0,10,133
2022-07-15T12:56:45,133,0,10,133
2022-07-15T13:05:40,133,0,10,133
2022-07-15T13:14:36,133,0,10,133
2022-07-15T13:23:31,133,0,10,133
2022-07-15T13:32:27,133,0,10,133
2022-07-15T13:41:22,133,0,10,133
2022-07-15T13:50:18,133,0,10,133
2022-07-15T13:59:31,133,0,10,133
2022-07-15T14:08:26,133,0,10,133
2022-07-15T14:17:22,133,0,10,133
2022-07-15T14:26:18,133,0,10,133
2022-07-15T14:35:14,133,0,10,133
2022-07-15T14:44:10,133,0,10,133
2022-07-15T14:53:07,133,0,10,133
2022-07-15T15:02:03,133,0,10,133
2022-07-15T15:11:00,133,0,10,133
2022-07-15T15:19:57,133,0,10,133
2022-07-15T15:28:54,133,0,10,133
2022-07-15T15:37:50,133,0,10,133
2022-07-15T15:46:47,133,0,10,133
2022-07-15T15:55:42,133,0,10,133
2022-07-15T16:04:38,133,0,10,133
2022-07-15T16:13:45,133,0,10,133
2022-07-15T16:22:41,133,0,10,133
2022-07-15T16:31:36,133,0,10,133
2022-07-15T16:40:31,133,0,10,133
2022-07-15T16:49:26,133,0,10,133
2022-07-15T16:58:21,133,0,10,133
2022-07-15T17:07:17,133,0,10,133
2022-07-15T17:16:13,133,0,10,133
2022-07-15T17:25:07,133,0,10,133
2022-07-15T17:34:02,133,0,10,133
2022-07-15T17:42:57,133,0,10,133
2022-07-15T17:51:52,133,0,10,133
2022-07-15T18:00:47,133,0,10,133
2022-07-15T18:09:42,133,0,10,133
2022-07-15T18:18:37,133,0,10,133
2022-07-15T18:27:48,133,0,10,133
2022-07-15T18:36:43,133,0,10,133
2022-07-15T18:45:37,133,0,10,133
2022-07-15T18:54:32,133,0,10,133
2022-07-15T19:03:27,133,0,10,133
2022-07-15T19:12:21,133,0,10,133
2022-07-15T19:21:16,133,0,10,133
2022-07-15T19:30:11,133,0,10,133
2022-07-15T19:39:05,133,0,10,133
2022-07-15T19:48:00,133,0,10,133
2022-07-15T19:56:54,133,0,10,133
2022-07-15T20:05:48,133,0,10,133
2022-07-15T20:14:43,133,0,10,133
2022-07-15T20:23:37,133,0,10,133
2022-07-15T20:32:32,133,0,10,133
2022-07-15T20:41:26,133,0,10,133
2022-07-15T20:50:20,133,0,10,133
2022-07-15T20:59:15,133,0,10,133
2022-07-15T21:08:10,133,0,10,133
2022-07-15T21:17:05,133,0,10,133
2022-07-15T21:26:10,133,0,10,133
2022-07-15T21:35:05,133,0,10,133
2022-07-15T21:43:59,133,0,10,133
2022-07-15T21:52:53,133,0,10,133
2022-07-15T22:01:48,133,0,10,133
2022-07-15T22:10:42,133,0,10,133
2022-07-15T22:19:36,133,0,10,133
2022-07-15T22:28:30,133,0,10,133
2022-07-15T22:37:25,133,0,10,133
2022-07-15T22:46:20,133,0,10,133
2022-07-15T22:55:15,133,0,10,133
2022-07-15T23:04:10,133,0,10,133
2022-07-15T23:13:07,133,0,10,133
2022-07-15T23:22:03,133,0,10,133
2022-07-15T23:30:59,133,0,10,133
2022-07-15T23:39:54,133,0,10,133
2022-07-15T23:48:49,133,0,10,133
2022-07-15T23:57:43,133,0,10,133
2022-07-16T00:06:39,133,0,10,133
2022-07-16T00:15:35,133,0,10,133
2022-07-16T00:25:08,133,0,10,133
2022-07-16T00:34:05,133,0,10,133
2022-07-16T00:43:02,133,0,10,133
2022-07-16T00:52:00,133,0,10,133
2022-07-16T01:00:57,133,0,10,133
2022-07-16T01:09:57,133,0,10,133
2022-07-16T01:18:55,133,0,10,133
2022-07-16T01:27:52,133,0,10,133
2022-07-16T01:36:50,133,0,10,133
2022-07-16T01:45:53,133,0,10,133
2022-07-16T01:54:56,133,0,10,133
2022-07-16T02:04:00,133,0,10,133
2022-07-16T02:13:02,133,0,10,133
2022-07-16T02:22:05,133,0,10,133
2022-07-16T02:31:07,133,0,10,133
2022-07-16T02:40:09,133,0,10,133
2022-07-16T02:49:14,133,0,10,133
2022-07-16T02:58:20,133,0,10,133
2022-07-16T03:07:21,133,0,10,133
2022-07-16T03:16:18,133,0,10,133
2022-07-16T03:25:14,133,0,10,133
2022-07-16T03:34:21,133,0,10,133
2022-07-16T03:43:17,133,0,10,133
2022-07-16T03:54:16,133,0,10,133
2022-07-16T04:03:30,133,0,10,133
2022-07-16T04:12:27,133,0,10,133
2022-07-16T04:25:57,133,0,10,133
2022-07-16T04:35:22,133,0,10,133
2022-07-16T04:44:20,133,0,10,133
2022-07-16T04:53:20,133,0,10,133
2022-07-16T05:02:18,133,0,10,133
2022-07-16T05:11:15,133,0,10,133
2022-07-16T05:20:12,133,0,10,133
2022-07-16T05:29:09,133,0,10,133
2022-07-16T05:38:07,133,0,10,133
2022-07-16T05:47:04,133,0,10,133
2022-07-16T05:56:02,133,0,10,133
2022-07-16T06:05:02,133,0,10,133
2022-07-16T06:13:58,133,0,10,133
2022-07-16T06:22:55,133,0,10,133
2022-07-16T06:31:51,133,0,10,133
2022-07-16T06:40:48,133,0,10,133
2022-07-16T06:49:55,133,0,10,133
2022-07-16T06:58:52,133,0,10,133
2022-07-16T07:07:49,133,0,10,133
2022-07-16T07:16:45,133,0,10,133
2022-07-16T07:25:43,133,0,10,133
2022-07-16T07:34:40,133,0,10,133
2022-07-16T07:43:37,133,0,10,133
2022-07-16T07:52:33,133,0,10,133
2022-07-16T08:01:30,133,0,10,133
2022-07-16T08:10:27,133,0,10,133
2022-07-16T08:19:25,133,0,10,133
2022-07-16T08:28:23,133,0,10,133
2022-07-16T08:37:21,133,0,10,133
2022-07-16T08:46:17,133,0,10,133
2022-07-16T08:55:13,133,0,10,133
2022-07-16T09:04:09,133,0,10,133
2022-07-16T09:13:07,133,0,10,133
2022-07-16T09:22:05,133,0,10,133
2022-07-16T09:31:01,133,0,10,133
2022-07-16T09:39:57,133,0,10,133
2022-07-16T09:48:53,133,0,10,133
2022-07-16T09:57:50,133,0,10,133
2022-07-16T10:06:46,133,0,10,133
2022-07-16T10:15:42,133,0,10,133
2022-07-16T10:24:37,133,0,10,133
2022-07-16T10:33:31,133,0,10,133
2022-07-16T10:42:26,133,0,10,133
2022-07-16T10:51:20,133,0,10,133
2022-07-16T11:00:14,133,0,10,133
2022-07-16T11:09:09,133,0,10,133
2022-07-16T11:18:04,133,0,10,133
2022-07-16T11:26:59,133,0,10,133
2022-07-16T11:35:54,133,0,10,133
2022-07-16T11:44:48,133,0,10,133
2022-07-16T11:53:43,133,0,10,133
2022-07-16T12:02:38,133,0,10,133
2022-07-16T12:11:33,133,0,10,133
2022-07-16T12:20:27,133,0,10,133
2022-07-16T12:29:21,133,0,10,133
2022-07-16T12:38:16,133,0,10,133
2022-07-16T12:47:10,133,0,10,133
2022-07-16T12:56:04,133,0,10,133
2022-07-16T13:04:59,133,0,10,133
2022-07-16T13:14:04,133,0,10,133
2022-07-16T13:22:59,133,0,10,133
2022-07-16T13:31:53,133,0,10,133
2022-07-16T13:40:47,133,0,10,133
2022-07-16T13:49:42,133,0,10,133
2022-07-16T13:58:36,133,0,10,133
2022-07-16T14:07:31,133,0,10,133
2022-07-16T14:16:25,133,0,10,133
2022-07-16T14:25:20,133,0,10,133
2022-07-16T14:34:14,133,0,10,133
2022-07-16T14:43:08,133,0,10,133
2022-07-16T14:52:02,133,0,10,133
2022-07-16T15:00:57,133,0,10,133
2022-07-16T15:09:51,133,0,10,133
2022-07-16T15:18:45,133,0,10,133
2022-07-16T15:27:39,133,0,10,133
2022-07-16T15:36:33,133,0,10,133
2022-07-16T15:45:28,133,0,10,133
2022-07-16T15:54:22,133,0,10,133
2022-07-16T16:03:17,133,0,10,133
2022-07-16T16:12:11,133,0,10,133
2022-07-16T16:21:05,133,0,10,133
2022-07-16T16:30:00,133,0,10,133
2022-07-16T16:38:55,133,0,10,133
2022-07-16T16:47:49,133,0,10,133
2022-07-16T16:56:44,133,0,10,133
2022-07-16T17:05:39,133,0,10,133
2022-07-16T17:14:34,133,0,10,133
2022-07-16T17:23:29,133,0,10,133
2022-07-16T17:32:23,133,0,10,133
2022-07-16T17:41:18,133,0,10,133
2022-07-16T17:50:12,133,0,10,133
2022-07-16T17:59:07,133,0,10,133
2022-07-16T18:08:01,133,0,10,133
2022-07-16T18:16:55,133,0,10,133
2022-07-16T18:25:50,133,0,10,133
2022-07-16T18:34:44,133,0,10,133
2022-07-16T18:43:39,133,0,10,133
2022-07-16T18:52:33,133,0,10,133
2022-07-16T19:01:28,133,0,10,133
2022-07-16T19:10:22,133,0,10,133
2022-07-16T19:19:17,133,0,10,133
2022-07-16T19:28:11,133,0,10,133
2022-07-16T19:37:05,133,0,10,133
2022-07-16T19:46:00,133,0,10,133
2022-07-16T19:54:54,133,0,10,133
2022-07-16T20:03:48,133,0,10,133
2022-07-16T20:12:42,133,0,10,133
2022-07-16T20:21:37,133,0,10,133
2022-07-16T20:30:31,133,0,10,133
2022-07-16T20:39:26,133,0,10,133
2022-07-16T20:48:20,133,0,10,133
2022-07-16T20:57:14,133,0,10,133
2022-07-16T21:06:09,133,0,10,133
2022-07-16T21:15:03,133,0,10,133
2022-07-16T21:23:58,133,0,10,133
2022-07-16T21:32:53,133,0,10,133
2022-07-16T21:41:49,133,0,10,133
2022-07-16T21:50:43,133,0,10,133
2022-07-16T21:59:37,133,0,10,133
2022-07-16T22:08:32,133,0,10,133
2022-07-16T22:17:26,133,0,10,133
2022-07-16T22:26:21,133,0,10,133
2022-07-16T22:35:15,133,0,10,133
2022-07-16T22:44:10,133,0,10,133
2022-07-16T22:53:04,133,0,10,133
2022-07-16T23:01:58,133,0,10,133
2022-07-16T23:11:05,133,0,10,133
2022-07-16T23:19:59,133,0,10,133
2022-07-16T23:28:54,133,0,10,133
2022-07-16T23:37:48,133,0,10,133
2022-07-16T23:46:42,133,0,10,133
2022-07-16T23:55:37,133,0,10,133
2022-07-17T00:04:31,133,0,10,133
2022-07-17T00:13:26,133,0,10,133
2022-07-17T00:22:21,133,0,10,133
2022-07-17T00:31:16,133,0,10,133
2022-07-17T00:40:11,133,0,10,133
2022-07-17T00:49:06,133,0,10,133
2022-07-17T00:58:01,133,0,10,133
2022-07-17T01:06:56,133,0,10,133
2022-07-17T01:15:52,133,0,10,133
2022-07-17T01:24:46,133,0,10,133
2022-07-17T01:33:41,133,0,10,133
2022-07-17T01:52:41,133,0,10,133
2022-07-17T02:01:37,133,0,10,133
2022-07-17T02:10:32,133,0,10,133
2022-07-17T02:19:31,133,0,10,133
2022-07-17T02:28:29,133,0,10,133
2022-07-17T02:37:27,133,0,10,133
2022-07-17T02:46:52,133,0,10,133
2022-07-17T02:55:50,133,0,10,133
2022-07-17T03:04:47,133,0,10,133
2022-07-17T03:13:45,133,0,10,133
2022-07-17T03:22:41,133,0,10,133
2022-07-17T03:31:37,133,0,10,133
2022-07-17T03:40:33,133,0,10,133
2022-07-17T03:49:28,133,0,10,133
2022-07-17T04:00:31,133,0,10,133
2022-07-17T04:09:53,133,0,10,133
2022-07-17T04:21:37,133,0,10,133
2022-07-17T04:30:55,133,0,10,133
2022-07-17T04:39:53,133,0,10,133
2022-07-17T04:48:52,133,0,10,133
2022-07-17T04:57:48,133,0,10,133
2022-07-17T05:06:46,133,0,10,133
2022-07-17T05:15:43,133,0,10,133
2022-07-17T05:24:41,133,0,10,133
2022-07-17T05:33:38,133,0,10,133
2022-07-17T05:42:34,133,0,10,133
2022-07-17T05:51:30,133,0,10,133
2022-07-17T06:00:27,133,0,10,133
2022-07-17T06:09:23,133,0,10,133
2022-07-17T06:18:19,133,0,10,133
2022-07-17T06:27:17,133,0,10,133
2022-07-17T06:36:12,133,0,10,133
2022-07-17T06:45:07,133,0,10,133
2022-07-17T06:54:01,133,0,10,133
2022-07-17T07:02:55,133,0,10,133
2022-07-17T07:11:50,133,0,10,133
2022-07-17T07:20:44,133,0,10,133
2022-07-17T07:29:39,133,0,10,133
2022-07-17T07:38:33,133,0,10,133
2022-07-17T07:47:27,133,0,10,133
2022-07-17T07:56:22,133,0,10,133
2022-07-17T08:05:16,133,0,10,133
2022-07-17T08:14:10,133,0,10,133
2022-07-17T08:23:04,133,0,10,133
2022-07-17T08:31:59,133,0,10,133
2022-07-17T08:40:53,133,0,10,133
2022-07-17T08:49:50,133,0,10,133
2022-07-17T08:58:45,133,0,10,133
2022-07-17T09:07:38,133,0,10,133
2022-07-17T09:16:32,133,0,10,133
2022-07-17T09:25:27,133,0,10,133
2022-07-17T09:34:20,133,0,10,133
2022-07-17T09:43:15,133,0,10,133
2022-07-17T09:52:09,133,0,10,133
2022-07-17T10:01:04,133,0,10,133
2022-07-17T10:09:58,133,0,10,133
2022-07-17T10:18:52,133,0,10,133
2022-07-17T10:27:47,133,0,10,133
2022-07-17T10:36:42,133,0,10,133
2022-07-17T10:45:45,133,0,10,133
2022-07-17T10:54:40,133,0,10,133
2022-07-17T11:03:34,133,0,10,133
2022-07-17T11:12:28,133,0,10,133
2022-07-17T11:21:23,133,0,10,133
2022-07-17T11:30:18,133,0,10,133
2022-07-17T11:39:13,133,0,10,133
2022-07-17T11:48:08,133,0,10,133
2022-07-17T11:57:02,133,0,10,133
2022-07-17T12:05:57,133,0,10,133
2022-07-17T12:14:51,133,0,10,133
2022-07-17T12:23:46,133,0,10,133
2022-07-17T12:32:40,133,0,10,133
2022-07-17T12:41:35,133,0,10,133
2022-07-17T12:50:30,133,0,10,133
2022-07-17T12:59:25,133,0,10,133
2022-07-17T13:08:19,133,0,10,133
2022-07-17T13:17:13,133,0,10,133
2022-07-17T13:26:08,133,0,10,133
2022-07-17T13:35:03,133,0,10,133
2022-07-17T13:43:57,133,0,10,133
2022-07-17T13:52:51,133,0,10,133
2022-07-17T14:01:46,133,0,10,133
2022-07-17T14:10:40,133,0,10,133
2022-07-17T14:19:45,133,0,10,133
2022-07-17T14:28:39,133,0,10,133
2022-07-17T14:37:33,133,0,10,133
2022-07-17T14:46:28,133,0,10,133
2022-07-17T14:55:22,133,0,10,133
2022-07-17T15:04:16,133,0,10,133
2022-07-17T15:13:10,133,0,10,133
2022-07-17T15:22:05,133,0,10,133
2022-07-17T15:30:59,133,0,10,133
2022-07-17T15:39:54,133,0,10,133
2022-07-17T15:48:48,133,0,10,133
2022-07-17T15:57:43,133,0,10,133
2022-07-17T16:06:38,133,0,10,133
2022-07-17T16:15:33,133,0,10,133
2022-07-17T16:24:28,133,0,10,133
2022-07-17T16:33:23,133,0,10,133
2022-07-17T16:42:17,133,0,10,133
2022-07-17T16:51:12,133,0,10,133
2022-07-17T17:00:07,133,0,10,133
2022-07-17T17:09:01,133,0,10,133
2022-07-17T17:17:57,133,0,10,133
2022-07-17T17:26:52,133,0,10,133
2022-07-17T17:35:46,133,0,10,133
2022-07-17T17:44:41,133,0,10,133
2022-07-17T17:53:35,133,0,10,133
2022-07-17T18:02:40,133,0,10,133
2022-07-17T18:11:34,133,0,10,133
2022-07-17T18:20:29,133,0,10,133
2022-07-17T18:29:23,133,0,10,133
2022-07-17T18:38:17,133,0,10,133
2022-07-17T18:47:12,133,0,10,133
2022-07-17T18:56:06,133,0,10,133
2022-07-17T19:05:02,133,0,10,133
2022-07-17T19:13:57,133,0,10,133
2022-07-17T19:22:51,133,0,10,133
2022-07-17T19:31:46,133,0,10,133
2022-07-17T19:40:42,133,0,10,133
2022-07-17T19:49:38,133,0,10,133
2022-07-17T19:58:35,133,0,10,133
2022-07-17T20:07:35,133,0,10,133
2022-07-17T20:16:37,133,0,10,133
2022-07-17T20:25:31,133,0,10,133
2022-07-17T20:34:36,133,0,10,133
2022-07-17T20:43:30,133,0,10,133
2022-07-17T20:52:25,133,0,10,133
2022-07-17T21:01:20,133,0,10,133
2022-07-17T21:10:16,133,0,10,133
2022-07-17T21:19:10,133,0,10,133
2022-07-17T21:28:05,133,0,10,133
2022-07-17T21:37:01,133,0,10,133
2022-07-17T21:45:58,133,0,10,133
2022-07-17T21:54:53,133,0,10,133
2022-07-17T22:03:48,133,0,10,133
2022-07-17T22:12:43,133,0,10,133
2022-07-17T22:21:37,133,0,10,133
2022-07-17T22:30:32,133,0,10,133
2022-07-17T22:39:27,133,0,10,133
2022-07-17T22:48:21,133,0,10,133
2022-07-17T22:57:15,133,0,10,133
2022-07-17T23:06:11,133,0,10,133
2022-07-17T23:15:06,133,0,10,133
2022-07-17T23:24:01,133,0,10,133
2022-07-17T23:32:56,133,0,10,133
2022-07-17T23:41:50,133,0,10,133
2022-07-17T23:50:44,133,0,10,133
2022-07-17T23:59:49,133,0,10,133
2022-07-18T00:08:45,133,0,10,133
2022-07-18T00:17:43,133,0,10,133
2022-07-18T00:26:40,133,0,10,133
2022-07-18T00:35:37,133,0,10,133
2022-07-18T00:44:34,133,0,10,133
2022-07-18T00:53:30,133,0,10,133
2022-07-18T01:02:26,133,0,10,133
2022-07-18T01:11:30,133,0,10,133
2022-07-18T01:20:26,133,0,10,133
2022-07-18T01:29:24,133,0,10,133
2022-07-18T01:38:20,133,0,10,133
2022-07-18T01:47:15,133,0,10,133
2022-07-18T01:56:12,133,0,10,133
2022-07-18T02:05:24,133,0,10,133
2022-07-18T02:14:21,133,0,10,133
2022-07-18T02:23:17,133,0,10,133
2022-07-18T02:32:14,133,0,10,133
2022-07-18T02:41:11,133,0,10,133
2022-07-18T02:50:07,133,0,10,133
2022-07-18T02:59:02,133,0,10,133
2022-07-18T03:07:57,133,0,10,133
2022-07-18T03:16:52,133,0,10,133
2022-07-18T03:25:46,133,0,10,133
2022-07-18T03:34:42,133,0,10,133
2022-07-18T03:43:38,133,0,10,133
2022-07-18T03:52:35,133,0,10,133
2022-07-18T04:03:58,133,0,10,133
2022-07-18T04:12:55,133,0,10,133
2022-07-18T04:24:17,133,0,10,133
2022-07-18T04:33:36,133,0,10,133
2022-07-18T04:42:34,133,0,10,133
2022-07-18T04:51:33,133,0,10,133
2022-07-18T05:00:30,133,0,10,133
2022-07-18T05:09:29,133,0,10,133
2022-07-18T05:18:27,133,0,10,133
2022-07-18T05:27:25,133,0,10,133
2022-07-18T05:36:22,133,0,10,133
2022-07-18T05:45:18,133,0,10,133
2022-07-18T05:54:13,133,0,10,133
2022-07-18T06:03:09,133,0,10,133
2022-07-18T06:12:05,133,0,10,133
2022-07-18T06:21:02,133,0,10,133
2022-07-18T06:29:58,133,0,10,133
2022-07-18T06:38:52,133,0,10,133
2022-07-18T06:47:50,133,0,10,133
2022-07-18T06:56:45,133,0,10,133
2022-07-18T07:05:40,133,0,10,133
2022-07-18T07:14:36,133,0,10,133
2022-07-18T07:23:32,133,0,10,133
2022-07-18T07:32:28,133,0,10,133
2022-07-18T07:41:23,133,0,10,133
2022-07-18T07:50:19,133,0,10,133
2022-07-18T07:59:14,133,0,10,133
2022-07-18T08:08:11,133,0,10,133
2022-07-18T08:17:06,133,0,10,133
2022-07-18T08:26:02,133,0,10,133
2022-07-18T08:35:07,133,0,10,133
2022-07-18T08:44:04,133,0,10,133
2022-07-18T08:53:02,133,0,10,133
2022-07-18T09:01:59,133,0,10,133
2022-07-18T09:10:56,133,0,10,133
2022-07-18T09:19:52,133,0,10,133
2022-07-18T09:28:55,133,0,10,133
2022-07-18T09:37:59,133,0,10,133
2022-07-18T09:47:04,133,0,10,133
2022-07-18T09:56:08,133,0,10,133
2022-07-18T10:05:11,133,0,10,133
2022-07-18T10:14:14,133,0,10,133
2022-07-18T10:23:18,133,0,10,133
2022-07-18T10:32:22,133,0,10,133
2022-07-18T10:41:26,133,0,10,133
2022-07-18T10:50:29,133,0,10,133
2022-07-18T10:59:42,133,0,10,133
2022-07-18T11:08:42,133,0,10,133
2022-07-18T11:17:42,133,0,10,133
2022-07-18T11:26:39,133,0,10,133
2022-07-18T11:35:36,133,0,10,133
2022-07-18T11:44:33,133,0,10,133
2022-07-18T11:53:29,133,0,10,133
2022-07-18T12:02:26,133,0,10,133
2022-07-18T12:11:22,133,0,10,133
2022-07-18T12:20:18,133,0,10,133
2022-07-18T12:29:13,133,0,10,133
2022-07-18T12:38:08,133,0,10,133
2022-07-18T12:47:06,133,0,10,133
2022-07-18T12:56:01,133,0,10,133
2022-07-18T13:04:58,133,0,10,133
2022-07-18T13:13:54,133,0,10,133
2022-07-18T13:23:01,133,0,10,133
2022-07-18T13:31:57,133,0,10,133
2022-07-18T13:40:53,133,0,10,133
2022-07-18T13:49:50,133,0,10,133
2022-07-18T13:58:47,133,0,10,133
2022-07-18T14:07:44,133,0,10,133
2022-07-18T14:16:40,133,0,10,133
2022-07-18T14:25:37,133,0,10,133
2022-07-18T14:34:34,133,0,10,133
2022-07-18T14:43:31,133,0,10,133
2022-07-18T14:52:27,133,0,10,133
2022-07-18T15:01:23,133,0,10,133
2022-07-18T15:10:18,133,0,10,133
2022-07-18T15:19:14,133,0,10,133
2022-07-18T15:28:10,133,0,10,133
2022-07-18T15:37:16,133,0,10,133
2022-07-18T15:46:13,133,0,10,133
2022-07-18T15:55:10,133,0,10,133
2022-07-18T16:04:07,133,0,10,133
2022-07-18T16:13:03,133,0,10,133
2022-07-18T16:21:59,133,0,10,133
2022-07-18T16:30:55,133,0,10,133
2022-07-18T16:39:53,133,0,10,133
2022-07-18T16:48:49,133,0,10,133
2022-07-18T16:57:44,133,0,10,133
2022-07-18T17:06:40,133,0,10,133
2022-07-18T17:15:37,133,0,10,133
2022-07-18T17:24:42,133,0,10,133
2022-07-18T17:33:37,133,0,10,133
2022-07-18T17:42:32,133,0,10,133
2022-07-18T17:51:28,133,0,10,133
2022-07-18T18:00:23,133,0,10,133
2022-07-18T18:09:18,133,0,10,133
2022-07-18T18:18:13,133,0,10,133
2022-07-18T18:27:09,133,0,10,133
2022-07-18T18:36:05,133,0,10,133
2022-07-18T18:45:00,133,0,10,133
2022-07-18T18:53:55,133,0,10,133
2022-07-18T19:02:50,133,0,10,133
2022-07-18T19:11:47,133,0,10,133
2022-07-18T19:20:43,133,0,10,133
2022-07-18T19:29:39,133,0,10,133
2022-07-18T19:38:34,133,0,10,133
2022-07-18T19:47:29,133,0,10,133
2022-07-18T19:56:24,133,0,10,133
2022-07-18T20:05:18,133,0,10,133
2022-07-18T20:14:13,133,0,10,133
2022-07-18T20:23:19,133,0,10,133
2022-07-18T20:32:14,133,0,10,133
2022-07-18T20:41:09,133,0,10,133
2022-07-18T20:50:03,133,0,10,133
2022-07-18T20:58:58,133,0,10,133
2022-07-18T21:07:52,133,0,10,133
2022-07-18T21:16:46,133,0,10,133
2022-07-18T21:25:41,133,0,10,133
2022-07-18T21:34:35,133,0,10,133
2022-07-18T21:43:30,133,0,10,133
2022-07-18T21:52:26,133,0,10,133
2022-07-18T22:01:20,133,0,10,133
2022-07-18T22:10:15,133,0,10,133
2022-07-18T22:19:09,133,0,10,133
2022-07-18T22:28:04,133,0,10,133
2022-07-18T22:36:59,133,0,10,133
2022-07-18T22:45:54,133,0,10,133
2022-07-18T22:54:48,133,0,10,133
2022-07-18T23:03:43,133,0,10,133
2022-07-18T23:12:48,133,0,10,133
2022-07-18T23:21:43,133,0,10,133
2022-07-18T23:30:39,133,0,10,133
2022-07-18T23:39:34,133,0,10,133
2022-07-18T23:48:28,133,0,10,133
2022-07-18T23:57:23,133,0,10,133
2022-07-19T00:06:19,133,0,10,133
2022-07-19T00:15:18,133,0,10,133
2022-07-19T00:24:15,133,0,10,133
2022-07-19T00:33:22,133,0,10,133
2022-07-19T00:42:20,133,0,10,133
2022-07-19T00:51:17,133,0,10,133
2022-07-19T01:00:15,133,0,10,133
2022-07-19T01:09:11,133,0,10,133
2022-07-19T01:18:09,133,0,10,133
2022-07-19T01:27:07,133,0,10,133
2022-07-19T01:36:04,133,0,10,133
2022-07-19T01:45:00,133,0,10,133
2022-07-19T01:53:58,133,0,10,133
2022-07-19T02:02:55,133,0,10,133
2022-07-19T02:11:51,133,0,10,133
2022-07-19T02:20:45,133,0,10,133
2022-07-19T02:29:39,133,0,10,133
2022-07-19T02:38:34,133,0,10,133
2022-07-19T02:47:28,133,0,10,133
2022-07-19T02:56:22,133,0,10,133
2022-07-19T03:05:16,133,0,10,133
2022-07-19T03:14:10,133,0,10,133
2022-07-19T03:23:04,133,0,10,133
2022-07-19T03:31:58,133,0,10,133
2022-07-19T03:40:52,133,0,10,133
2022-07-19T03:49:48,133,0,10,133
2022-07-19T03:58:45,133,0,10,133
2022-07-19T04:10:02,133,0,10,133
2022-07-19T04:19:46,133,0,10,133
2022-07-19T04:29:07,133,0,10,133
2022-07-19T04:38:06,133,0,10,133
2022-07-19T04:47:03,133,0,10,133
2022-07-19T04:56:00,133,0,10,133
2022-07-19T05:04:59,133,0,10,133
2022-07-19T05:13:56,133,0,10,133
2022-07-19T05:22:54,133,0,10,133
2022-07-19T05:31:51,133,0,10,133
2022-07-19T05:40:48,133,0,10,133
2022-07-19T05:49:43,133,0,10,133
2022-07-19T05:58:40,133,0,10,133
2022-07-19T06:07:37,133,0,10,133
2022-07-19T06:16:33,133,0,10,133
2022-07-19T06:25:30,133,0,10,133
2022-07-19T06:34:28,133,0,10,133
2022-07-19T06:43:24,133,0,10,133
2022-07-19T06:52:21,133,0,10,133
2022-07-19T07:01:17,133,0,10,133
2022-07-19T07:10:14,133,0,10,133
2022-07-19T07:19:11,133,0,10,133
2022-07-19T07:28:07,133,0,10,133
2022-07-19T07:37:04,133,0,10,133
2022-07-19T07:46:00,133,0,10,133
2022-07-19T07:54:55,133,0,10,133
2022-07-19T08:03:50,133,0,10,133
2022-07-19T08:12:48,133,0,10,133
2022-07-19T08:21:44,133,0,10,133
2022-07-19T08:30:39,133,0,10,133
2022-07-19T08:39:36,133,0,10,133
2022-07-19T08:48:33,133,0,10,133
2022-07-19T08:57:29,133,0,10,133
2022-07-19T09:06:35,133,0,10,133
2022-07-19T09:15:30,133,0,10,133
2022-07-19T09:24:27,133,0,10,133
2022-07-19T09:33:23,133,0,10,133
2022-07-19T09:42:20,133,0,10,133
2022-07-19T09:51:17,133,0,10,133
2022-07-19T10:00:13,133,0,10,133
2022-07-19T10:09:10,133,0,10,133
2022-07-19T10:18:08,133,0,10,133
2022-07-19T10:27:05,133,0,10,133
2022-07-19T10:36:01,133,0,10,133
2022-07-19T10:44:58,133,0,10,133
2022-07-19T10:53:54,133,0,10,133
2022-07-19T11:02:52,133,0,10,133
2022-07-19T11:11:49,133,0,10,133
2022-07-19T11:20:45,133,0,10,133
2022-07-19T11:29:42,133,0,10,133
2022-07-19T11:38:39,133,0,10,133
2022-07-19T11:47:46,133,0,10,133
2022-07-19T11:56:43,133,0,10,133
2022-07-19T12:05:38,133,0,10,133
2022-07-19T12:14:35,133,0,10,133
2022-07-19T12:23:32,133,0,10,133
2022-07-19T12:32:29,133,0,10,133
2022-07-19T12:41:25,133,0,10,133
2022-07-19T12:50:21,133,0,10,133
2022-07-19T12:59:17,133,0,10,133
2022-07-19T13:08:13,133,0,10,133
2022-07-19T13:17:10,133,0,10,133
2022-07-19T13:26:06,133,0,10,133
2022-07-19T13:35:03,133,0,10,133
2022-07-19T13:44:12,133,0,10,133
2022-07-19T13:52:28,133,0,10,133
2022-07-19T14:01:25,133,0,10,133
2022-07-19T14:10:22,133,0,10,133
2022-07-19T14:19:18,133,0,10,133
2022-07-19T14:28:15,133,0,10,133
2022-07-19T14:37:12,133,0,10,133
2022-07-19T14:46:09,133,0,10,133
2022-07-19T14:55:06,133,0,10,133
2022-07-19T15:04:02,133,0,10,133
2022-07-19T15:13:01,133,0,10,133
2022-07-19T15:21:57,133,0,10,133
2022-07-19T15:30:53,133,0,10,133
2022-07-19T15:40:01,133,0,10,133
2022-07-19T15:48:58,133,0,10,133
2022-07-19T15:57:55,133,0,10,133
2022-07-19T16:06:51,133,0,10,133
2022-07-19T16:15:47,133,0,10,133
2022-07-19T16:24:43,133,0,10,133
2022-07-19T16:33:39,133,0,10,133
2022-07-19T16:42:35,133,0,10,133
2022-07-19T16:51:41,133,0,10,133
2022-07-19T17:00:37,133,0,10,133
2022-07-19T17:09:33,133,0,10,133
2022-07-19T17:18:30,133,0,10,133
2022-07-19T17:27:25,133,0,10,133
2022-07-19T17:36:21,133,0,10,133
2022-07-19T17:45:16,133,0,10,133
2022-07-19T17:54:12,133,0,10,133
2022-07-19T18:03:08,133,0,10,133
2022-07-19T18:12:04,133,0,10,133
2022-07-19T18:20:59,133,0,10,133
2022-07-19T18:29:54,133,0,10,133
2022-07-19T18:38:49,133,0,10,133
2022-07-19T18:47:54,133,0,10,133
2022-07-19T18:56:49,133,0,10,133
2022-07-19T19:05:45,133,0,10,133
2022-07-19T19:14:40,133,0,10,133
2022-07-19T19:23:36,133,0,10,133
2022-07-19T19:32:31,133,0,10,133
2022-07-19T19:41:26,133,0,10,133
2022-07-19T19:50:21,133,0,10,133
2022-07-19T19:59:18,133,0,10,133
2022-07-19T20:08:13,133,0,10,133
2022-07-19T20:17:09,133,0,10,133
2022-07-19T20:26:05,133,0,10,133
2022-07-19T20:35:12,133,0,10,133
2022-07-19T20:44:07,133,0,10,133
2022-07-19T20:53:02,133,0,10,133
2022-07-19T21:01:57,133,0,10,133
2022-07-19T21:10:52,133,0,10,133
2022-07-19T21:19:47,133,0,10,133
2022-07-19T21:28:43,133,0,10,133
2022-07-19T21:37:38,133,0,10,133
2022-07-19T21:46:35,133,0,10,133
2022-07-19T21:55:30,133,0,10,133
2022-07-19T22:04:25,133,0,10,133
2022-07-19T22:13:21,133,0,10,133
2022-07-19T22:22:16,133,0,10,133
2022-07-19T22:31:11,133,0,10,133
2022-07-19T22:40:17,133,0,10,133
2022-07-19T22:49:12,133,0,10,133
2022-07-19T22:58:08,133,0,10,133
2022-07-19T23:07:04,133,0,10,133
2022-07-19T23:15:59,133,0,10,133
2022-07-19T23:24:54,133,0,10,133
2022-07-19T23:33:49,133,0,10,133
2022-07-19T23:42:45,133,0,10,133
2022-07-19T23:51:40,133,0,10,133
2022-07-20T00:00:36,133,0,10,133
2022-07-20T00:09:33,133,0,10,133
2022-07-20T00:18:35,133,0,10,133
2022-07-20T00:27:29,133,0,10,133
2022-07-20T00:36:24,133,0,10,133
2022-07-20T00:45:19,133,0,10,133
2022-07-20T00:54:14,133,0,10,133
2022-07-20T01:03:18,133,0,10,133
2022-07-20T01:12:13,133,0,10,133
2022-07-20T01:21:08,133,0,10,133
2022-07-20T01:30:04,133,0,10,133
2022-07-20T01:38:58,133,0,10,133
2022-07-20T01:47:53,133,0,10,133
2022-07-20T01:56:48,133,0,10,133
2022-07-20T02:05:44,133,0,10,133
2022-07-20T02:14:39,133,0,10,133
2022-07-20T02:23:48,133,0,10,133
2022-07-20T02:32:43,133,0,10,133
2022-07-20T02:41:38,133,0,10,133
2022-07-20T02:50:32,133,0,10,133
2022-07-20T02:59:27,133,0,10,133
2022-07-20T03:08:20,133,0,10,133
2022-07-20T03:17:13,133,0,10,133
2022-07-20T03:26:09,133,0,10,133
2022-07-20T03:35:06,133,0,10,133
2022-07-20T03:44:02,133,0,10,133
2022-07-20T03:52:59,133,0,10,133
2022-07-20T04:01:56,133,0,10,133
2022-07-20T04:25:50,133,0,10,133
2022-07-20T04:34:50,133,0,10,133
2022-07-20T04:43:49,133,0,10,133
2022-07-20T04:52:48,133,0,10,133
2022-07-20T05:01:46,133,0,10,133
2022-07-20T05:10:44,133,0,10,133
2022-07-20T05:19:42,133,0,10,133
2022-07-20T05:28:41,133,0,10,133
2022-07-20T05:37:40,133,0,10,133
2022-07-20T05:46:38,133,0,10,133
2022-07-20T05:55:38,133,0,10,133
2022-07-20T06:04:35,133,0,10,133
2022-07-20T06:13:32,133,0,10,133
2022-07-20T06:22:29,133,0,10,133
2022-07-20T06:31:26,133,0,10,133
2022-07-20T06:40:22,133,0,10,133
2022-07-20T06:49:17,133,0,10,133
2022-07-20T06:58:12,133,0,10,133
2022-07-20T07:07:09,133,0,10,133
2022-07-20T07:16:03,133,0,10,133
2022-07-20T07:24:59,133,0,10,133
2022-07-20T07:33:55,133,0,10,133
2022-07-20T07:42:51,133,0,10,133
2022-07-20T07:51:46,133,0,10,133
2022-07-20T08:00:42,133,0,10,133
2022-07-20T08:09:39,133,0,10,133
2022-07-20T08:18:37,133,0,10,133
2022-07-20T08:27:34,133,0,10,133
2022-07-20T08:36:30,133,0,10,133
2022-07-20T08:45:26,133,0,10,133
2022-07-20T08:54:23,133,0,10,133
2022-07-20T09:03:19,133,0,10,133
2022-07-20T09:12:15,133,0,10,133
2022-07-20T09:21:11,133,0,10,133
2022-07-20T09:30:08,133,0,10,133
2022-07-20T09:39:05,133,0,10,133
2022-07-20T09:48:12,133,0,10,133
2022-07-20T09:57:09,133,0,10,133
2022-07-20T10:06:07,133,0,10,133
2022-07-20T10:15:04,133,0,10,133
2022-07-20T10:24:02,133,0,10,133
2022-07-20T10:33:00,133,0,10,133
2022-07-20T10:41:58,133,0,10,133
2022-07-20T10:50:55,133,0,10,133
2022-07-20T10:59:53,133,0,10,133
2022-07-20T11:08:50,133,0,10,133
2022-07-20T11:17:46,133,0,10,133
2022-07-20T11:26:43,133,0,10,133
2022-07-20T11:35:41,133,0,10,133
2022-07-20T11:44:40,133,0,10,133
2022-07-20T11:53:48,133,0,10,133
2022-07-20T12:02:45,133,0,10,133
2022-07-20T12:11:41,133,0,10,133
2022-07-20T12:20:39,133,0,10,133
2022-07-20T12:29:36,133,0,10,133
2022-07-20T12:38:32,133,0,10,133
2022-07-20T12:47:28,133,0,10,133
2022-07-20T12:56:25,133,0,10,133
2022-07-20T13:05:22,133,0,10,133
2022-07-20T13:14:19,133,0,10,133
2022-07-20T13:23:27,133,0,10,133
2022-07-20T13:32:24,133,0,10,133
2022-07-20T13:41:21,133,0,10,133
2022-07-20T13:50:18,133,0,10,133
2022-07-20T13:59:16,133,0,10,133
2022-07-20T14:08:12,133,0,10,133
2022-07-20T14:17:09,133,0,10,133
2022-07-20T14:26:06,133,0,10,133
2022-07-20T14:35:03,133,0,10,133
2022-07-20T14:44:02,133,0,10,133
2022-07-20T14:52:59,133,0,10,133
2022-07-20T15:02:07,133,0,10,133
2022-07-20T15:11:04,133,0,10,133
2022-07-20T15:20:02,133,0,10,133
2022-07-20T15:29:00,133,0,10,133
2022-07-20T15:37:56,133,0,10,133
2022-07-20T15:46:53,133,0,10,133
2022-07-20T15:55:50,133,0,10,133
2022-07-20T16:04:45,133,0,10,133
2022-07-20T16:13:41,133,0,10,133
2022-07-20T16:22:48,133,0,10,133
2022-07-20T16:31:46,133,0,10,133
2022-07-20T16:40:42,133,0,10,133
2022-07-20T16:49:38,133,0,10,133
2022-07-20T16:58:34,133,0,10,133
2022-07-20T17:07:30,133,0,10,133
2022-07-20T17:16:26,133,0,10,133
2022-07-20T17:25:22,133,0,10,133
2022-07-20T17:34:18,133,0,10,133
2022-07-20T17:43:13,133,0,10,133
2022-07-20T17:52:09,133,0,10,133
2022-07-20T18:01:04,133,0,10,133
2022-07-20T18:10:11,133,0,10,133
2022-07-20T18:19:07,133,0,10,133
2022-07-20T18:28:02,133,0,10,133
2022-07-20T18:36:58,133,0,10,133
2022-07-20T18:45:53,133,0,10,133
2022-07-20T18:54:50,133,0,10,133
2022-07-20T19:03:50,133,0,10,133
2022-07-20T19:12:47,133,0,10,133
2022-07-20T19:21:43,133,0,10,133
2022-07-20T19:30:40,133,0,10,133
2022-07-20T19:39:36,133,0,10,133
2022-07-20T19:48:41,133,0,10,133
2022-07-20T19:57:36,133,0,10,133
2022-07-20T20:06:31,133,0,10,133
2022-07-20T20:15:26,133,0,10,133
2022-07-20T20:24:22,133,0,10,133
2022-07-20T20:33:18,133,0,10,133
2022-07-20T20:42:14,133,0,10,133
2022-07-20T20:51:10,133,0,10,133
2022-07-20T21:00:05,133,0,10,133
2022-07-20T21:09:01,133,0,10,133
2022-07-20T21:18:06,133,0,10,133
2022-07-20T21:27:02,133,0,10,133
2022-07-20T21:35:57,133,0,10,133
2022-07-20T21:44:52,133,0,10,133
2022-07-20T21:53:49,133,0,10,133
2022-07-20T22:02:44,133,0,10,133
2022-07-20T22:11:40,133,0,10,133
2022-07-20T22:20:36,133,0,10,133
2022-07-20T22:29:34,133,0,10,133
2022-07-20T22:38:31,133,0,10,133
2022-07-20T22:47:27,133,0,10,133
2022-07-20T22:56:31,133,0,10,133
2022-07-20T23:05:28,133,0,10,133
2022-07-20T23:14:25,133,0,10,133
2022-07-20T23:23:22,133,0,10,133
2022-07-20T23:32:20,133,0,10,133
2022-07-20T23:41:16,133,0,10,133
2022-07-20T23:50:11,133,0,10,133
2022-07-20T23:59:07,133,0,10,133
2022-07-21T00:08:03,133,0,10,133
2022-07-21T00:17:01,133,0,10,133
2022-07-21T00:25:59,133,0,10,133
2022-07-21T00:34:57,133,0,10,133
2022-07-21T00:43:56,133,0,10,133
2022-07-21T00:52:56,133,0,10,133
2022-07-21T01:01:55,133,0,10,133
2022-07-21T01:11:03,133,0,10,133
2022-07-21T01:20:00,133,0,10,133
2022-07-21T01:28:58,133,0,10,133
2022-07-21T01:37:55,133,0,10,133
2022-07-21T01:46:52,133,0,10,133
2022-07-21T01:55:49,133,0,10,133
2022-07-21T02:04:46,133,0,10,133
2022-07-21T02:13:42,133,0,10,133
2022-07-21T02:22:37,133,0,10,133
2022-07-21T02:31:32,133,0,10,133
2022-07-21T02:40:27,133,0,10,133
2022-07-21T02:49:21,133,0,10,133
2022-07-21T02:58:16,133,0,10,133
2022-07-21T03:07:10,133,0,10,133
2022-07-21T03:16:05,133,0,10,133
2022-07-21T03:25:00,133,0,10,133
2022-07-21T03:33:54,133,0,10,133
2022-07-21T03:42:51,133,0,10,133
2022-07-21T03:51:47,133,0,10,133
2022-07-21T04:00:44,133,0,10,133
2022-07-21T04:09:42,133,0,10,133
2022-07-21T04:21:12,133,0,10,133
2022-07-21T04:30:28,133,0,10,133
2022-07-21T04:39:29,133,0,10,133
2022-07-21T04:48:27,133,0,10,133
2022-07-21T04:57:25,133,0,10,133
2022-07-21T05:06:25,133,0,10,133
2022-07-21T05:15:22,133,0,10,133
2022-07-21T05:24:20,133,0,10,133
2022-07-21T05:33:17,133,0,10,133
2022-07-21T05:42:15,133,0,10,133
2022-07-21T05:51:11,133,0,10,133
2022-07-21T06:00:09,133,0,10,133
2022-07-21T06:09:07,133,0,10,133
2022-07-21T06:18:06,133,0,10,133
2022-07-21T06:27:13,133,0,10,133
2022-07-21T06:36:23,133,0,10,133
2022-07-21T06:45:34,133,0,10,133
2022-07-21T06:54:45,133,0,10,133
2022-07-21T07:03:53,133,0,10,133
2022-07-21T07:13:07,133,0,10,133
2022-07-21T07:22:25,133,0,10,133
2022-07-21T07:31:42,133,0,10,133
2022-07-21T07:40:58,133,0,10,133
2022-07-21T07:50:10,133,0,10,133
2022-07-21T07:59:16,133,0,10,133
2022-07-21T08:08:22,133,0,10,133
2022-07-21T08:17:28,133,0,10,133
2022-07-21T08:26:34,133,0,10,133
2022-07-21T08:35:42,133,0,10,133
2022-07-21T08:44:47,133,0,10,133
2022-07-21T08:53:52,133,0,10,133
2022-07-21T09:02:56,133,0,10,133
2022-07-21T09:11:55,133,0,10,133
2022-07-21T09:20:53,133,0,10,133
2022-07-21T09:29:51,133,0,10,133
2022-07-21T09:38:50,133,0,10,133
2022-07-21T09:47:48,133,0,10,133
2022-07-21T09:56:46,133,0,10,133
2022-07-21T10:05:43,133,0,10,133
2022-07-21T10:14:49,133,0,10,133
2022-07-21T10:23:46,133,0,10,133
2022-07-21T10:32:43,133,0,10,133
2022-07-21T10:41:40,133,0,10,133
2022-07-21T10:50:37,133,0,10,133
2022-07-21T10:59:34,133,0,10,133
2022-07-21T11:08:31,133,0,10,133
2022-07-21T11:17:28,133,0,10,133
2022-07-21T11:26:25,133,0,10,133
2022-07-21T11:35:21,133,0,10,133
2022-07-21T11:44:19,133,0,10,133
2022-07-21T11:53:16,133,0,10,133
2022-07-21T12:02:14,133,0,10,133
2022-07-21T12:11:21,133,0,10,133
2022-07-21T12:20:18,133,0,10,133
2022-07-21T12:29:14,133,0,10,133
2022-07-21T12:38:11,133,0,10,133
2022-07-21T12:47:08,133,0,10,133
2022-07-21T12:56:05,133,0,10,133
2022-07-21T13:05:02,133,0,10,133
2022-07-21T13:13:58,133,0,10,133
2022-07-21T13:22:58,133,0,10,133
2022-07-21T13:31:54,133,0,10,133
2022-07-21T13:40:50,133,0,10,133
2022-07-21T13:49:47,133,0,10,133
2022-07-21T13:58:44,133,0,10,133
2022-07-21T14:07:41,133,0,10,133
2022-07-21T14:16:37,133,0,10,133
2022-07-21T14:25:33,133,0,10,133
2022-07-21T14:34:30,133,0,10,133
2022-07-21T14:43:37,133,0,10,133
2022-07-21T14:52:34,133,0,10,133
2022-07-21T15:01:31,133,0,10,133
2022-07-21T15:10:27,133,0,10,133
2022-07-21T15:19:24,133,0,10,133
2022-07-21T15:28:21,133,0,10,133
2022-07-21T15:37:18,133,0,10,133
2022-07-21T15:46:14,133,0,10,133
2022-07-21T15:55:11,133,0,10,133
2022-07-21T16:04:09,133,0,10,133
2022-07-21T16:13:05,133,0,10,133
2022-07-21T16:22:01,133,0,10,133
2022-07-21T16:30:57,133,0,10,133
2022-07-21T16:39:53,133,0,10,133
2022-07-21T16:49:01,133,0,10,133
2022-07-21T16:57:56,133,0,10,133
2022-07-21T17:06:53,133,0,10,133
2022-07-21T17:15:50,133,0,10,133
2022-07-21T17:24:45,133,0,10,133
2022-07-21T17:33:41,133,0,10,133
2022-07-21T17:42:37,133,0,10,133
2022-07-21T17:51:33,133,0,10,133
2022-07-21T18:00:29,133,0,10,133
2022-07-21T18:09:25,133,0,10,133
2022-07-21T18:18:20,133,0,10,133
2022-07-21T18:27:17,133,0,10,133
2022-07-21T18:36:13,133,0,10,133
2022-07-21T18:45:08,133,0,10,133
2022-07-21T18:54:04,133,0,10,133
2022-07-21T19:03:02,133,0,10,133
2022-07-21T19:11:58,133,0,10,133
2022-07-21T19:20:56,133,0,10,133
2022-07-21T19:29:53,133,0,10,133
2022-07-21T19:38:49,133,0,10,133
2022-07-21T19:47:57,133,0,10,133
2022-07-21T19:56:52,133,0,10,133
2022-07-21T20:05:48,133,0,10,133
2022-07-21T20:14:43,133,0,10,133
2022-07-21T20:23:38,133,0,10,133
2022-07-21T20:32:34,133,0,10,133
2022-07-21T20:41:29,133,0,10,133
2022-07-21T20:50:25,133,0,10,133
2022-07-21T20:59:20,133,0,10,133
2022-07-21T21:08:15,133,0,10,133
2022-07-21T21:17:11,133,0,10,133
2022-07-21T21:26:06,133,0,10,133
2022-07-21T21:35:02,133,0,10,133
2022-07-21T21:43:58,133,0,10,133
2022-07-21T21:52:55,133,0,10,133
2022-07-21T22:01:51,133,0,10,133
2022-07-21T22:10:46,133,0,10,133
2022-07-21T22:19:41,133,0,10,133
2022-07-21T22:28:37,133,0,10,133
2022-07-21T22:37:33,133,0,10,133
2022-07-21T22:46:28,133,0,10,133
2022-07-21T22:55:23,133,0,10,133
2022-07-21T23:04:20,133,0,10,133
2022-07-21T23:13:16,133,0,10,133
2022-07-21T23:22:11,133,0,10,133
2022-07-21T23:31:17,133,0,10,133
2022-07-21T23:40:13,133,0,10,133
2022-07-21T23:49:08,133,0,10,133
2022-07-21T23:58:03,133,0,10,133
2022-07-22T00:07:00,133,0,10,133
2022-07-22T00:16:00,133,0,10,133
2022-07-22T00:24:59,133,0,10,133
2022-07-22T00:33:56,133,0,10,133
2022-07-22T00:42:54,133,0,10,133
2022-07-22T00:51:52,133,0,10,133
2022-07-22T01:00:50,133,0,10,133
2022-07-22T01:09:48,133,0,10,133
2022-07-22T01:18:46,133,0,10,133
2022-07-22T01:27:45,133,0,10,133
2022-07-22T01:36:43,133,0,10,133
2022-07-22T01:45:39,133,0,10,133
2022-07-22T01:54:37,133,0,10,133
2022-07-22T02:03:34,133,0,10,133
2022-07-22T02:12:31,133,0,10,133
2022-07-22T02:21:30,133,0,10,133
2022-07-22T02:30:34,133,0,10,133
2022-07-22T02:39:32,133,0,10,133
2022-07-22T02:48:29,133,0,10,133
2022-07-22T02:57:26,133,0,10,133
2022-07-22T03:06:21,133,0,10,133
2022-07-22T03:15:17,133,0,10,133
2022-07-22T03:24:13,133,0,10,133
2022-07-22T03:33:09,133,0,10,133
2022-07-22T03:42:07,133,0,10,133
2022-07-22T03:51:03,133,0,10,133
2022-07-22T04:00:00,133,0,10,133
2022-07-22T04:08:57,133,0,10,133
2022-07-22T04:27:52,133,0,10,133
2022-07-22T04:36:52,133,0,10,133
2022-07-22T04:45:51,133,0,10,133
2022-07-22T04:54:50,133,0,10,133
2022-07-22T05:03:50,133,0,10,133
2022-07-22T05:12:48,133,0,10,133
2022-07-22T05:21:46,133,0,10,133
2022-07-22T05:30:46,133,0,10,133
2022-07-22T05:39:45,133,0,10,133
2022-07-22T05:48:43,133,0,10,133
2022-07-22T05:57:41,133,0,10,133
2022-07-22T06:06:39,133,0,10,133
2022-07-22T06:15:35,133,0,10,133
2022-07-22T06:24:30,133,0,10,133
2022-07-22T06:33:25,133,0,10,133
2022-07-22T06:42:20,133,0,10,133
2022-07-22T06:51:15,133,0,10,133
2022-07-22T07:00:11,133,0,10,133
2022-07-22T07:09:07,133,0,10,133
2022-07-22T07:18:03,133,0,10,133
2022-07-22T07:26:59,133,0,10,133
2022-07-22T07:35:54,133,0,10,133
2022-07-22T07:44:51,133,0,10,133
2022-07-22T07:53:48,133,0,10,133
2022-07-22T08:02:44,133,0,10,133
2022-07-22T08:11:39,133,0,10,133
2022-07-22T08:20:35,133,0,10,133
2022-07-22T08:29:32,133,0,10,133
2022-07-22T08:38:28,133,0,10,133
2022-07-22T08:47:24,133,0,10,133
2022-07-22T08:56:20,133,0,10,133
2022-07-22T09:05:17,133,0,10,133
2022-07-22T09:14:13,133,0,10,133
2022-07-22T09:23:09,133,0,10,133
2022-07-22T09:32:05,133,0,10,133
2022-07-22T09:41:05,133,0,10,133
2022-07-22T09:50:01,133,0,10,133
2022-07-22T09:58:58,133,0,10,133
2022-07-22T10:07:55,133,0,10,133
2022-07-22T10:16:53,133,0,10,133
2022-07-22T10:25:51,133,0,10,133
2022-07-22T10:34:48,133,0,10,133
2022-07-22T10:43:44,133,0,10,133
2022-07-22T10:52:50,133,0,10,133
2022-07-22T11:01:47,133,0,10,133
2022-07-22T11:10:44,133,0,10,133
2022-07-22T11:19:42,133,0,10,133
2022-07-22T11:28:39,133,0,10,133
2022-07-22T11:37:39,133,0,10,133
2022-07-22T11:46:36,133,0,10,133
2022-07-22T11:55:33,133,0,10,133
2022-07-22T12:04:30,133,0,10,133
2022-07-22T12:13:28,133,0,10,133
2022-07-22T12:22:24,133,0,10,133
2022-07-22T12:31:20,133,0,10,133
2022-07-22T12:40:17,133,0,10,133
2022-07-22T12:49:14,133,0,10,133
2022-07-22T12:58:12,133,0,10,133
2022-07-22T13:07:10,133,0,10,133
2022-07-22T13:16:07,133,0,10,133
2022-07-22T13:25:05,133,0,10,133
2022-07-22T13:34:02,133,0,10,133
2022-07-22T13:43:00,133,0,10,133
2022-07-22T13:51:58,133,0,10,133
2022-07-22T14:00:56,133,0,10,133
2022-07-22T14:10:07,133,0,10,133
2022-07-22T14:19:05,133,0,10,133
2022-07-22T14:28:03,133,0,10,133
2022-07-22T14:37:00,133,0,10,133
2022-07-22T14:45:58,133,0,10,133
2022-07-22T14:54:55,133,0,10,133
2022-07-22T15:03:54,133,0,10,133
2022-07-22T15:12:52,133,0,10,133
2022-07-22T15:21:49,133,0,10,133
2022-07-22T15:30:46,133,0,10,133
2022-07-22T15:39:44,133,0,10,133
2022-07-22T15:48:41,133,0,10,133
2022-07-22T15:57:39,133,0,10,133
2022-07-22T16:06:36,133,0,10,133
2022-07-22T16:15:34,133,0,10,133
2022-07-22T16:24:32,133,0,10,133
2022-07-22T16:33:31,133,0,10,133
2022-07-22T16:42:28,133,0,10,133
2022-07-22T16:51:34,133,0,10,133
2022-07-22T17:00:31,133,0,10,133
2022-07-22T17:09:28,133,0,10,133
2022-07-22T17:18:26,133,0,10,133
2022-07-22T17:27:24,133,0,10,133
2022-07-22T17:36:20,133,0,10,133
2022-07-22T17:45:17,133,0,10,133
2022-07-22T17:54:14,133,0,10,133
2022-07-22T18:03:11,133,0,10,133
2022-07-22T18:12:08,133,0,10,133
2022-07-22T18:21:04,133,0,10,133
2022-07-22T18:30:01,133,0,10,133
2022-07-22T18:38:58,133,0,10,133
2022-07-22T18:47:54,133,0,10,133
2022-07-22T18:56:50,133,0,10,133
2022-07-22T19:05:47,133,0,10,133
2022-07-22T19:14:45,133,0,10,133
2022-07-22T19:23:44,133,0,10,133
2022-07-22T19:32:40,133,0,10,133
2022-07-22T19:41:37,133,0,10,133
2022-07-22T19:50:48,133,0,10,133
2022-07-22T19:59:51,133,0,10,133
2022-07-22T20:08:55,133,0,10,133
2022-07-22T20:17:59,133,0,10,133
2022-07-22T20:27:02,133,0,10,133
2022-07-22T20:36:06,133,0,10,133
2022-07-22T20:45:10,133,0,10,133
2022-07-22T20:54:14,133,0,10,133
2022-07-22T21:03:17,133,0,10,133
2022-07-22T21:12:20,133,0,10,133
2022-07-22T21:21:21,133,0,10,133
2022-07-22T21:30:21,133,0,10,133
2022-07-22T21:39:21,133,0,10,133
2022-07-22T21:48:21,133,0,10,133
2022-07-22T21:57:18,133,0,10,133
2022-07-22T22:06:14,133,0,10,133
2022-07-22T22:15:20,133,0,10,133
2022-07-22T22:24:17,133,0,10,133
2022-07-22T22:33:13,133,0,10,133
2022-07-22T22:42:11,133,0,10,133
2022-07-22T22:51:09,133,0,10,133
2022-07-22T23:00:07,133,0,10,133
2022-07-22T23:09:05,133,0,10,133
2022-07-22T23:18:01,133,0,10,133
2022-07-22T23:26:58,133,0,10,133
2022-07-22T23:35:54,133,0,10,133
2022-07-22T23:44:51,133,0,10,133
2022-07-22T23:53:56,133,0,10,133
2022-07-23T00:02:54,133,0,10,133
2022-07-23T00:11:52,133,0,10,133
2022-07-23T00:20:51,133,0,10,133
2022-07-23T00:29:50,133,0,10,133
2022-07-23T00:38:49,133,0,10,133
2022-07-23T00:47:48,133,0,10,133
2022-07-23T00:56:48,133,0,10,133
2022-07-23T01:05:47,133,0,10,133
2022-07-23T01:14:47,133,0,10,133
2022-07-23T01:23:45,133,0,10,133
2022-07-23T01:32:44,133,0,10,133
2022-07-23T01:41:41,133,0,10,133
2022-07-23T01:50:40,133,0,10,133
2022-07-23T01:59:38,133,0,10,133
2022-07-23T02:08:37,133,0,10,133
2022-07-23T02:17:34,133,0,10,133
2022-07-23T02:26:31,133,0,10,133
2022-07-23T02:35:28,133,0,10,133
2022-07-23T02:44:24,133,0,10,133
2022-07-23T02:53:21,133,0,10,133
2022-07-23T03:02:29,133,0,10,133
2022-07-23T03:11:26,133,0,10,133
2022-07-23T03:20:21,133,0,10,133
2022-07-23T03:29:16,133,0,10,133
2022-07-23T03:38:13,133,0,10,133
2022-07-23T03:47:11,133,0,10,133
2022-07-23T03:57:56,133,0,10,133
2022-07-23T04:07:20,133,0,10,133
2022-07-23T04:17:04,133,0,10,133
2022-07-23T04:26:27,133,0,10,133
2022-07-23T04:35:26,133,0,10,133
2022-07-23T04:44:26,133,0,10,133
2022-07-23T04:53:26,133,0,10,133
2022-07-23T05:02:27,133,0,10,133
2022-07-23T05:11:37,133,0,10,133
2022-07-23T05:20:37,133,0,10,133
2022-07-23T05:29:37,133,0,10,133
2022-07-23T05:38:36,133,0,10,133
2022-07-23T05:47:37,133,0,10,133
2022-07-23T05:56:36,133,0,10,133
2022-07-23T06:05:35,133,0,10,133
2022-07-23T06:14:34,133,0,10,133
2022-07-23T06:23:32,133,0,10,133
2022-07-23T06:32:31,133,0,10,133
2022-07-23T06:41:32,133,0,10,133
2022-07-23T06:50:30,133,0,10,133
2022-07-23T06:59:29,133,0,10,133
2022-07-23T07:08:31,133,0,10,133
2022-07-23T07:17:30,133,0,10,133
2022-07-23T07:26:29,133,0,10,133
2022-07-23T07:35:27,133,0,10,133
2022-07-23T07:44:25,133,0,10,133
2022-07-23T07:53:23,133,0,10,133
2022-07-23T08:02:21,133,0,10,133
2022-07-23T08:11:20,133,0,10,133
2022-07-23T08:20:19,133,0,10,133
2022-07-23T08:29:18,133,0,10,133
2022-07-23T08:38:17,133,0,10,133
2022-07-23T08:47:18,133,0,10,133
2022-07-23T08:56:17,133,0,10,133
2022-07-23T09:05:15,133,0,10,133
2022-07-23T09:14:13,133,0,10,133
2022-07-23T09:23:10,133,0,10,133
2022-07-23T09:32:08,133,0,10,133
2022-07-23T09:41:05,133,0,10,133
2022-07-23T09:50:12,133,0,10,133
2022-07-23T09:59:09,133,0,10,133
2022-07-23T10:08:07,133,0,10,133
2022-07-23T10:17:04,133,0,10,133
2022-07-23T10:26:02,133,0,10,133
2022-07-23T10:34:59,133,0,10,133
2022-07-23T10:43:56,133,0,10,133
2022-07-23T10:52:52,133,0,10,133
2022-07-23T11:01:49,133,0,10,133
2022-07-23T11:10:45,133,0,10,133
2022-07-23T11:19:41,133,0,10,133
2022-07-23T11:28:38,133,0,10,133
2022-07-23T11:37:34,133,0,10,133
2022-07-23T11:46:30,133,0,10,133
2022-07-23T11:55:26,133,0,10,133
2022-07-23T12:04:22,133,0,10,133
2022-07-23T12:13:19,133,0,10,133
2022-07-23T12:22:15,133,0,10,133
2022-07-23T12:31:11,133,0,10,133
2022-07-23T12:40:08,133,0,10,133
2022-07-23T12:49:04,133,0,10,133
2022-07-23T12:58:00,133,0,10,133
2022-07-23T13:06:56,133,0,10,133
2022-07-23T13:15:53,133,0,10,133
2022-07-23T13:24:50,133,0,10,133
2022-07-23T13:33:47,133,0,10,133
2022-07-23T13:42:43,133,0,10,133
2022-07-23T13:51:39,133,0,10,133
2022-07-23T14:00:49,133,0,10,133
2022-07-23T14:09:45,133,0,10,133
2022-07-23T14:18:42,133,0,10,133
2022-07-23T14:27:38,133,0,10,133
2022-07-23T14:36:34,133,0,10,133
2022-07-23T14:45:30,133,0,10,133
2022-07-23T14:54:28,133,0,10,133
2022-07-23T15:03:24,133,0,10,133
2022-07-23T15:12:20,133,0,10,133
2022-07-23T15:21:16,133,0,10,133
2022-07-23T15:30:13,133,0,10,133
2022-07-23T15:39:09,133,0,10,133
2022-07-23T15:48:05,133,0,10,133
2022-07-23T15:57:01,133,0,10,133
2022-07-23T16:05:57,133,0,10,133
2022-07-23T16:14:54,133,0,10,133
2022-07-23T16:23:51,133,0,10,133
2022-07-23T16:32:47,133,0,10,133
2022-07-23T16:41:43,133,0,10,133
2022-07-23T16:50:39,133,0,10,133
2022-07-23T16:59:35,133,0,10,133
2022-07-23T17:08:32,133,0,10,133
2022-07-23T17:17:30,133,0,10,133
2022-07-23T17:26:26,133,0,10,133
2022-07-23T17:35:22,133,0,10,133
2022-07-23T17:44:18,133,0,10,133
2022-07-23T17:53:14,133,0,10,133
2022-07-23T18:02:10,133,0,10,133
2022-07-23T18:11:06,133,0,10,133
2022-07-23T18:20:02,133,0,10,133
2022-07-23T18:28:59,133,0,10,133
2022-07-23T18:38:06,133,0,10,133
2022-07-23T18:47:02,133,0,11,133
2022-07-23T18:55:58,133,0,11,133
2022-07-23T19:04:54,133,0,11,133
2022-07-23T19:13:49,133,0,11,133
2022-07-23T19:22:45,133,0,11,133
2022-07-23T19:31:41,133,0,11,133
2022-07-23T19:40:37,133,0,11,133
2022-07-23T19:49:33,133,0,11,133
2022-07-23T19:58:30,133,0,11,133
2022-07-23T20:07:27,133,0,11,133
2022-07-23T20:16:24,133,0,11,133
2022-07-23T20:25:21,133,0,11,133
2022-07-23T20:34:17,133,0,11,133
2022-07-23T20:43:13,133,0,11,133
2022-07-23T20:52:09,133,0,11,133
2022-07-23T21:01:06,133,0,11,133
2022-07-23T21:10:02,133,0,11,133
2022-07-23T21:18:58,133,0,11,133
2022-07-23T21:27:55,133,0,11,133
2022-07-23T21:36:51,133,0,11,133
2022-07-23T21:45:48,133,0,11,133
2022-07-23T21:54:46,133,0,11,133
2022-07-23T22:03:52,133,0,11,133
2022-07-23T22:12:49,133,0,11,133
2022-07-23T22:21:46,133,0,11,133
2022-07-23T22:30:42,133,0,11,133
2022-07-23T22:39:38,133,0,11,133
2022-07-23T22:48:35,133,0,11,133
2022-07-23T22:57:31,133,0,11,133
2022-07-23T23:06:29,133,0,11,133
2022-07-23T23:15:25,133,0,11,133
2022-07-23T23:24:22,133,0,11,133
2022-07-23T23:33:18,133,0,11,133
2022-07-23T23:42:14,133,0,11,133
2022-07-23T23:51:10,133,0,11,133
2022-07-24T00:00:07,133,0,11,133
2022-07-24T00:09:05,133,0,11,133
2022-07-24T00:18:06,133,0,11,133
2022-07-24T00:27:03,133,0,11,133
2022-07-24T00:36:01,133,0,11,133
2022-07-24T00:44:59,133,0,11,133
2022-07-24T00:53:57,133,0,11,133
2022-07-24T01:02:54,133,0,11,133
2022-07-24T01:11:50,133,0,11,133
2022-07-24T01:20:46,133,0,11,133
2022-07-24T01:29:42,133,0,11,133
2022-07-24T01:38:38,133,0,11,133
2022-07-24T01:47:34,133,0,11,133
2022-07-24T01:56:41,133,0,11,133
2022-07-24T02:05:39,133,0,11,133
2022-07-24T02:14:36,133,0,11,133
2022-07-24T02:23:36,133,0,11,133
2022-07-24T02:32:39,133,0,11,133
2022-07-24T02:41:39,133,0,11,133
2022-07-24T02:50:39,133,0,11,133
2022-07-24T02:59:56,133,0,11,133
2022-07-24T03:08:56,133,0,11,133
2022-07-24T03:17:57,133,0,11,133
2022-07-24T03:26:56,133,0,11,133
2022-07-24T03:35:56,133,0,11,133
2022-07-24T03:44:55,133,0,11,133
2022-07-24T03:53:53,133,0,11,133
2022-07-24T04:02:51,133,0,11,133
2022-07-24T04:18:18,133,0,11,133
2022-07-24T04:27:42,133,0,11,133
2022-07-24T04:36:42,133,0,11,133
2022-07-24T04:45:42,133,0,11,133
2022-07-24T04:54:42,133,0,11,133
2022-07-24T05:03:43,133,0,11,133
2022-07-24T05:12:43,133,0,11,133
2022-07-24T05:21:42,133,0,11,133
2022-07-24T05:30:42,133,0,11,133
2022-07-24T05:39:42,133,0,11,133
2022-07-24T05:48:41,133,0,11,133
2022-07-24T05:57:39,133,0,11,133
2022-07-24T06:06:39,133,0,11,133
2022-07-24T06:15:37,133,0,11,133
2022-07-24T06:24:36,133,0,11,133
2022-07-24T06:33:35,133,0,11,133
2022-07-24T06:42:36,133,0,11,133
2022-07-24T06:51:32,133,0,11,133
2022-07-24T07:00:29,133,0,11,133
2022-07-24T07:09:25,133,0,11,133
2022-07-24T07:18:21,133,0,11,133
2022-07-24T07:27:18,133,0,11,133
2022-07-24T07:36:15,133,0,11,133
2022-07-24T07:45:11,133,0,11,133
2022-07-24T07:54:07,133,0,11,133
2022-07-24T08:03:03,133,0,11,133
2022-07-24T08:12:00,133,0,11,133
2022-07-24T08:20:56,133,0,11,133
2022-07-24T08:29:55,133,0,11,133
2022-07-24T08:38:52,133,0,11,133
2022-07-24T08:47:50,133,0,11,133
2022-07-24T08:56:46,133,0,11,133
2022-07-24T09:05:44,133,0,11,133
2022-07-24T09:14:41,133,0,11,133
2022-07-24T09:23:37,133,0,11,133
2022-07-24T09:32:33,133,0,11,133
2022-07-24T09:41:34,133,0,11,133
2022-07-24T09:50:31,133,0,11,133
2022-07-24T09:59:29,133,0,11,133
2022-07-24T10:08:26,133,0,11,133
2022-07-24T10:17:23,133,0,11,133
2022-07-24T10:26:22,133,0,11,133
2022-07-24T10:35:19,133,0,11,133
2022-07-24T10:44:15,133,0,11,133
2022-07-24T10:53:13,133,0,11,133
2022-07-24T11:02:19,133,0,11,133
2022-07-24T11:11:16,133,0,11,133
2022-07-24T11:20:13,133,0,11,133
2022-07-24T11:29:10,133,0,11,133
2022-07-24T11:38:07,133,0,11,133
2022-07-24T11:47:05,133,0,11,133
2022-07-24T11:56:02,133,0,11,133
2022-07-24T12:04:59,133,0,11,133
2022-07-24T12:13:56,133,0,11,133
2022-07-24T12:22:53,133,0,11,133
2022-07-24T12:31:49,133,0,11,133
2022-07-24T12:40:46,133,0,11,133
2022-07-24T12:49:43,133,0,11,133
2022-07-24T12:58:40,133,0,11,133
2022-07-24T13:07:36,133,0,11,133
2022-07-24T13:16:33,133,0,11,133
2022-07-24T13:25:29,133,0,11,133
2022-07-24T13:34:26,133,0,11,133
2022-07-24T13:43:23,133,0,11,133
2022-07-24T13:52:19,133,0,11,133
2022-07-24T14:01:16,133,0,11,133
2022-07-24T14:10:25,133,0,11,133
2022-07-24T14:19:21,133,0,11,133
2022-07-24T14:28:18,133,0,11,133
2022-07-24T14:37:14,133,0,11,133
2022-07-24T14:46:11,133,0,11,133
2022-07-24T14:55:07,133,0,11,133
2022-07-24T15:04:04,133,0,11,133
2022-07-24T15:13:00,133,0,11,133
2022-07-24T15:21:57,133,0,11,133
2022-07-24T15:30:54,133,0,11,133
2022-07-24T15:39:50,133,0,11,133
2022-07-24T15:48:47,133,0,11,133
2022-07-24T15:57:43,133,0,11,133
2022-07-24T16:06:40,133,0,11,133
2022-07-24T16:15:37,133,0,11,133
2022-07-24T16:24:34,133,0,11,133
2022-07-24T16:33:31,133,0,11,133
2022-07-24T16:42:27,133,0,11,133
2022-07-24T16:51:23,133,0,11,133
2022-07-24T17:00:20,133,0,11,133
2022-07-24T17:09:17,133,0,11,133
2022-07-24T17:18:23,133,0,11,133
2022-07-24T17:27:20,133,0,11,133
2022-07-24T17:36:16,133,0,11,133
2022-07-24T17:45:13,133,0,11,133
2022-07-24T17:54:09,133,0,11,133
2022-07-24T18:03:06,133,0,11,133
2022-07-24T18:12:02,133,0,11,133
2022-07-24T18:20:59,133,0,11,133
2022-07-24T18:29:55,133,0,11,133
2022-07-24T18:38:52,133,0,11,133
2022-07-24T18:47:49,133,0,11,133
2022-07-24T18:56:46,133,0,11,133
2022-07-24T19:05:43,133,0,11,133
2022-07-24T19:14:40,133,0,11,133
2022-07-24T19:23:37,133,0,11,133
2022-07-24T19:32:34,133,0,11,133
2022-07-24T19:41:31,133,0,11,133
2022-07-24T19:50:28,133,0,11,133
2022-07-24T19:59:24,133,0,11,133
2022-07-24T20:08:21,133,0,11,133
2022-07-24T20:17:18,133,0,11,133
2022-07-24T20:26:25,133,0,11,133
2022-07-24T20:35:22,133,0,11,133
2022-07-24T20:44:19,133,0,11,133
2022-07-24T20:53:16,133,0,11,133
2022-07-24T21:02:14,133,0,11,133
2022-07-24T21:11:10,133,0,11,133
2022-07-24T21:20:07,133,0,11,133
2022-07-24T21:29:04,133,0,11,133
2022-07-24T21:38:01,133,0,11,133
2022-07-24T21:46:59,133,0,11,133
2022-07-24T21:55:56,133,0,11,133
2022-07-24T22:04:53,133,0,11,133
2022-07-24T22:13:50,133,0,11,133
2022-07-24T22:22:46,133,0,11,133
2022-07-24T22:31:44,133,0,11,133
2022-07-24T22:40:42,133,0,11,133
2022-07-24T22:49:38,133,0,11,133
2022-07-24T22:58:47,133,0,11,133
2022-07-24T23:07:46,133,0,11,133
2022-07-24T23:16:43,133,0,11,133
2022-07-24T23:25:41,133,0,11,133
2022-07-24T23:34:38,133,0,11,133
2022-07-24T23:43:35,133,0,11,133
2022-07-24T23:52:31,133,0,11,133
2022-07-25T00:01:28,133,0,11,133
2022-07-25T00:10:26,133,0,11,133
2022-07-25T00:19:31,133,0,11,133
2022-07-25T00:28:33,133,0,11,133
2022-07-25T00:37:40,133,0,11,133
2022-07-25T00:46:42,133,0,11,133
2022-07-25T00:55:41,133,0,11,133
2022-07-25T01:04:36,133,0,11,133
2022-07-25T01:13:34,133,0,11,133
2022-07-25T01:22:30,133,0,11,133
2022-07-25T01:31:27,133,0,11,133
2022-07-25T01:40:22,133,0,11,133
2022-07-25T01:49:17,133,0,11,133
2022-07-25T01:58:14,133,0,11,133
2022-07-25T02:07:10,133,0,11,133
2022-07-25T02:16:07,133,0,11,133
2022-07-25T02:25:02,133,0,11,133
2022-07-25T02:33:59,133,0,11,133
2022-07-25T02:42:54,133,0,11,133
2022-07-25T02:51:48,133,0,11,133
2022-07-25T03:00:42,133,0,11,133
2022-07-25T03:09:37,133,0,11,133
2022-07-25T03:18:31,133,0,11,133
2022-07-25T03:27:26,133,0,11,133
2022-07-25T03:36:20,133,0,11,133
2022-07-25T03:45:18,133,0,11,133
2022-07-25T03:54:14,133,0,11,133
2022-07-25T04:03:10,133,0,11,133
2022-07-25T04:14:43,133,0,11,133
2022-07-25T04:24:59,133,0,11,133
2022-07-25T04:34:16,133,0,11,133
2022-07-25T04:43:16,133,0,11,133
2022-07-25T04:52:16,133,0,11,133
2022-07-25T05:01:16,133,0,11,133
2022-07-25T05:10:19,133,0,11,133
2022-07-25T05:19:19,133,0,11,133
2022-07-25T05:28:19,133,0,11,133
2022-07-25T05:37:19,133,0,11,133
2022-07-25T05:46:16,133,0,11,133
2022-07-25T05:55:15,133,0,11,133
2022-07-25T06:04:13,133,0,11,133
2022-07-25T06:13:11,133,0,11,133
2022-07-25T06:22:09,133,0,11,133
2022-07-25T06:31:09,133,0,11,133
2022-07-25T06:40:06,133,0,11,133
2022-07-25T06:49:03,133,0,11,133
2022-07-25T06:58:00,133,0,11,133
2022-07-25T07:06:58,133,0,11,133
2022-07-25T07:15:55,133,0,11,133
2022-07-25T07:24:52,133,0,11,133
2022-07-25T07:33:50,133,0,11,133
2022-07-25T07:42:48,133,0,11,133
2022-07-25T07:51:46,133,0,11,133
2022-07-25T08:00:46,133,0,11,133
2022-07-25T08:09:44,133,0,11,133
2022-07-25T08:18:46,133,0,11,133
2022-07-25T08:27:51,133,0,11,133
2022-07-25T08:36:49,133,0,11,133
2022-07-25T08:45:47,133,0,11,133
2022-07-25T08:54:45,133,0,11,133
2022-07-25T09:03:43,133,0,11,133
2022-07-25T09:12:41,133,0,11,133
2022-07-25T09:21:39,133,0,11,133
2022-07-25T09:30:38,133,0,11,133
2022-07-25T09:40:01,133,0,11,133
2022-07-25T09:49:00,133,0,11,133
2022-07-25T09:57:58,133,0,11,133
2022-07-25T10:06:57,133,0,11,133
2022-07-25T10:15:55,133,0,11,133
2022-07-25T10:24:54,133,0,11,133
2022-07-25T10:33:52,133,0,11,133
2022-07-25T10:42:50,133,0,11,133
2022-07-25T10:51:49,133,0,11,133
2022-07-25T11:00:49,133,0,11,133
2022-07-25T11:09:47,133,0,11,133
2022-07-25T11:18:46,133,0,11,133
2022-07-25T11:27:44,133,0,11,133
2022-07-25T11:36:42,133,0,11,133
2022-07-25T11:45:53,133,0,11,133
2022-07-25T11:54:51,133,0,11,133
2022-07-25T12:03:50,133,0,11,133
2022-07-25T12:12:49,133,0,11,133
2022-07-25T12:21:47,133,0,11,133
2022-07-25T12:30:44,133,0,11,133
2022-07-25T12:39:43,133,0,11,133
2022-07-25T12:48:41,133,0,11,133
2022-07-25T12:57:39,133,0,11,133
2022-07-25T13:06:37,133,0,11,133
2022-07-25T13:15:36,133,0,11,133
2022-07-25T13:24:34,133,0,11,133
2022-07-25T13:33:34,133,0,11,133
2022-07-25T13:42:33,133,0,11,133
2022-07-25T13:51:43,133,0,11,133
2022-07-25T14:00:42,133,0,11,133
2022-07-25T14:09:42,133,0,11,133
2022-07-25T14:18:41,133,0,11,133
2022-07-25T14:27:40,133,0,11,133
2022-07-25T14:36:40,133,0,11,133
2022-07-25T14:45:39,133,0,11,133
2022-07-25T14:54:38,133,0,11,133
2022-07-25T15:03:37,133,0,11,133
2022-07-25T15:12:36,133,0,11,133
2022-07-25T15:21:34,133,0,11,133
2022-07-25T15:30:32,133,0,11,133
2022-07-25T15:39:32,133,0,11,133
2022-07-25T15:48:31,133,0,11,133
2022-07-25T15:57:40,133,0,11,133
2022-07-25T16:06:38,133,0,11,133
2022-07-25T16:15:38,133,0,11,133
2022-07-25T16:24:38,133,0,11,133
2022-07-25T16:33:35,133,0,11,133
2022-07-25T16:42:33,133,0,11,133
2022-07-25T16:51:31,133,0,11,133
2022-07-25T17:00:28,133,0,11,133
2022-07-25T17:09:28,133,0,11,133
2022-07-25T17:18:26,133,0,11,133
2022-07-25T17:27:23,133,0,11,133
2022-07-25T17:36:21,133,0,11,133
2022-07-25T17:45:18,133,0,11,133
2022-07-25T17:54:15,133,0,11,133
2022-07-25T18:03:32,133,0,11,133
2022-07-25T18:12:29,132,1,11,133
2022-07-25T18:21:26,132,1,11,133
2022-07-25T18:30:23,132,1,11,133
2022-07-25T18:39:20,132,1,11,133
2022-07-25T18:48:18,132,1,11,133
2022-07-25T18:57:15,132,1,11,133
2022-07-25T19:06:14,132,1,11,133
2022-07-25T19:15:12,132,1,11,133
2022-07-25T19:24:11,132,1,11,133
2022-07-25T19:33:08,132,1,11,133
2022-07-25T19:42:05,132,1,11,133
2022-07-25T19:51:02,132,1,11,133
2022-07-25T20:00:09,132,1,11,133
2022-07-25T20:09:06,132,1,11,133
2022-07-25T20:18:04,132,1,11,133
2022-07-25T20:27:01,132,1,11,133
2022-07-25T20:35:58,132,1,11,133
2022-07-25T20:44:55,132,1,11,133
2022-07-25T20:53:52,132,1,11,133
2022-07-25T21:02:49,132,1,11,133
2022-07-25T21:11:46,132,1,11,133
2022-07-25T21:20:43,132,1,11,133
2022-07-25T21:29:40,132,1,11,133
2022-07-25T21:38:38,132,1,11,133
2022-07-25T21:47:35,132,1,11,133
2022-07-25T21:56:32,132,1,11,133
2022-07-25T22:05:29,132,1,11,133
2022-07-25T22:14:27,132,1,11,133
2022-07-25T22:23:24,132,1,11,133
2022-07-25T22:32:21,133,0,10,133
2022-07-25T22:41:29,133,0,10,133
2022-07-25T22:50:27,133,0,10,133
2022-07-25T22:59:26,133,0,10,133
2022-07-25T23:08:24,133,0,10,133
2022-07-25T23:17:22,133,0,10,133
2022-07-25T23:26:20,133,0,10,133
2022-07-25T23:35:17,133,0,10,133
2022-07-25T23:44:14,133,0,10,133
2022-07-25T23:53:10,133,0,10,133
2022-07-26T00:02:08,133,0,10,133
2022-07-26T00:11:06,133,0,10,133
2022-07-26T00:20:05,133,0,10,133
2022-07-26T00:29:05,133,0,10,133
2022-07-26T00:38:03,133,0,10,133
2022-07-26T00:47:03,133,0,10,133
2022-07-26T00:56:03,133,0,10,133
2022-07-26T01:05:02,133,0,10,133
2022-07-26T01:14:28,133,0,11,133
2022-07-26T01:23:28,133,0,11,133
2022-07-26T01:32:26,133,0,11,133
2022-07-26T01:41:24,133,0,11,133
2022-07-26T01:50:23,133,0,11,133
2022-07-26T01:59:22,133,0,11,133
2022-07-26T02:08:21,133,0,11,133
2022-07-26T02:17:19,133,0,11,133
2022-07-26T02:26:17,133,0,11,133
2022-07-26T02:35:14,133,0,11,133
2022-07-26T02:44:10,133,0,11,133
2022-07-26T02:53:07,133,0,11,133
2022-07-26T03:02:03,133,0,11,133
2022-07-26T03:10:59,133,0,11,133
2022-07-26T03:19:55,133,0,11,133
2022-07-26T03:28:51,133,0,11,133
2022-07-26T03:37:47,133,0,11,133
2022-07-26T03:46:45,133,0,11,133
2022-07-26T03:58:09,133,0,11,133
2022-07-26T04:07:09,133,0,11,133
2022-07-26T04:16:08,133,0,11,133
2022-07-26T04:26:13,133,0,11,133
2022-07-26T04:35:39,133,0,11,133
2022-07-26T04:44:40,133,0,11,133
2022-07-26T04:53:51,133,0,11,133
2022-07-26T05:02:55,133,0,11,133
2022-07-26T05:11:57,133,0,11,133
2022-07-26T05:20:56,133,0,11,133
2022-07-26T05:29:55,133,0,11,133
2022-07-26T05:38:57,133,0,11,133
2022-07-26T05:47:56,133,0,11,133
2022-07-26T05:56:55,133,0,11,133
2022-07-26T06:05:58,133,0,11,133
2022-07-26T06:14:57,133,0,11,133
2022-07-26T06:23:56,133,0,11,133
2022-07-26T06:32:56,133,0,11,133
2022-07-26T06:41:55,133,0,11,133
2022-07-26T06:50:55,133,0,11,133
2022-07-26T06:59:56,133,0,11,133
2022-07-26T07:08:57,133,0,11,133
2022-07-26T07:17:57,133,0,11,133
2022-07-26T07:26:56,133,0,11,133
2022-07-26T07:35:56,133,0,11,133
2022-07-26T07:44:54,133,0,11,133
2022-07-26T07:53:54,133,0,11,133
2022-07-26T08:02:53,133,0,11,133
2022-07-26T08:11:53,133,0,11,133
2022-07-26T08:20:53,133,0,11,133
2022-07-26T08:29:53,133,0,11,133
2022-07-26T08:38:52,133,0,11,133
2022-07-26T08:47:50,133,0,11,133
2022-07-26T08:56:48,133,0,11,133
2022-07-26T09:05:46,133,0,11,133
2022-07-26T09:14:45,133,0,11,133
2022-07-26T09:23:44,133,0,11,133
2022-07-26T09:32:42,133,0,11,133
2022-07-26T09:42:06,133,0,11,133
2022-07-26T09:51:05,133,0,11,133
2022-07-26T10:00:03,133,0,11,133
2022-07-26T10:09:02,133,0,11,133
2022-07-26T10:18:00,133,0,11,133
2022-07-26T10:26:58,133,0,11,133
2022-07-26T10:35:57,133,0,11,133
2022-07-26T10:44:55,133,0,11,133
2022-07-26T10:53:54,133,0,11,133
2022-07-26T11:02:53,133,0,11,133
2022-07-26T11:11:52,133,0,11,133
2022-07-26T11:20:51,133,0,11,133
2022-07-26T11:29:50,133,0,11,133
2022-07-26T11:38:48,133,0,11,133
2022-07-26T11:47:47,133,0,11,133
2022-07-26T11:56:45,133,0,11,133
2022-07-26T12:05:44,133,0,11,133
2022-07-26T12:14:42,133,0,11,133
2022-07-26T12:23:53,133,0,11,133
2022-07-26T12:32:51,133,0,11,133
2022-07-26T12:41:48,133,0,11,133
2022-07-26T12:50:46,133,0,11,133
2022-07-26T12:59:45,133,0,11,133
2022-07-26T13:08:43,133,0,11,133
2022-07-26T13:17:41,133,0,11,133
2022-07-26T13:26:40,133,0,11,133
2022-07-26T13:35:38,133,0,11,133
2022-07-26T13:44:37,133,0,11,133
2022-07-26T13:53:35,133,0,11,133
2022-07-26T14:03:02,133,0,11,133
2022-07-26T14:12:01,133,0,11,133
2022-07-26T14:20:59,133,0,11,133
2022-07-26T14:29:57,133,0,11,133
2022-07-26T14:38:56,133,0,11,133
2022-07-26T14:47:54,133,0,11,133
2022-07-26T14:56:52,133,0,11,133
2022-07-26T15:05:50,133,0,11,133
2022-07-26T15:14:48,133,0,11,133
2022-07-26T15:23:47,133,0,11,133
2022-07-26T15:32:45,133,0,11,133
2022-07-26T15:41:44,133,0,11,133
2022-07-26T15:50:55,133,0,11,133
2022-07-26T15:59:53,133,0,11,133
2022-07-26T16:08:51,133,0,11,133
2022-07-26T16:17:49,133,0,11,133
2022-07-26T16:26:47,133,0,11,133
2022-07-26T16:35:45,133,0,11,133
2022-07-26T16:44:42,133,0,11,133
2022-07-26T16:53:40,133,0,11,133
2022-07-26T17:02:38,133,0,11,133
2022-07-26T17:11:36,133,0,11,133
2022-07-26T17:20:34,133,0,11,133
2022-07-26T17:29:50,133,0,11,133
2022-07-26T17:38:47,133,0,11,133
2022-07-26T17:47:45,133,0,11,133
2022-07-26T17:56:42,133,0,11,133
2022-07-26T18:05:39,133,0,11,133
2022-07-26T18:14:37,133,0,11,133
2022-07-26T18:23:34,133,0,11,133
2022-07-26T18:32:31,133,0,11,133
2022-07-26T18:41:28,133,0,11,133
2022-07-26T18:50:26,133,0,11,133
2022-07-26T18:59:24,133,0,11,133
2022-07-26T19:08:21,133,0,11,133
2022-07-26T19:17:18,133,0,11,133
2022-07-26T19:26:16,133,0,11,133
2022-07-26T19:35:14,133,0,11,133
2022-07-26T19:44:21,133,0,11,133
2022-07-26T19:53:18,133,0,11,133
2022-07-26T20:02:15,133,0,11,133
2022-07-26T20:11:12,133,0,11,133
2022-07-26T20:20:10,133,0,11,133
2022-07-26T20:29:07,133,0,11,133
2022-07-26T20:38:04,133,0,11,133
2022-07-26T20:47:01,133,0,11,133
2022-07-26T20:55:58,133,0,11,133
2022-07-26T21:04:55,133,0,11,133
2022-07-26T21:13:52,133,0,11,133
2022-07-26T21:22:49,133,0,11,133
2022-07-26T21:31:46,133,0,11,133
2022-07-26T21:40:43,133,0,11,133
2022-07-26T21:49:40,133,0,11,133
2022-07-26T21:58:37,133,0,11,133
2022-07-26T22:07:55,133,0,11,133
2022-07-26T22:16:52,133,0,11,133
2022-07-26T22:25:49,133,0,11,133
2022-07-26T22:34:45,133,0,11,133
2022-07-26T22:43:46,133,0,11,133
2022-07-26T22:52:42,133,0,11,133
2022-07-26T23:01:39,133,0,11,133
2022-07-26T23:10:37,133,0,11,133
2022-07-26T23:19:34,133,0,11,133
2022-07-26T23:28:31,133,0,11,133
2022-07-26T23:37:29,133,0,11,133
2022-07-26T23:46:26,133,0,11,133
2022-07-26T23:55:22,133,0,11,133
2022-07-27T00:04:20,133,0,11,133
2022-07-27T00:13:19,133,0,11,133
2022-07-27T00:22:18,133,0,11,133
2022-07-27T00:31:16,133,0,11,133
2022-07-27T00:40:15,133,0,11,133
2022-07-27T00:49:15,133,0,11,133
2022-07-27T00:58:27,133,0,11,133
2022-07-27T01:07:26,133,0,11,133
2022-07-27T01:16:26,133,0,11,133
2022-07-27T01:25:25,133,0,11,133
2022-07-27T01:34:26,133,0,11,133
2022-07-27T01:43:24,133,0,11,133
2022-07-27T01:52:24,133,0,11,133
2022-07-27T02:01:22,133,0,11,133
2022-07-27T02:10:20,133,0,11,133
2022-07-27T02:19:20,133,0,11,133
2022-07-27T02:28:27,133,0,11,133
2022-07-27T02:37:27,133,0,11,133
2022-07-27T02:46:25,133,0,11,133
2022-07-27T02:55:23,133,0,11,133
2022-07-27T03:04:21,133,0,11,133
2022-07-27T03:13:18,133,0,11,133
2022-07-27T03:22:15,133,0,11,133
2022-07-27T03:31:12,133,0,11,133
2022-07-27T03:40:10,133,0,11,133
2022-07-27T03:49:09,133,0,11,133
2022-07-27T03:58:08,133,0,11,133
2022-07-27T04:07:08,133,0,11,133
2022-07-27T04:16:38,133,0,11,133
2022-07-27T04:26:02,133,0,11,133
2022-07-27T04:35:03,133,0,11,133
2022-07-27T04:44:04,133,0,11,133
2022-07-27T04:53:04,133,0,11,133
2022-07-27T05:02:03,133,0,11,133
2022-07-27T05:11:02,133,0,11,133
2022-07-27T05:20:01,133,0,11,133
2022-07-27T05:30:20,133,0,11,133
2022-07-27T05:39:39,133,0,11,133
2022-07-27T05:48:39,133,0,11,133
2022-07-27T05:57:39,133,0,11,133
2022-07-27T06:06:38,133,0,11,133
2022-07-27T06:15:37,133,0,11,133
2022-07-27T06:24:34,133,0,11,133
2022-07-27T06:33:31,133,0,11,133
2022-07-27T06:42:28,133,0,11,133
2022-07-27T08:19:37,133,0,11,133
2022-07-27T08:29:07,133,0,11,133
2022-07-27T08:38:06,133,0,11,133
2022-07-27T08:47:04,133,0,11,133
2022-07-27T08:56:03,133,0,11,133
2022-07-27T09:05:01,133,0,11,133
2022-07-27T09:14:00,133,0,11,133
2022-07-27T09:22:58,133,0,11,133
2022-07-27T09:31:56,133,0,11,133
2022-07-27T09:40:55,133,0,11,133
2022-07-27T09:49:53,133,0,11,133
2022-07-27T09:58:52,133,0,11,133
2022-07-27T10:07:52,133,0,11,133
2022-07-27T10:16:50,133,0,11,133
2022-07-27T10:25:49,133,0,11,133
2022-07-27T10:34:47,133,0,11,133
2022-07-27T10:43:45,133,0,11,133
2022-07-27T10:52:44,133,0,11,133
2022-07-27T11:01:43,133,0,11,133
2022-07-27T11:10:42,133,0,11,133
2022-07-27T11:19:42,133,0,11,133
2022-07-27T11:28:49,133,0,11,133
2022-07-27T11:37:47,133,0,11,133
2022-07-27T11:46:46,133,0,11,133
2022-07-27T11:55:44,133,0,11,133
2022-07-27T12:04:42,133,0,11,133
2022-07-27T12:13:40,133,0,11,133
2022-07-27T12:22:38,133,0,11,133
2022-07-27T12:31:37,133,0,11,133
2022-07-27T12:40:35,133,0,11,133
2022-07-27T12:49:33,133,0,11,133
2022-07-27T12:58:31,133,0,11,133
2022-07-27T13:07:29,133,0,11,133
2022-07-27T13:16:28,133,0,11,133
2022-07-27T13:25:26,133,0,11,133
2022-07-27T13:34:25,133,0,11,133
2022-07-27T13:43:23,133,0,11,133
2022-07-27T13:52:22,133,0,11,133
2022-07-27T14:01:32,133,0,11,133
2022-07-27T14:10:30,133,0,11,133
2022-07-27T14:19:29,133,0,11,133
2022-07-27T14:28:27,133,0,11,133
2022-07-27T14:37:26,133,0,11,133
2022-07-27T14:46:24,133,0,11,133
2022-07-27T14:55:22,133,0,11,133
2022-07-27T15:04:20,133,0,11,133
2022-07-27T15:13:18,133,0,11,133
2022-07-27T15:22:16,133,0,11,133
2022-07-27T15:31:14,133,0,11,133
2022-07-27T15:40:12,133,0,11,133
2022-07-27T15:49:10,133,0,11,133
2022-07-27T15:58:09,133,0,11,133
2022-07-27T16:07:19,133,0,11,133
2022-07-27T16:16:18,133,0,11,133
2022-07-27T16:25:15,133,0,11,133
2022-07-27T16:34:13,133,0,11,133
2022-07-27T16:43:10,133,0,11,133
2022-07-27T16:52:08,133,0,11,133
2022-07-27T17:01:06,133,0,11,133
2022-07-27T17:10:04,133,0,11,133
2022-07-27T17:19:01,133,0,11,133
2022-07-27T17:27:59,133,0,11,133
2022-07-27T17:36:56,133,0,11,133
2022-07-27T17:45:53,133,0,11,133
2022-07-27T17:54:50,133,0,11,133
2022-07-27T18:03:48,133,0,11,133
2022-07-27T18:12:56,133,0,11,133
2022-07-27T18:21:53,133,0,11,133
2022-07-27T18:30:51,133,0,11,133
2022-07-27T18:39:48,133,0,11,133
2022-07-27T18:48:45,133,0,11,133
2022-07-27T18:57:42,133,0,11,133
2022-07-27T19:06:40,133,0,11,133
2022-07-27T19:15:37,133,0,11,133
2022-07-27T19:24:34,133,0,11,133
2022-07-27T19:33:32,133,0,11,133
2022-07-27T19:42:29,133,0,11,133
2022-07-27T19:51:25,133,0,11,133
2022-07-27T20:00:23,133,0,11,133
2022-07-27T20:09:20,133,0,11,133
2022-07-27T20:18:17,133,0,11,133
2022-07-27T20:27:14,133,0,11,133
2022-07-27T20:36:11,133,0,11,133
2022-07-27T20:45:09,133,0,11,133
2022-07-27T20:54:16,133,0,11,133
2022-07-27T21:03:13,133,0,11,133
2022-07-27T21:12:10,133,0,11,133
2022-07-27T21:21:08,133,0,11,133
2022-07-27T21:30:06,133,0,11,133
2022-07-27T21:39:04,133,0,11,133
2022-07-27T21:48:01,133,0,11,133
2022-07-27T21:57:00,133,0,11,133
2022-07-27T22:05:56,133,0,11,133
2022-07-27T22:14:54,133,0,11,133
2022-07-27T22:23:51,133,0,11,133
2022-07-27T22:32:48,133,0,11,133
2022-07-27T22:41:45,133,0,11,133
2022-07-27T22:50:42,133,0,11,133
2022-07-27T22:59:40,133,0,11,133
2022-07-27T23:08:38,133,0,11,133
2022-07-27T23:17:35,133,0,11,133
2022-07-27T23:26:33,133,0,11,133
2022-07-27T23:35:30,133,0,11,133
2022-07-27T23:44:27,133,0,11,133
2022-07-27T23:53:24,133,0,11,133
2022-07-28T00:02:22,133,0,11,133
2022-07-28T00:11:20,133,0,11,133
2022-07-28T00:20:20,133,0,11,133
2022-07-28T00:29:18,133,0,11,133
2022-07-28T00:38:38,133,0,11,133
2022-07-28T00:47:48,133,0,11,133
2022-07-28T00:56:49,133,0,11,133
2022-07-28T01:05:47,133,0,11,133
2022-07-28T01:14:46,133,0,11,133
2022-07-28T01:23:44,133,0,11,133
2022-07-28T01:32:44,133,0,11,133
2022-07-28T01:41:43,133,0,11,133
2022-07-28T01:50:42,133,0,11,133
2022-07-28T01:59:41,133,0,11,133
2022-07-28T02:08:39,133,0,11,133
2022-07-28T02:17:37,133,0,11,133
2022-07-28T02:26:34,133,0,11,133
2022-07-28T02:35:31,133,0,11,133
2022-07-28T02:44:27,133,0,11,133
2022-07-28T02:53:24,133,0,11,133
2022-07-28T03:02:20,133,0,11,133
2022-07-28T03:11:17,133,0,11,133
2022-07-28T03:20:13,133,0,11,133
2022-07-28T03:29:09,133,0,11,133
2022-07-28T03:38:06,133,0,11,133
2022-07-28T03:47:05,133,0,11,133
2022-07-28T03:56:03,133,0,11,133
2022-07-28T04:05:02,133,0,11,133
2022-07-28T04:16:17,133,0,11,133
2022-07-28T04:25:20,133,0,11,133
2022-07-28T04:34:44,133,0,11,133
2022-07-28T04:43:45,133,0,11,133
2022-07-28T04:52:45,133,0,11,133
2022-07-28T05:01:46,133,0,11,133
2022-07-28T05:10:48,133,0,11,133
2022-07-28T05:19:47,133,0,11,133
2022-07-28T05:28:47,133,0,11,133
2022-07-28T05:37:46,133,0,11,133
2022-07-28T05:46:45,133,0,11,133
2022-07-28T05:55:47,133,0,11,133
2022-07-28T06:04:48,133,0,11,133
2022-07-28T06:13:47,133,0,11,133
2022-07-28T06:22:46,133,0,11,133
2022-07-28T06:31:44,133,0,11,133
2022-07-28T06:40:43,133,0,11,133
2022-07-28T06:49:40,133,0,11,133
2022-07-28T06:58:39,133,0,11,133
2022-07-28T07:07:43,133,0,11,133
2022-07-28T07:16:42,133,0,11,133
2022-07-28T07:25:40,133,0,11,133
2022-07-28T07:34:39,133,0,11,133
2022-07-28T07:43:38,133,0,11,133
2022-07-28T07:52:37,133,0,11,133
2022-07-28T08:01:36,133,0,11,133
2022-07-28T08:10:38,133,0,11,133
2022-07-28T08:19:37,133,0,11,133
2022-07-28T08:28:37,133,0,11,133
2022-07-28T08:37:35,133,0,11,133
2022-07-28T08:46:33,133,0,11,133
2022-07-28T08:55:31,133,0,11,133
2022-07-28T09:04:28,133,0,11,133
2022-07-28T09:13:26,133,0,11,133
2022-07-28T09:22:25,133,0,11,133
2022-07-28T09:31:26,133,0,11,133
2022-07-28T09:40:25,133,0,11,133
2022-07-28T09:49:34,133,0,11,133
2022-07-28T09:58:36,133,0,11,133
2022-07-28T10:07:41,133,0,11,133
2022-07-28T10:16:46,133,0,11,133
2022-07-28T10:25:51,133,0,11,133
2022-07-28T10:34:55,133,0,11,133
2022-07-28T10:44:01,133,0,11,133
2022-07-28T10:53:06,133,0,11,133
2022-07-28T11:02:12,133,0,11,133
2022-07-28T11:11:16,133,0,11,133
2022-07-28T11:20:21,133,0,11,133
2022-07-28T11:29:24,133,0,11,133
2022-07-28T11:38:38,133,0,11,133
2022-07-28T11:47:39,133,0,11,133
2022-07-28T11:56:39,133,0,11,133
2022-07-28T12:05:37,133,0,11,133
2022-07-28T12:14:34,133,0,11,133
2022-07-28T12:23:32,133,0,11,133
2022-07-28T12:32:30,133,0,11,133
2022-07-28T12:41:27,133,0,11,133
2022-07-28T12:50:25,133,0,11,133
2022-07-28T12:59:23,133,0,11,133
2022-07-28T13:08:20,133,0,11,133
2022-07-28T13:17:18,133,0,11,133
2022-07-28T13:26:16,133,0,11,133
2022-07-28T13:35:14,133,0,11,133
2022-07-28T13:44:13,133,0,11,133
2022-07-28T13:53:11,133,0,11,133
2022-07-28T14:02:11,133,0,11,133
2022-07-28T14:11:09,133,0,11,133
2022-07-28T14:20:07,133,0,11,133
2022-07-28T14:29:06,133,0,11,133
2022-07-28T14:38:04,133,0,11,133
2022-07-28T14:47:14,133,0,11,133
2022-07-28T14:56:13,133,0,11,133
2022-07-28T15:05:12,133,0,11,133
2022-07-28T15:14:10,133,0,11,133
2022-07-28T15:23:08,133,0,11,133
2022-07-28T15:32:06,133,0,11,133
2022-07-28T15:41:05,133,0,11,133
2022-07-28T15:50:03,133,0,11,133
2022-07-28T15:59:02,133,0,11,133
2022-07-28T16:08:00,133,0,11,133
2022-07-28T16:16:57,133,0,11,133
2022-07-28T16:25:55,133,0,11,133
2022-07-28T16:35:05,133,0,11,133
2022-07-28T16:44:03,133,0,11,133
2022-07-28T16:53:01,133,0,11,133
2022-07-28T17:01:59,133,0,11,133
2022-07-28T17:10:57,133,0,11,133
2022-07-28T17:19:55,133,0,11,133
2022-07-28T17:28:52,133,0,11,133
2022-07-28T17:37:50,133,0,11,133
2022-07-28T17:46:48,133,0,11,133
2022-07-28T17:55:45,133,0,11,133
2022-07-28T18:04:43,133,0,11,133
2022-07-28T18:13:41,133,0,11,133
2022-07-28T18:22:39,133,0,11,133
2022-07-28T18:31:36,133,0,11,133
2022-07-28T18:40:34,133,0,11,133
2022-07-28T18:49:32,133,0,11,133
2022-07-28T18:58:30,133,0,11,133
2022-07-28T19:07:28,133,0,11,133
2022-07-28T19:16:37,133,0,11,133
2022-07-28T19:25:35,133,0,11,133
2022-07-28T19:34:32,133,0,11,133
2022-07-28T19:43:29,133,0,11,133
2022-07-28T19:52:26,133,0,11,133
2022-07-28T20:01:23,133,0,11,133
2022-07-28T20:10:21,133,0,11,133
2022-07-28T20:19:17,133,0,11,133
2022-07-28T20:28:14,133,0,11,133
2022-07-28T20:37:11,133,0,11,133
2022-07-28T20:46:15,133,0,11,133
2022-07-28T20:55:24,133,0,11,133
2022-07-28T21:04:31,133,0,11,133
2022-07-28T21:13:37,133,0,11,133
2022-07-28T21:22:47,133,0,11,133
2022-07-28T21:31:58,133,0,11,133
2022-07-28T21:41:12,133,0,11,133
2022-07-28T21:50:25,133,0,11,133
2022-07-28T21:59:34,133,0,11,133
2022-07-28T22:08:57,133,0,11,133
2022-07-28T22:18:10,133,0,11,133
2022-07-28T22:27:20,133,0,11,133
2022-07-28T22:36:28,133,0,11,133
2022-07-28T22:45:36,133,0,11,133
2022-07-28T22:54:44,133,0,11,133
2022-07-28T23:03:53,133,0,11,133
2022-07-28T23:13:03,133,0,11,133
2022-07-28T23:22:11,133,0,11,133
2022-07-28T23:31:17,133,0,11,133
2022-07-28T23:40:18,133,0,11,133
2022-07-28T23:49:20,133,0,11,133
2022-07-28T23:58:21,133,0,11,133
2022-07-29T00:07:18,133,0,11,133
2022-07-29T00:16:19,133,0,11,133
2022-07-29T00:25:19,133,0,11,133
2022-07-29T00:34:17,133,0,11,133
2022-07-29T00:43:30,133,0,11,133
2022-07-29T00:52:30,133,0,11,133
2022-07-29T01:01:30,133,0,11,133
2022-07-29T01:10:30,133,0,11,133
2022-07-29T01:19:30,133,0,11,133
2022-07-29T01:28:31,133,0,11,133
2022-07-29T01:37:30,133,0,11,133
2022-07-29T01:46:28,133,0,11,133
2022-07-29T01:55:28,133,0,11,133
2022-07-29T02:04:26,133,0,11,133
2022-07-29T02:13:25,133,0,11,133
2022-07-29T02:22:23,133,0,11,133
2022-07-29T02:31:22,133,0,11,133
2022-07-29T02:40:20,133,0,11,133
2022-07-29T02:49:20,133,0,11,133
2022-07-29T02:58:21,133,0,11,133
2022-07-29T03:07:27,133,0,11,133
2022-07-29T03:16:26,133,0,11,133
2022-07-29T03:25:24,133,0,11,133
2022-07-29T03:34:22,133,0,11,133
2022-07-29T03:43:23,133,0,11,133
2022-07-29T03:52:22,133,0,11,133
2022-07-29T04:01:21,133,0,11,133
2022-07-29T04:18:24,133,0,11,133
2022-07-29T04:27:49,133,0,11,133
2022-07-29T04:36:50,133,0,11,133
2022-07-29T04:45:50,133,0,11,133
2022-07-29T04:54:50,133,0,11,133
2022-07-29T05:03:50,133,0,11,133
2022-07-29T05:12:51,133,0,11,133
2022-07-29T05:21:51,133,0,11,133
2022-07-29T05:30:51,133,0,11,133
2022-07-29T05:39:51,133,0,11,133
2022-07-29T05:48:50,133,0,11,133
2022-07-29T05:57:49,133,0,11,133
2022-07-29T06:06:48,133,0,11,133
2022-07-29T06:15:47,133,0,11,133
2022-07-29T06:24:45,133,0,11,133
2022-07-29T06:33:44,133,0,11,133
2022-07-29T06:42:44,133,0,11,133
2022-07-29T06:51:41,133,0,11,133
2022-07-29T07:00:39,133,0,11,133
2022-07-29T07:09:37,133,0,11,133
2022-07-29T07:18:34,133,0,11,133
2022-07-29T07:27:32,133,0,11,133
2022-07-29T07:36:30,133,0,11,133
2022-07-29T07:45:27,133,0,11,133
2022-07-29T07:54:25,133,0,11,133
2022-07-29T08:03:23,133,0,11,133
2022-07-29T08:12:20,133,0,11,133
2022-07-29T08:21:17,133,0,11,133
2022-07-29T08:30:16,133,0,11,133
2022-07-29T08:39:13,133,0,11,133
2022-07-29T08:48:11,133,0,11,133
2022-07-29T08:57:08,133,0,11,133
2022-07-29T09:06:15,133,0,11,133
2022-07-29T09:15:13,133,0,11,133
2022-07-29T09:24:11,133,0,11,133
2022-07-29T09:33:09,133,0,11,133
2022-07-29T09:42:06,133,0,11,133
2022-07-29T09:51:04,133,0,11,133
2022-07-29T10:00:04,133,0,11,133
2022-07-29T10:09:02,133,0,11,133
2022-07-29T10:18:01,133,0,12,133
2022-07-29T10:26:59,133,0,12,133
2022-07-29T10:35:58,133,0,12,133
2022-07-29T10:44:56,133,0,12,133
2022-07-29T10:53:54,133,0,12,133
2022-07-29T11:02:52,133,0,12,133
2022-07-29T11:11:51,133,0,12,133
2022-07-29T11:20:50,133,0,12,133
2022-07-29T11:30:01,133,0,12,133
2022-07-29T11:39:00,133,0,12,133
2022-07-29T11:47:58,133,0,12,133
2022-07-29T11:56:56,133,0,12,133
2022-07-29T12:05:55,133,0,12,133
2022-07-29T12:14:53,133,0,12,133
2022-07-29T12:23:50,133,0,12,133
2022-07-29T12:32:49,133,0,12,133
2022-07-29T12:41:46,133,0,12,133
2022-07-29T12:50:45,133,0,12,133
2022-07-29T12:59:43,133,0,12,133
2022-07-29T13:08:41,133,0,12,133
2022-07-29T13:17:39,133,0,12,133
2022-07-29T13:26:38,133,0,12,133
2022-07-29T13:35:46,133,0,12,133
2022-07-29T13:44:45,133,0,12,133
2022-07-29T13:53:44,133,0,12,133
2022-07-29T14:02:43,133,0,12,133
2022-07-29T14:11:41,133,0,12,133
2022-07-29T14:20:41,133,0,12,133
2022-07-29T14:29:40,133,0,12,133
2022-07-29T14:38:40,133,0,12,133
2022-07-29T14:47:39,133,0,12,133
2022-07-29T14:56:39,133,0,12,133
2022-07-29T15:05:38,133,0,12,133
2022-07-29T15:14:40,133,0,12,133
2022-07-29T15:23:40,133,0,12,133
2022-07-29T15:32:40,133,0,12,133
2022-07-29T15:41:51,133,0,12,133
2022-07-29T15:50:50,133,0,12,133
2022-07-29T15:59:50,133,0,12,133
2022-07-29T16:08:51,133,0,12,133
2022-07-29T16:17:51,133,0,12,133
2022-07-29T16:26:51,133,0,12,133
2022-07-29T16:35:51,133,0,12,133
2022-07-29T16:44:52,133,0,12,133
2022-07-29T16:53:51,133,0,12,133
2022-07-29T17:02:51,133,0,12,133
2022-07-29T17:11:51,133,0,12,133
2022-07-29T17:20:51,133,0,12,133
2022-07-29T17:30:01,133,0,12,133
2022-07-29T17:39:00,133,0,12,133
2022-07-29T17:48:01,133,0,12,133
2022-07-29T17:57:01,133,0,12,133
2022-07-29T18:06:01,133,0,12,133
2022-07-29T18:15:01,133,0,12,133
2022-07-29T18:24:01,133,0,12,133
2022-07-29T18:33:00,133,0,12,133
2022-07-29T18:41:59,133,0,12,133
2022-07-29T18:50:59,133,0,12,133
2022-07-29T18:59:59,133,0,12,133
2022-07-29T19:08:58,133,0,12,133
2022-07-29T19:17:58,133,0,12,133
2022-07-29T19:26:57,133,0,12,133
2022-07-29T19:35:57,133,0,12,133
2022-07-29T19:45:07,133,0,12,133
2022-07-29T19:54:06,133,0,12,133
2022-07-29T20:03:05,133,0,12,133
2022-07-29T20:12:07,133,0,12,133
2022-07-29T20:21:06,133,0,12,133
2022-07-29T20:30:06,133,0,12,133
2022-07-29T20:39:05,133,0,12,133
2022-07-29T20:48:04,133,0,12,133
2022-07-29T20:57:03,133,0,12,133
2022-07-29T21:06:01,133,0,12,133
2022-07-29T21:15:00,133,0,12,133
2022-07-29T21:24:01,133,0,12,133
2022-07-29T21:33:00,133,0,12,133
2022-07-29T21:41:59,133,0,12,133
2022-07-29T21:50:58,133,0,12,133
2022-07-29T22:00:07,133,0,12,133
2022-07-29T22:09:07,133,0,12,133
2022-07-29T22:18:07,133,0,12,133
2022-07-29T22:27:07,133,0,12,133
2022-07-29T22:36:06,133,0,12,133
2022-07-29T22:45:06,133,0,12,133
2022-07-29T22:54:05,133,0,12,133
2022-07-29T23:03:04,133,0,12,133
2022-07-29T23:12:04,133,0,12,133
2022-07-29T23:21:04,133,0,12,133
2022-07-29T23:30:03,133,0,12,133
2022-07-29T23:39:03,133,0,12,133
2022-07-29T23:48:02,133,0,12,133
2022-07-29T23:57:01,133,0,12,133
2022-07-30T00:06:01,133,0,12,133
2022-07-30T00:15:02,133,0,12,133
2022-07-30T00:24:04,133,0,12,133
2022-07-30T00:33:04,133,0,12,133
2022-07-30T00:42:06,133,0,12,133
2022-07-30T00:51:21,133,0,12,133
2022-07-30T01:00:22,133,0,12,133
2022-07-30T01:09:23,133,0,12,133
2022-07-30T01:18:24,133,0,12,133
2022-07-30T01:27:25,133,0,12,133
2022-07-30T01:36:27,133,0,12,133
2022-07-30T01:45:27,133,0,12,133
2022-07-30T01:54:27,133,0,12,133
2022-07-30T02:03:27,133,0,12,133
2022-07-30T02:12:27,133,0,12,133
2022-07-30T02:21:27,133,0,12,133
2022-07-30T02:30:27,133,0,12,133
2022-07-30T02:39:28,133,0,12,133
2022-07-30T02:48:26,133,0,12,133
2022-07-30T02:57:25,133,0,12,133
2022-07-30T03:06:24,133,0,12,133
2022-07-30T03:15:22,133,0,12,133
2022-07-30T03:24:21,133,0,12,133
2022-07-30T03:33:19,133,0,12,133
2022-07-30T03:42:20,133,0,12,133
2022-07-30T03:51:20,133,0,12,133
2022-07-30T04:02:33,133,0,12,133
2022-07-30T04:18:42,133,0,12,133
2022-07-30T04:28:08,133,0,12,133
2022-07-30T04:37:10,133,0,12,133
2022-07-30T04:46:15,133,0,12,133
2022-07-30T04:55:16,133,0,12,133
2022-07-30T05:04:16,133,0,12,133
2022-07-30T05:13:17,133,0,12,133
2022-07-30T05:22:24,133,0,12,133
2022-07-30T05:31:26,133,0,12,133
2022-07-30T05:40:28,133,0,12,133
2022-07-30T05:49:29,133,0,12,133
2022-07-30T05:58:30,133,0,12,133
2022-07-30T06:07:31,133,0,12,133
2022-07-30T06:16:31,133,0,12,133
2022-07-30T06:25:32,133,0,12,133
2022-07-30T06:34:34,133,0,12,133
2022-07-30T06:43:35,133,0,12,133
2022-07-30T06:52:36,133,0,12,133
2022-07-30T07:01:37,133,0,12,133
2022-07-30T07:10:39,133,0,12,133
2022-07-30T07:19:41,133,0,12,133
2022-07-30T07:28:44,133,0,12,133
2022-07-30T07:37:45,133,0,12,133
2022-07-30T07:46:46,133,0,12,133
2022-07-30T07:55:47,133,0,12,133
2022-07-30T08:04:48,133,0,12,133
2022-07-30T08:13:49,133,0,12,133
2022-07-30T08:22:51,133,0,12,133
2022-07-30T08:31:52,133,0,12,133
2022-07-30T08:40:54,133,0,12,133
2022-07-30T08:49:55,133,0,12,133
2022-07-30T08:58:56,133,0,12,133
2022-07-30T09:07:57,133,0,12,133
2022-07-30T09:16:59,133,0,12,133
2022-07-30T09:25:59,133,0,12,133
2022-07-30T09:35:01,133,0,12,133
2022-07-30T09:44:02,133,0,12,133
2022-07-30T09:53:03,133,0,12,133
2022-07-30T10:02:04,133,0,12,133
2022-07-30T10:11:03,133,0,12,133
2022-07-30T10:20:04,133,0,12,133
2022-07-30T10:29:05,133,0,12,133
2022-07-30T10:38:06,133,0,12,133
2022-07-30T10:47:07,133,0,12,133
2022-07-30T10:56:07,133,0,12,133
2022-07-30T11:05:06,133,0,12,133
2022-07-30T11:14:06,133,0,12,133
2022-07-30T11:23:08,133,0,12,133
2022-07-30T11:32:08,133,0,12,133
2022-07-30T11:41:07,133,0,12,133
2022-07-30T11:50:06,133,0,12,133
2022-07-30T11:59:05,133,0,12,133
2022-07-30T12:08:04,133,0,12,133
2022-07-30T12:17:03,133,0,12,133
2022-07-30T12:26:10,133,0,12,133
2022-07-30T12:35:09,133,0,12,133
2022-07-30T12:44:09,133,0,12,133
2022-07-30T12:53:07,133,0,12,133
2022-07-30T13:02:06,133,0,12,133
2022-07-30T13:11:06,133,0,12,133
2022-07-30T13:20:05,133,0,12,133
2022-07-30T13:29:05,133,0,12,133
2022-07-30T13:38:03,133,0,12,133
2022-07-30T13:47:02,133,0,12,133
2022-07-30T13:56:01,133,0,12,133
2022-07-30T14:04:59,133,0,12,133
2022-07-30T14:13:58,133,0,12,133
2022-07-30T14:22:57,133,0,12,133
2022-07-30T14:31:56,133,0,12,133
2022-07-30T14:40:54,133,0,12,133
2022-07-30T14:49:53,133,0,12,133
2022-07-30T14:58:52,133,0,12,133
2022-07-30T15:07:51,133,0,12,133
2022-07-30T15:16:50,133,0,12,133
2022-07-30T15:25:49,133,0,12,133
2022-07-30T15:34:47,133,0,12,133
2022-07-30T15:43:46,133,0,12,133
2022-07-30T15:52:45,133,0,12,133
2022-07-30T16:01:44,133,0,12,133
2022-07-30T16:10:42,133,0,12,133
2022-07-30T16:19:54,133,0,12,133
2022-07-30T16:28:53,133,0,12,133
2022-07-30T16:37:51,133,0,12,133
2022-07-30T16:46:50,133,0,12,133
2022-07-30T16:55:49,133,0,12,133
2022-07-30T17:04:47,133,0,12,133
2022-07-30T17:13:47,133,0,12,133
2022-07-30T17:22:47,133,0,12,133
2022-07-30T17:31:46,133,0,12,133
2022-07-30T17:40:45,133,0,12,133
2022-07-30T17:49:43,133,0,12,133
2022-07-30T17:58:42,133,0,12,133
2022-07-30T18:07:41,133,0,12,133
2022-07-30T18:16:39,133,0,12,133
2022-07-30T18:25:38,133,0,12,133
2022-07-30T18:34:36,133,0,12,133
2022-07-30T18:43:36,133,0,12,133
2022-07-30T18:52:35,133,0,12,133
2022-07-30T19:01:33,133,0,12,133
2022-07-30T19:10:33,133,0,12,133
2022-07-30T19:19:31,133,0,12,133
2022-07-30T19:28:40,133,0,12,133
2022-07-30T19:37:38,133,0,12,133
2022-07-30T19:46:37,133,0,12,133
2022-07-30T19:55:35,133,0,12,133
2022-07-30T20:04:34,133,0,12,133
2022-07-30T20:13:33,133,0,12,133
2022-07-30T20:22:32,133,0,12,133
2022-07-30T20:31:30,133,0,12,133
2022-07-30T20:40:29,133,0,12,133
2022-07-30T20:49:28,133,0,12,133
2022-07-30T20:58:26,133,0,12,133
2022-07-30T21:07:25,133,0,12,133
2022-07-30T21:16:24,133,0,12,133
2022-07-30T21:25:22,133,0,12,133
2022-07-30T21:34:21,133,0,12,133
2022-07-30T21:43:20,133,0,12,133
2022-07-30T21:52:19,133,0,12,133
2022-07-30T22:01:18,133,0,12,133
2022-07-30T22:10:17,133,0,12,133
2022-07-30T22:19:15,133,0,12,133
2022-07-30T22:28:14,133,0,12,133
2022-07-30T22:37:12,133,0,12,133
2022-07-30T22:46:12,133,0,12,133
2022-07-30T22:55:21,133,0,12,133
2022-07-30T23:04:20,133,0,12,133
2022-07-30T23:13:21,133,0,12,133
2022-07-30T23:22:20,133,0,12,133
2022-07-30T23:31:19,133,0,12,133
2022-07-30T23:40:18,133,0,12,133
2022-07-30T23:49:17,133,0,12,133
2022-07-30T23:58:15,133,0,12,133
2022-07-31T00:07:15,133,0,12,133
2022-07-31T00:16:16,133,0,12,133
2022-07-31T00:25:16,133,0,12,133
2022-07-31T00:34:17,133,0,12,133
2022-07-31T00:43:18,133,0,12,133
2022-07-31T00:52:19,133,0,12,133
2022-07-31T01:01:20,133,0,12,133
2022-07-31T01:10:21,133,0,12,133
2022-07-31T01:19:21,133,0,12,133
2022-07-31T01:28:21,133,0,12,133
2022-07-31T01:37:21,133,0,12,133
2022-07-31T01:46:21,133,0,12,133
2022-07-31T01:55:21,133,0,12,133
2022-07-31T02:04:30,133,0,12,133
2022-07-31T02:13:30,133,0,12,133
2022-07-31T02:22:31,133,0,12,133
2022-07-31T02:31:33,133,0,12,133
2022-07-31T02:40:33,133,0,12,133
2022-07-31T02:49:32,133,0,12,133
2022-07-31T02:58:31,133,0,12,133
2022-07-31T03:07:30,133,0,12,133
2022-07-31T03:16:30,133,0,12,133
2022-07-31T03:25:29,133,0,12,133
2022-07-31T03:34:29,133,0,12,133
2022-07-31T03:43:30,133,0,12,133
2022-07-31T03:52:30,133,0,12,133
2022-07-31T04:01:31,133,0,12,133
2022-07-31T04:10:35,133,0,12,133
2022-07-31T04:21:39,133,0,12,133
2022-07-31T04:31:05,133,0,12,133
2022-07-31T04:40:08,133,0,12,133
2022-07-31T04:49:11,133,0,12,133
2022-07-31T04:58:13,133,0,12,133
2022-07-31T05:07:16,133,0,12,133
2022-07-31T05:16:18,133,0,12,133
2022-07-31T05:25:20,133,0,12,133
2022-07-31T05:34:22,133,0,12,133
2022-07-31T05:43:22,133,0,12,133
2022-07-31T05:52:22,133,0,12,133
2022-07-31T06:01:22,133,0,12,133
2022-07-31T06:10:22,133,0,12,133
2022-07-31T06:19:23,133,0,12,133
2022-07-31T06:28:23,133,0,12,133
2022-07-31T06:37:22,133,0,12,133
2022-07-31T06:46:21,133,0,12,133
2022-07-31T06:55:20,133,0,12,133
2022-07-31T07:04:19,133,0,12,133
2022-07-31T07:13:18,133,0,12,133
2022-07-31T07:22:17,133,0,12,133
2022-07-31T07:31:16,133,0,12,133
2022-07-31T07:40:16,133,0,12,133
2022-07-31T07:49:15,133,0,12,133
2022-07-31T07:58:14,133,0,12,133
2022-07-31T08:07:13,133,0,12,133
2022-07-31T08:16:12,133,0,12,133
2022-07-31T08:25:12,133,0,12,133
2022-07-31T08:34:15,133,0,12,133
2022-07-31T08:43:15,133,0,12,133
2022-07-31T08:52:15,133,0,12,133
2022-07-31T09:01:15,133,0,12,133
2022-07-31T09:10:14,133,0,12,133
2022-07-31T09:19:13,133,0,12,133
2022-07-31T09:28:13,133,0,12,133
2022-07-31T09:37:12,133,0,12,133
2022-07-31T09:46:12,133,0,12,133
2022-07-31T09:55:11,133,0,12,133
2022-07-31T10:04:10,133,0,12,133
2022-07-31T10:13:11,133,0,12,133
2022-07-31T10:22:11,133,0,12,133
2022-07-31T10:31:10,133,0,12,133
2022-07-31T10:40:11,133,0,12,133
2022-07-31T10:49:12,133,0,12,133
2022-07-31T10:58:12,133,0,12,133
2022-07-31T11:07:11,133,0,12,133
2022-07-31T11:16:10,133,0,12,133
2022-07-31T11:25:10,133,0,12,133
2022-07-31T11:34:10,133,0,12,133
2022-07-31T11:43:09,133,0,12,133
2022-07-31T11:52:08,133,0,12,133
2022-07-31T12:01:16,133,0,12,133
2022-07-31T12:10:15,133,0,12,133
2022-07-31T12:19:14,133,0,12,133
2022-07-31T12:28:14,133,0,12,133
2022-07-31T12:37:13,133,0,12,133
2022-07-31T12:46:13,133,0,12,133
2022-07-31T12:55:12,133,0,12,133
2022-07-31T13:04:11,133,0,12,133
2022-07-31T13:13:10,133,0,12,133
2022-07-31T13:22:08,133,0,12,133
2022-07-31T13:31:07,133,0,12,133
2022-07-31T13:40:06,133,0,12,133
2022-07-31T13:49:05,133,0,12,133
2022-07-31T13:58:04,133,0,12,133
2022-07-31T14:07:03,133,0,12,133
2022-07-31T14:16:02,133,0,12,133
2022-07-31T14:25:01,133,0,12,133
2022-07-31T14:34:00,133,0,12,133
2022-07-31T14:42:58,133,0,12,133
2022-07-31T14:51:57,133,0,12,133
2022-07-31T15:01:09,133,0,12,133
2022-07-31T15:10:08,133,0,12,133
2022-07-31T15:19:06,133,0,12,133
2022-07-31T15:28:05,133,0,12,133
2022-07-31T15:37:04,133,0,12,133
2022-07-31T15:46:03,133,0,12,133
2022-07-31T15:55:02,133,0,12,133
2022-07-31T16:04:01,133,0,12,133
2022-07-31T16:13:00,133,0,12,133
2022-07-31T16:21:59,133,0,12,133
2022-07-31T16:30:58,133,0,12,133
2022-07-31T16:39:57,133,0,12,133
2022-07-31T16:48:55,133,0,12,133
2022-07-31T16:57:54,133,0,12,133
2022-07-31T17:06:53,133,0,12,133
2022-07-31T17:16:02,133,0,12,133
2022-07-31T17:25:01,133,0,12,133
2022-07-31T17:34:01,133,0,12,133
2022-07-31T17:43:02,133,0,12,133
2022-07-31T17:52:02,133,0,12,133
2022-07-31T18:01:00,133,0,12,133
2022-07-31T18:10:00,133,0,12,133
2022-07-31T18:18:59,133,0,12,133
2022-07-31T18:27:58,133,0,12,133
2022-07-31T18:36:57,133,0,12,133
2022-07-31T18:45:55,133,0,12,133
2022-07-31T18:54:54,133,0,12,133
2022-07-31T19:03:55,133,0,12,133
2022-07-31T19:12:55,133,0,12,133
2022-07-31T19:21:58,133,0,12,133
2022-07-31T19:30:57,133,0,12,133
2022-07-31T19:39:56,133,0,12,133
2022-07-31T19:49:05,133,0,12,133
2022-07-31T19:58:03,133,0,12,133
2022-07-31T20:07:04,133,0,12,133
2022-07-31T20:16:05,133,0,12,133
2022-07-31T20:25:05,133,0,12,133
2022-07-31T20:34:09,133,0,12,133
2022-07-31T20:43:14,133,0,12,133
2022-07-31T20:52:13,133,0,12,133
2022-07-31T21:01:13,133,0,12,133
2022-07-31T21:10:12,133,0,12,133
2022-07-31T21:19:11,133,0,12,133
2022-07-31T21:28:11,133,0,12,133
2022-07-31T21:37:10,133,0,12,133
2022-07-31T21:46:11,133,0,12,133
2022-07-31T21:55:11,133,0,12,133
2022-07-31T22:04:21,133,0,12,133
2022-07-31T22:13:20,133,0,12,133
2022-07-31T22:22:19,133,0,12,133
2022-07-31T22:31:19,133,0,12,133
2022-07-31T22:40:19,133,0,12,133
2022-07-31T22:49:18,133,0,12,133
2022-07-31T22:58:18,133,0,12,133
2022-07-31T23:07:19,133,0,12,133
2022-07-31T23:16:19,133,0,12,133
2022-07-31T23:25:19,133,0,12,133
2022-07-31T23:34:19,133,0,12,133
2022-07-31T23:43:20,133,0,12,133
2022-07-31T23:52:30,133,0,12,133
2022-08-01T00:01:30,133,0,12,133
2022-08-01T00:10:30,133,0,12,133
2022-08-01T00:19:30,133,0,12,133
2022-08-01T00:28:29,133,0,12,133
2022-08-01T00:37:27,133,0,12,133
2022-08-01T00:46:25,133,0,12,133
2022-08-01T00:55:23,133,0,12,133
2022-08-01T01:04:21,133,0,12,133
2022-08-01T01:13:18,133,0,12,133
2022-08-01T01:22:17,133,0,12,133
2022-08-01T01:31:16,133,0,12,133
2022-08-01T01:40:14,133,0,12,133
2022-08-01T01:49:10,133,0,12,133
2022-08-01T01:58:07,133,0,12,133
2022-08-01T02:07:03,133,0,12,133
2022-08-01T02:16:00,133,0,12,133
2022-08-01T02:25:10,133,0,12,133
2022-08-01T02:34:12,133,0,12,133
2022-08-01T02:43:14,133,0,12,133
2022-08-01T02:52:16,133,0,12,133
2022-08-01T03:01:18,133,0,12,133
2022-08-01T03:10:19,133,0,12,133
2022-08-01T03:19:19,133,0,12,133
2022-08-01T03:28:18,133,0,12,133
2022-08-01T03:37:17,133,0,12,133
2022-08-01T03:46:18,133,0,12,133
2022-08-01T03:57:08,133,0,12,133
2022-08-01T04:06:29,133,0,12,133
2022-08-01T04:15:29,133,0,12,133
2022-08-01T04:27:20,133,0,12,133
2022-08-01T04:36:45,133,0,12,133
2022-08-01T04:45:48,133,0,12,133
2022-08-01T04:54:51,133,0,12,133
2022-08-01T05:03:54,133,0,12,133
2022-08-01T05:12:58,133,0,12,133
2022-08-01T05:22:00,133,0,12,133
2022-08-01T05:31:02,133,0,12,133
2022-08-01T05:40:04,133,0,12,133
2022-08-01T05:49:08,133,0,12,133
2022-08-01T05:58:11,133,0,12,133
2022-08-01T06:07:13,133,0,12,133
2022-08-01T06:16:16,133,0,12,133
2022-08-01T06:25:18,133,0,12,133
2022-08-01T06:34:19,133,0,12,133
2022-08-01T06:43:20,133,0,12,133
2022-08-01T06:52:19,133,0,12,133
2022-08-01T07:01:19,133,0,12,133
2022-08-01T07:10:22,133,0,12,133
2022-08-01T07:19:22,133,0,12,133
2022-08-01T07:28:23,133,0,12,133
2022-08-01T07:37:23,133,0,12,133
2022-08-01T07:46:22,133,0,12,133
2022-08-01T07:55:22,133,0,12,133
2022-08-01T08:04:22,133,0,12,133
2022-08-01T08:13:23,133,0,12,133
2022-08-01T08:22:25,133,0,12,133
2022-08-01T08:31:26,133,0,12,133
2022-08-01T08:40:27,133,0,12,133
2022-08-01T08:49:37,133,0,12,133
2022-08-01T08:58:39,133,0,12,133
2022-08-01T09:07:44,133,0,12,133
2022-08-01T09:16:46,133,0,12,133
2022-08-01T09:25:48,133,0,12,133
2022-08-01T09:34:49,133,0,12,133
2022-08-01T09:43:52,133,0,12,133
2022-08-01T09:52:53,133,0,12,133
2022-08-01T10:02:08,133,0,12,133
2022-08-01T10:11:10,133,0,12,133
2022-08-01T10:20:12,133,0,12,133
2022-08-01T10:29:14,133,0,12,133
2022-08-01T10:38:16,133,0,12,133
2022-08-01T10:47:30,133,0,12,133
2022-08-01T10:56:33,133,0,12,133
2022-08-01T11:05:35,133,0,12,133
2022-08-01T11:14:37,133,0,12,133
2022-08-01T11:23:53,133,0,12,133
2022-08-01T11:32:57,133,0,12,133
2022-08-01T11:42:02,133,0,12,133
2022-08-01T11:51:07,133,0,12,133
2022-08-01T12:00:10,133,0,12,133
2022-08-01T12:09:25,133,0,12,133
2022-08-01T12:18:27,133,0,12,133
2022-08-01T12:27:30,133,0,12,133
2022-08-01T12:36:32,133,0,12,133
2022-08-01T12:45:45,133,0,12,133
2022-08-01T12:54:47,133,0,12,133
2022-08-01T13:03:49,133,0,12,133
2022-08-01T13:12:51,133,0,12,133
2022-08-01T13:21:53,133,0,12,133
2022-08-01T13:31:05,133,0,12,133
2022-08-01T13:40:07,133,0,12,133
2022-08-01T13:49:09,133,0,12,133
2022-08-01T13:58:11,133,0,12,133
2022-08-01T14:07:13,133,0,12,133
2022-08-01T14:16:26,133,0,12,133
2022-08-01T14:25:28,133,0,12,133
2022-08-01T14:34:29,133,0,12,133
2022-08-01T14:43:31,133,0,12,133
2022-08-01T14:52:43,133,0,12,133
2022-08-01T15:01:45,133,0,12,133
2022-08-01T15:10:47,133,0,12,133
2022-08-01T15:19:49,133,0,12,133
2022-08-01T15:29:01,133,0,12,133
2022-08-01T15:38:03,133,0,12,133
2022-08-01T15:47:04,133,0,12,133
2022-08-01T15:56:07,133,0,12,133
2022-08-01T16:05:09,133,0,12,133
2022-08-01T16:14:09,133,0,12,133
2022-08-01T16:23:20,133,0,12,133
2022-08-01T16:32:21,133,0,12,133
2022-08-01T16:41:22,133,0,12,133
2022-08-01T16:50:23,133,0,12,133
2022-08-01T16:59:24,133,0,12,133
2022-08-01T17:08:25,133,0,12,133
2022-08-01T17:17:36,133,0,12,133
2022-08-01T17:26:37,133,0,12,133
2022-08-01T17:35:37,133,0,12,133
2022-08-01T17:44:37,133,0,12,133
2022-08-01T17:53:37,133,0,12,133
2022-08-01T18:02:37,133,0,12,133
2022-08-01T18:11:38,133,0,12,133
2022-08-01T18:20:49,133,0,12,133
2022-08-01T18:29:50,133,0,12,133
2022-08-01T18:38:50,133,0,12,133
2022-08-01T18:47:50,133,0,12,133
2022-08-01T18:56:50,133,0,12,133
2022-08-01T19:05:51,133,0,12,133
2022-08-01T19:14:51,133,0,12,133
2022-08-01T19:23:51,133,0,12,133
2022-08-01T19:33:03,133,0,12,133
2022-08-01T19:42:03,133,0,12,133
2022-08-01T19:51:03,133,0,12,133
2022-08-01T20:00:04,133,0,12,133
2022-08-01T20:09:03,133,0,12,133
2022-08-01T20:18:06,133,0,12,133
2022-08-01T20:27:17,133,0,12,133
2022-08-01T20:36:16,133,0,12,133
2022-08-01T20:45:16,133,0,12,133
2022-08-01T20:54:16,133,0,12,133
2022-08-01T21:03:16,133,0,12,133
2022-08-01T21:12:16,133,0,12,133
2022-08-01T21:21:15,133,0,12,133
2022-08-01T21:30:16,133,0,12,133
2022-08-01T21:39:27,133,0,12,133
2022-08-01T21:48:27,133,0,12,133
2022-08-01T21:57:27,133,0,12,133
2022-08-01T22:06:26,133,0,12,133
2022-08-01T22:15:25,133,0,12,133
2022-08-01T22:24:25,133,0,12,133
2022-08-01T22:33:25,133,0,12,133
2022-08-01T22:42:25,133,0,12,133
2022-08-01T22:51:36,133,0,12,133
2022-08-01T23:00:35,133,0,12,133
2022-08-01T23:09:38,133,0,12,133
2022-08-01T23:18:38,133,0,12,133
2022-08-01T23:27:38,133,0,12,133
2022-08-01T23:36:38,133,0,12,133
2022-08-01T23:45:38,133,0,12,133
2022-08-01T23:54:37,133,0,12,133
2022-08-02T00:03:37,133,0,12,133
2022-08-02T00:12:38,133,0,12,133
2022-08-02T00:21:52,133,0,12,133
2022-08-02T00:30:53,133,0,12,133
2022-08-02T00:39:54,133,0,12,133
2022-08-02T00:48:57,133,0,12,133
2022-08-02T00:57:58,133,0,12,133
2022-08-02T01:07:00,133,0,12,133
2022-08-02T01:16:01,133,0,12,133
2022-08-02T01:25:03,133,0,12,133
2022-08-02T01:34:04,133,0,12,133
2022-08-02T01:43:05,133,0,12,133
2022-08-02T01:52:07,133,0,12,133
2022-08-02T02:01:08,133,0,12,133
2022-08-02T02:10:09,133,0,12,133
2022-08-02T02:19:09,133,0,12,133
2022-08-02T02:28:08,133,0,12,133
2022-08-02T02:37:07,133,0,12,133
2022-08-02T02:46:07,133,0,12,133
2022-08-02T02:55:06,133,0,12,133
2022-08-02T03:04:14,133,0,12,133
2022-08-02T03:13:13,133,0,12,133
2022-08-02T03:22:12,133,0,12,133
2022-08-02T03:31:11,133,0,12,133
2022-08-02T03:40:10,133,0,12,133
2022-08-02T03:49:11,133,0,12,133
2022-08-02T03:58:13,133,0,12,133
2022-08-02T04:09:54,133,0,12,133
2022-08-02T04:18:54,133,0,12,133
2022-08-02T04:30:05,133,0,12,133
2022-08-02T04:39:36,133,0,12,133
2022-08-02T04:48:40,133,0,12,133
2022-08-02T04:57:43,133,0,12,133
2022-08-02T05:06:48,133,0,12,133
2022-08-02T05:15:50,133,0,12,133
2022-08-02T05:24:51,133,0,12,133
2022-08-02T05:33:51,133,0,12,133
2022-08-02T05:42:52,133,0,12,133
2022-08-02T05:51:52,133,0,12,133
2022-08-02T06:00:52,133,0,12,133
2022-08-02T06:09:52,133,0,12,133
2022-08-02T06:18:52,133,0,12,133
2022-08-02T06:27:54,133,0,12,133
2022-08-02T06:36:58,133,0,12,133
2022-08-02T06:46:00,133,0,12,133
2022-08-02T06:55:01,133,0,12,133
2022-08-02T07:04:04,133,0,12,133
2022-08-02T07:13:08,133,0,12,133
2022-08-02T07:22:12,133,0,12,133
2022-08-02T07:31:14,133,0,12,133
2022-08-02T07:40:16,133,0,12,133
2022-08-02T07:49:17,133,0,12,133
2022-08-02T07:58:20,133,0,12,133
2022-08-02T08:07:23,133,0,12,133
2022-08-02T08:16:26,133,0,12,133
2022-08-02T08:25:29,133,0,12,133
2022-08-02T08:34:31,133,0,12,133
2022-08-02T08:43:33,133,0,12,133
2022-08-02T08:52:34,133,0,12,133
2022-08-02T09:01:46,133,0,12,133
2022-08-02T09:10:49,133,0,12,133
2022-08-02T09:19:50,133,0,12,133
2022-08-02T09:28:52,133,0,12,133
2022-08-02T09:37:54,133,0,12,133
2022-08-02T09:46:56,133,0,12,133
2022-08-02T09:55:58,133,0,12,133
2022-08-02T10:05:00,133,0,12,133
2022-08-02T10:14:03,133,0,12,133
2022-08-02T10:23:06,133,0,12,133
2022-08-02T10:32:20,133,0,12,133
2022-08-02T10:41:26,133,0,12,133
2022-08-02T10:50:34,133,0,12,133
2022-08-02T10:59:37,133,0,12,133
2022-08-02T11:08:39,133,0,12,133
2022-08-02T11:17:41,133,0,12,133
2022-08-02T11:26:54,133,0,12,133
2022-08-02T11:35:56,133,0,12,133
2022-08-02T11:44:58,133,0,12,133
2022-08-02T11:54:00,133,0,12,133
2022-08-02T12:03:01,133,0,12,133
2022-08-02T12:12:03,133,0,12,133
2022-08-02T12:21:04,133,0,12,133
2022-08-02T12:30:16,133,0,12,133
2022-08-02T12:39:17,133,0,12,133
2022-08-02T12:48:18,133,0,12,133
2022-08-02T12:57:20,133,0,12,133
2022-08-02T13:06:31,133,0,12,133
2022-08-02T13:15:32,133,0,12,133
2022-08-02T13:24:34,133,0,12,133
2022-08-02T13:33:36,133,0,12,133
2022-08-02T13:42:37,133,0,12,133
2022-08-02T13:51:39,133,0,12,133
2022-08-02T14:00:53,133,0,12,133
2022-08-02T14:09:55,133,0,12,133
2022-08-02T14:18:58,133,0,12,133
2022-08-02T14:28:00,133,0,12,133
2022-08-02T14:37:02,133,0,12,133
2022-08-02T14:46:04,133,0,12,133
2022-08-02T14:55:06,133,0,12,133
2022-08-02T15:04:19,133,0,12,133
2022-08-02T15:13:21,133,0,12,133
2022-08-02T15:22:24,133,0,12,133
2022-08-02T15:31:25,133,0,12,133
2022-08-02T15:40:28,133,0,12,133
2022-08-02T15:49:29,133,0,12,133
2022-08-02T15:58:31,133,0,12,133
2022-08-02T16:07:33,133,0,12,133
2022-08-02T16:16:48,133,0,12,133
2022-08-02T16:25:53,133,0,12,133
2022-08-02T16:34:56,133,0,12,133
2022-08-02T16:43:58,133,0,12,133
2022-08-02T16:53:00,133,0,12,133
2022-08-02T17:02:01,133,0,12,133
2022-08-02T17:11:02,133,0,12,133
2022-08-02T17:20:03,133,0,12,133
2022-08-02T17:29:03,133,0,12,133
2022-08-02T17:38:03,133,0,12,133
2022-08-02T17:47:03,133,0,12,133
2022-08-02T17:56:14,133,0,12,133
2022-08-02T18:05:15,133,0,12,133
2022-08-02T18:14:15,133,0,12,133
2022-08-02T18:23:16,133,0,12,133
2022-08-02T18:32:16,133,0,12,133
2022-08-02T18:41:19,133,0,12,133
2022-08-02T18:50:19,133,0,12,133
2022-08-02T18:59:19,133,0,12,133
2022-08-02T19:08:31,133,0,12,133
2022-08-02T19:17:32,133,0,12,133
2022-08-02T19:26:33,133,0,12,133
2022-08-02T19:35:33,132,1,12,133
2022-08-02T19:44:33,132,1,12,133
2022-08-02T19:53:32,132,1,12,133
2022-08-02T20:02:32,132,1,12,133
2022-08-02T20:11:32,132,1,12,133
2022-08-02T20:20:44,132,1,12,133
2022-08-02T20:29:44,132,1,12,133
2022-08-02T20:38:44,132,1,12,133
2022-08-02T20:47:44,132,1,12,133
2022-08-02T20:56:44,132,1,12,133
2022-08-02T21:05:44,132,1,12,133
2022-08-02T21:14:44,132,1,12,133
2022-08-02T21:23:44,132,1,12,133
2022-08-02T21:32:55,132,1,12,133
2022-08-02T21:41:54,132,1,12,133
2022-08-02T21:50:54,132,1,12,133
2022-08-02T21:59:54,132,1,12,133
2022-08-02T22:08:54,132,1,12,133
2022-08-02T22:17:53,132,1,12,133
2022-08-02T22:26:53,133,0,11,133
2022-08-02T22:36:04,133,0,11,133
2022-08-02T22:45:04,133,0,11,133
2022-08-02T22:54:04,133,0,11,133
2022-08-02T23:03:05,133,0,11,133
2022-08-02T23:12:07,133,0,11,133
2022-08-02T23:21:07,133,0,11,133
2022-08-02T23:30:07,133,0,11,133
2022-08-02T23:39:18,133,0,11,133
2022-08-02T23:48:17,133,0,11,133
2022-08-02T23:57:17,133,0,11,133
2022-08-03T00:06:31,133,0,11,133
2022-08-03T00:15:33,133,0,11,133
2022-08-03T00:24:35,133,0,11,133
2022-08-03T00:33:36,133,0,11,133
2022-08-03T00:42:49,133,0,11,133
2022-08-03T00:51:50,133,0,11,133
2022-08-03T01:00:53,133,0,11,133
2022-08-03T01:09:55,133,0,11,133
2022-08-03T01:18:58,133,0,11,133
2022-08-03T01:27:59,133,0,11,133
2022-08-03T01:37:00,133,0,11,133
2022-08-03T01:46:12,133,0,11,133
2022-08-03T01:55:16,133,0,11,133
2022-08-03T02:04:18,133,0,11,133
2022-08-03T02:13:19,133,0,11,133
2022-08-03T02:22:20,133,0,11,133
2022-08-03T02:31:21,133,0,11,133
2022-08-03T02:40:23,133,0,11,133
2022-08-03T02:49:25,133,0,11,133
2022-08-03T02:58:27,133,0,11,133
2022-08-03T03:07:27,133,0,11,133
2022-08-03T03:16:27,133,0,11,133
2022-08-03T03:25:27,133,0,11,133
2022-08-03T03:34:27,133,0,11,133
2022-08-03T03:43:28,133,0,11,133
2022-08-03T03:52:58,133,0,11,133
2022-08-03T04:04:07,133,0,11,133
2022-08-03T04:17:00,133,0,11,133
2022-08-03T04:26:29,133,0,11,133
2022-08-03T04:35:33,133,0,11,133
2022-08-03T04:44:35,133,0,11,133
2022-08-03T04:53:36,133,0,11,133
2022-08-03T05:02:38,133,0,11,133
2022-08-03T05:11:42,133,0,11,133
2022-08-03T05:20:45,133,0,11,133
2022-08-03T05:29:50,133,0,11,133
2022-08-03T05:38:53,133,0,11,133
2022-08-03T05:47:55,133,0,11,133
2022-08-03T05:56:57,133,0,11,133
2022-08-03T06:05:59,133,0,11,133
2022-08-03T06:15:01,133,0,11,133
2022-08-03T06:24:03,133,0,11,133
2022-08-03T06:33:05,133,0,11,133
2022-08-03T06:42:06,133,0,11,133
2022-08-03T06:51:06,133,0,11,133
2022-08-03T07:00:05,133,0,11,133
2022-08-03T07:09:07,133,0,11,133
2022-08-03T07:18:07,133,0,11,133
2022-08-03T07:27:08,133,0,11,133
2022-08-03T07:36:08,133,0,11,133
2022-08-03T07:45:34,133,0,11,133
2022-08-03T07:54:34,133,0,11,133
2022-08-03T08:03:34,133,0,11,133
2022-08-03T08:12:35,133,0,11,133
2022-08-03T08:21:36,133,0,11,133
2022-08-03T08:30:37,133,0,11,133
2022-08-03T08:39:37,133,0,11,133
2022-08-03T08:48:38,133,0,11,133
2022-08-03T08:57:39,133,0,11,133
2022-08-03T09:06:39,133,0,11,133
2022-08-03T09:15:40,133,0,11,133
2022-08-03T09:24:43,133,0,11,133
2022-08-03T09:33:55,133,0,11,133
2022-08-03T09:42:56,133,0,11,133
2022-08-03T09:51:58,133,0,11,133
2022-08-03T10:00:59,133,0,12,133
2022-08-03T10:10:01,133,0,11,133
2022-08-03T10:19:03,133,0,11,133
2022-08-03T10:28:05,133,0,11,133
2022-08-03T10:37:06,133,0,11,133
2022-08-03T10:46:08,133,0,11,133
2022-08-03T10:55:23,133,0,11,133
2022-08-03T11:04:26,133,0,11,133
2022-08-03T11:13:28,133,0,11,133
2022-08-03T11:22:30,133,0,11,133
2022-08-03T11:31:31,133,0,11,133
2022-08-03T11:40:32,133,0,11,133
2022-08-03T11:49:44,133,0,11,133
2022-08-03T11:58:45,133,0,11,133
2022-08-03T12:07:46,133,0,11,133
2022-08-03T12:16:47,133,0,11,133
2022-08-03T12:25:47,133,0,11,133
2022-08-03T12:34:48,133,0,11,133
2022-08-03T12:43:59,133,0,11,133
2022-08-03T12:52:59,133,0,11,133
2022-08-03T13:02:00,133,0,11,133
2022-08-03T13:11:01,133,0,11,133
2022-08-03T13:20:02,133,0,11,133
2022-08-03T13:29:04,133,0,11,133
2022-08-03T13:38:05,133,0,11,133
2022-08-03T13:47:31,133,0,11,133
2022-08-03T13:56:32,133,0,11,133
2022-08-03T14:05:34,133,0,11,133
2022-08-03T14:14:35,133,0,11,133
2022-08-03T14:23:37,133,0,11,133
2022-08-03T14:32:39,133,0,11,133
2022-08-03T14:41:43,133,0,11,133
2022-08-03T14:50:45,133,0,11,133
2022-08-03T14:59:57,133,0,11,133
2022-08-03T15:08:59,133,0,11,133
2022-08-03T15:18:00,133,0,11,133
2022-08-03T15:27:02,133,0,11,133
2022-08-03T15:36:14,133,0,11,133
2022-08-03T15:45:15,133,0,11,133
2022-08-03T15:54:16,133,0,11,133
2022-08-03T16:03:18,133,0,11,133
2022-08-03T16:12:20,133,0,11,133
2022-08-03T16:21:21,133,0,11,133
2022-08-03T16:30:22,133,0,11,133
2022-08-03T16:39:22,133,0,11,133
2022-08-03T16:48:23,133,0,11,133
2022-08-03T16:57:24,133,0,11,133
2022-08-03T17:06:45,133,0,11,133
2022-08-03T17:15:47,133,0,11,133
2022-08-03T17:24:48,133,0,11,133
2022-08-03T17:33:48,133,0,11,133
2022-08-03T17:42:49,133,0,11,133
2022-08-03T17:51:50,133,0,11,133
2022-08-03T18:00:52,133,0,11,133
2022-08-03T18:09:52,133,0,11,133
2022-08-03T18:18:53,133,0,11,133
2022-08-03T18:27:53,133,0,11,133
2022-08-03T18:37:05,133,0,11,133
2022-08-03T18:46:06,133,0,11,133
2022-08-03T18:55:06,133,0,11,133
2022-08-03T19:04:06,133,0,11,133
2022-08-03T19:13:07,133,0,11,133
2022-08-03T19:22:07,133,0,11,133
2022-08-03T19:31:08,133,0,11,133
2022-08-03T19:40:36,133,0,11,133
2022-08-03T19:49:36,133,0,11,133
2022-08-03T19:58:36,133,0,11,133
2022-08-03T20:07:36,133,0,11,133
2022-08-03T20:16:36,133,0,11,133
2022-08-03T20:25:36,133,0,11,133
2022-08-03T20:34:37,133,0,11,133
2022-08-03T20:43:37,133,0,11,133
2022-08-03T20:52:37,133,0,11,133
2022-08-03T21:01:38,133,0,11,133
2022-08-03T21:10:50,133,0,11,133
2022-08-03T21:19:50,133,0,11,133
2022-08-03T21:28:49,133,0,11,133
2022-08-03T21:37:49,133,0,11,133
2022-08-03T21:46:49,133,0,11,133
2022-08-03T21:55:49,133,0,11,133
2022-08-03T22:04:51,133,0,11,133
2022-08-03T22:13:51,133,0,11,133
2022-08-03T22:22:52,133,0,11,133
2022-08-03T22:31:52,133,0,11,133
2022-08-03T22:40:52,133,0,11,133
2022-08-03T22:50:02,133,0,11,133
2022-08-03T22:59:01,133,0,11,133
2022-08-03T23:08:02,133,0,11,133
2022-08-03T23:17:03,133,0,11,133
2022-08-03T23:26:04,133,0,11,133
2022-08-03T23:35:04,133,0,11,133
2022-08-03T23:44:04,133,0,11,133
2022-08-03T23:53:04,133,0,11,133
2022-08-04T00:02:06,133,0,11,133
2022-08-04T00:11:07,133,0,11,133
2022-08-04T00:20:11,133,0,11,133
2022-08-04T00:29:13,133,0,11,133
2022-08-04T00:38:34,133,0,11,133
2022-08-04T00:47:37,133,0,11,133
2022-08-04T00:56:39,133,0,11,133
2022-08-04T01:05:42,133,0,11,133
2022-08-04T01:14:44,133,0,11,133
2022-08-04T01:23:46,133,0,11,133
2022-08-04T01:32:48,133,0,11,133
2022-08-04T01:41:49,133,0,11,133
2022-08-04T01:50:51,133,0,11,133
2022-08-04T01:59:55,133,0,11,133
2022-08-04T02:08:56,133,0,11,133
2022-08-04T02:17:56,133,0,11,133
2022-08-04T02:26:56,133,0,11,133
2022-08-04T02:35:55,133,0,11,133
2022-08-04T02:44:55,133,0,11,133
2022-08-04T02:53:55,133,0,11,133
2022-08-04T03:02:54,133,0,11,133
2022-08-04T03:11:54,133,0,11,133
2022-08-04T03:20:53,133,0,11,133
2022-08-04T03:29:52,133,0,11,133
2022-08-04T03:38:52,133,0,11,133
2022-08-04T03:47:53,133,0,11,133
2022-08-04T03:56:54,133,0,11,133
2022-08-04T04:07:28,133,0,11,133
2022-08-04T04:18:29,133,0,11,133
2022-08-04T04:27:55,133,0,11,133
2022-08-04T04:36:58,133,0,11,133
2022-08-04T04:46:00,133,0,11,133
2022-08-04T04:55:03,133,0,11,133
2022-08-04T05:04:04,133,0,11,133
2022-08-04T05:13:04,133,0,11,133
2022-08-04T05:22:05,133,0,11,133
2022-08-04T05:31:09,133,0,11,133
2022-08-04T05:40:18,133,0,11,133
2022-08-04T05:49:20,133,0,11,133
2022-08-04T05:58:23,133,0,11,133
2022-08-04T06:07:26,133,0,11,133
2022-08-04T06:16:28,133,0,11,133
2022-08-04T06:25:30,133,0,11,133
2022-08-04T06:34:32,133,0,11,133
2022-08-04T06:43:34,133,0,11,133
2022-08-04T06:52:36,133,0,11,133
2022-08-04T07:01:38,133,0,11,133
2022-08-04T07:10:43,133,0,11,133
2022-08-04T07:19:45,133,0,11,133
2022-08-04T07:28:47,133,0,11,133
2022-08-04T07:37:49,133,0,11,133
2022-08-04T07:46:51,133,0,11,133
2022-08-04T07:55:53,133,0,11,133
2022-08-04T08:04:55,133,0,11,133
2022-08-04T08:13:57,133,0,11,133
2022-08-04T08:22:59,133,0,11,133
2022-08-04T08:32:02,133,0,11,133
2022-08-04T08:41:05,133,0,11,133
2022-08-04T08:50:07,133,0,11,133
2022-08-04T08:59:10,133,0,11,133
2022-08-04T09:08:41,133,0,11,133
2022-08-04T09:17:42,133,0,11,133
2022-08-04T09:26:44,133,0,11,133
2022-08-04T09:35:45,133,0,11,133
2022-08-04T09:44:47,133,0,11,133
2022-08-04T09:53:48,133,0,11,133
2022-08-04T10:02:49,133,0,11,133
2022-08-04T10:11:50,133,0,11,133
2022-08-04T10:20:52,133,0,11,133
2022-08-04T10:29:53,133,0,11,133
2022-08-04T10:38:55,133,0,11,133
2022-08-04T10:47:57,133,0,11,133
2022-08-04T10:57:14,133,0,11,133
2022-08-04T11:06:17,133,0,11,133
2022-08-04T11:15:19,133,0,11,133
2022-08-04T11:24:20,133,0,11,133
2022-08-04T11:33:22,133,0,11,133
2022-08-04T11:42:23,133,0,11,133
2022-08-04T11:51:25,133,0,11,133
2022-08-04T12:00:25,133,0,11,133
2022-08-04T12:09:27,133,0,11,133
2022-08-04T12:18:29,133,0,11,133
2022-08-04T12:27:42,133,0,11,133
2022-08-04T12:36:43,133,0,11,133
2022-08-04T12:45:45,133,0,11,133
2022-08-04T12:54:47,133,0,11,133
2022-08-04T13:03:48,133,0,11,133
2022-08-04T13:12:50,133,0,11,133
2022-08-04T13:21:51,133,0,11,133
2022-08-04T13:30:52,133,0,11,133
2022-08-04T13:39:53,133,0,11,133
2022-08-04T13:48:54,133,0,11,133
2022-08-04T13:58:07,133,0,11,133
2022-08-04T14:07:08,133,0,11,133
2022-08-04T14:16:10,133,0,11,133
2022-08-04T14:25:13,133,0,11,133
2022-08-04T14:34:17,133,0,11,133
2022-08-04T14:43:19,133,0,11,133
2022-08-04T14:52:21,133,0,11,133
2022-08-04T15:01:22,133,0,11,133
2022-08-04T15:10:23,133,0,11,133
2022-08-04T15:19:24,133,0,11,133
2022-08-04T15:28:26,133,0,11,133
2022-08-04T15:37:37,133,0,11,133
2022-08-04T15:46:39,133,0,11,133
2022-08-04T15:55:40,133,0,11,133
2022-08-04T16:04:42,133,0,11,133
2022-08-04T16:13:44,133,0,11,133
2022-08-04T16:22:45,133,0,11,133
2022-08-04T16:31:48,133,0,11,133
2022-08-04T16:40:49,133,0,11,133
2022-08-04T16:49:50,133,0,11,133
2022-08-04T16:58:51,133,0,11,133
2022-08-04T17:08:21,133,0,11,133
2022-08-04T17:17:22,133,0,11,133
2022-08-04T17:26:23,133,0,11,133
2022-08-04T17:35:26,133,0,11,133
2022-08-04T17:44:27,133,0,11,133
2022-08-04T17:53:27,133,0,11,133
2022-08-04T18:02:27,133,0,11,133
2022-08-04T18:11:28,133,0,11,133
2022-08-04T18:20:28,133,0,11,133
2022-08-04T18:29:29,133,0,11,133
2022-08-04T18:38:39,133,0,11,133
2022-08-04T18:47:38,133,0,11,133
2022-08-04T18:56:38,133,0,11,133
2022-08-04T19:05:38,133,0,11,133
2022-08-04T19:14:38,133,0,11,133
2022-08-04T19:23:38,133,0,11,133
2022-08-04T19:32:39,133,0,11,133
2022-08-04T19:41:39,133,0,11,133
2022-08-04T19:50:39,133,0,11,133
2022-08-04T19:59:39,133,0,11,133
2022-08-04T20:08:39,133,0,11,133
2022-08-04T20:17:40,133,0,11,133
2022-08-04T20:26:53,133,0,11,133
2022-08-04T20:36:18,133,0,11,133
2022-08-04T20:45:33,133,0,11,133
2022-08-04T20:54:42,133,0,11,133
2022-08-04T21:03:55,133,0,11,133
2022-08-04T21:13:11,133,0,11,133
2022-08-04T21:22:30,133,0,11,133
2022-08-04T21:32:23,133,0,11,133
2022-08-04T21:41:43,133,0,11,133
2022-08-04T21:50:57,133,0,11,133
2022-08-04T22:00:08,133,0,11,133
2022-08-04T22:09:19,133,0,11,133
2022-08-04T22:18:29,133,0,11,133
2022-08-04T22:27:40,133,0,11,133
2022-08-04T22:36:50,133,0,11,133
2022-08-04T22:45:55,133,0,11,133
2022-08-04T22:55:00,133,0,11,133
2022-08-04T23:04:03,133,0,11,133
2022-08-04T23:13:05,133,0,11,133
2022-08-04T23:22:05,133,0,11,133
2022-08-04T23:31:05,133,0,11,133
2022-08-04T23:40:05,133,0,11,133
2022-08-04T23:49:05,133,0,11,133
2022-08-04T23:58:06,133,0,11,133
2022-08-05T00:07:18,133,0,11,133
2022-08-05T00:16:21,133,0,11,133
2022-08-05T00:25:23,133,0,11,133
2022-08-05T00:34:25,133,0,11,133
2022-08-05T00:43:27,133,0,11,133
2022-08-05T00:52:29,133,0,11,133
2022-08-05T01:01:34,133,0,11,133
2022-08-05T01:10:36,133,0,11,133
2022-08-05T01:19:39,133,0,11,133
2022-08-05T01:28:41,133,0,11,133
2022-08-05T01:37:43,133,0,11,133
2022-08-05T01:46:44,133,0,11,133
2022-08-05T01:55:46,133,0,11,133
2022-08-05T02:04:49,133,0,11,133
2022-08-05T02:13:51,133,0,11,133
2022-08-05T02:22:55,133,0,11,133
2022-08-05T02:32:10,133,0,11,133
2022-08-05T02:41:12,133,0,11,133
2022-08-05T02:50:13,133,0,11,133
2022-08-05T02:59:14,133,0,11,133
2022-08-05T03:08:16,133,0,11,133
2022-08-05T03:17:15,133,0,11,133
2022-08-05T03:26:15,133,0,11,133
2022-08-05T03:35:15,133,0,11,133
2022-08-05T03:44:17,133,0,11,133
2022-08-05T03:55:42,133,0,11,133
2022-08-05T04:04:44,133,0,11,133
2022-08-05T04:15:30,133,0,11,133
2022-08-05T04:24:57,133,0,11,133
2022-08-05T04:34:03,133,0,11,133
2022-08-05T04:43:06,133,0,11,133
2022-08-05T04:52:11,133,0,11,133
2022-08-05T05:01:14,133,0,11,133
2022-08-05T05:10:18,133,0,11,133
2022-08-05T05:19:21,133,0,11,133
2022-08-05T05:28:23,133,0,11,133
2022-08-05T05:37:24,133,0,11,133
2022-08-05T05:46:26,133,0,11,133
2022-08-05T05:55:29,133,0,11,133
2022-08-05T06:04:31,133,0,11,133
2022-08-05T06:13:32,133,0,11,133
2022-08-05T06:22:33,133,0,11,133
2022-08-05T06:31:34,133,0,11,133
2022-08-05T06:40:34,133,0,11,133
2022-08-05T06:49:34,133,0,11,133
2022-08-05T06:58:34,133,0,11,133
2022-08-05T07:07:34,133,0,11,133
2022-08-05T07:16:34,133,0,11,133
2022-08-05T07:25:34,133,0,11,133
2022-08-05T07:34:35,133,0,11,133
2022-08-05T07:43:37,133,0,11,133
2022-08-05T07:52:38,133,0,11,133
2022-08-05T08:01:38,133,0,11,133
2022-08-05T08:10:38,133,0,11,133
2022-08-05T08:19:40,133,0,11,133
2022-08-05T08:28:41,133,0,11,133
2022-08-05T08:37:41,133,0,11,133
2022-08-05T08:46:42,133,0,11,133
2022-08-05T08:55:42,133,0,11,133
2022-08-05T09:04:43,133,0,11,133
2022-08-05T09:13:47,133,0,11,133
2022-08-05T09:22:48,133,0,11,133
2022-08-05T09:31:49,133,0,11,133
2022-08-05T09:40:50,133,0,11,133
2022-08-05T09:49:50,133,0,11,133
2022-08-05T09:58:51,133,0,11,133
2022-08-05T10:07:53,133,0,11,133
2022-08-05T10:16:54,133,0,11,133
2022-08-05T10:25:55,133,0,11,133
2022-08-05T10:34:56,133,0,11,133
2022-08-05T10:44:10,133,0,11,133
2022-08-05T10:53:11,133,0,11,133
2022-08-05T11:02:12,133,0,11,133
2022-08-05T11:11:14,133,0,11,133
2022-08-05T11:20:15,133,0,11,133
2022-08-05T11:29:18,133,0,11,133
2022-08-05T11:38:20,133,0,11,133
2022-08-05T11:47:21,133,0,11,133
2022-08-05T11:56:21,133,0,11,133
2022-08-05T12:05:22,133,0,11,133
2022-08-05T12:14:22,133,0,11,133
2022-08-05T12:23:22,133,0,11,133
2022-08-05T12:32:23,133,0,11,133
2022-08-05T12:41:25,133,0,11,133
2022-08-05T12:50:38,133,0,11,133
2022-08-05T12:59:39,133,0,11,133
2022-08-05T13:08:40,133,0,11,133
2022-08-05T13:17:41,133,0,11,133
2022-08-05T13:26:42,133,0,11,133
2022-08-05T15:01:50,133,0,11,133
2022-08-05T15:11:01,133,0,11,133
2022-08-05T15:20:02,133,0,11,133
2022-08-05T15:29:03,133,0,11,133
2022-08-05T15:38:05,133,0,11,133
2022-08-05T15:47:07,133,0,11,133
2022-08-05T15:56:07,133,0,11,133
2022-08-05T16:05:08,133,0,11,133
2022-08-05T16:14:09,133,0,11,133
2022-08-05T16:23:10,133,0,11,133
2022-08-05T16:32:11,133,0,11,133
2022-08-05T16:41:11,133,0,11,133
2022-08-05T16:50:11,133,0,11,133
2022-08-05T16:59:11,133,0,11,133
2022-08-05T17:08:12,133,0,11,133
2022-08-05T17:17:25,133,0,11,133
2022-08-05T17:26:25,133,0,11,133
2022-08-05T17:35:24,133,0,11,133
2022-08-05T17:44:24,133,0,11,133
2022-08-05T17:53:24,133,0,11,133
2022-08-05T18:02:24,133,0,11,133
2022-08-05T18:11:24,133,0,11,133
2022-08-05T18:20:23,133,0,11,133
2022-08-05T18:29:23,133,0,11,133
2022-08-05T18:38:25,133,0,11,133
2022-08-05T18:47:26,133,0,11,133
2022-08-05T18:56:26,133,0,11,133
2022-08-05T19:05:26,133,0,11,133
2022-08-05T19:14:26,133,0,11,133
2022-08-05T19:23:26,133,0,11,133
2022-08-05T19:32:26,133,0,11,133
2022-08-05T19:41:25,133,0,11,133
2022-08-05T19:50:25,133,0,11,133
2022-08-05T19:59:25,133,0,11,133
2022-08-05T20:08:36,133,0,11,133
2022-08-05T20:17:35,133,0,11,133
2022-08-05T20:26:35,133,0,11,133
2022-08-05T20:35:35,133,0,11,133
2022-08-05T20:44:34,133,0,11,133
2022-08-05T20:53:34,133,0,11,133
2022-08-05T21:02:34,133,0,11,133
2022-08-05T21:11:33,133,0,11,133
2022-08-05T21:20:33,133,0,11,133
2022-08-05T21:29:33,133,0,11,133
2022-08-05T21:38:33,133,0,11,133
2022-08-05T21:47:32,133,0,11,133
2022-08-05T21:56:32,133,0,11,133
2022-08-05T22:05:32,133,0,11,133
2022-08-05T22:14:31,133,0,11,133
2022-08-05T22:23:30,133,0,11,133
2022-08-05T22:32:30,133,0,11,133
2022-08-05T22:41:40,133,0,11,133
2022-08-05T22:50:40,133,0,11,133
2022-08-05T22:59:40,133,0,11,133
2022-08-05T23:08:41,133,0,11,133
2022-08-05T23:17:41,133,0,11,133
2022-08-05T23:26:41,133,0,11,133
2022-08-05T23:35:42,133,0,11,133
2022-08-05T23:44:42,133,0,11,133
2022-08-05T23:53:42,133,0,11,133
2022-08-06T00:02:44,133,0,11,133
2022-08-06T00:11:45,133,0,11,133
2022-08-06T00:20:51,133,0,11,133
2022-08-06T00:29:52,133,0,11,133
2022-08-06T00:38:54,133,0,11,133
2022-08-06T00:48:06,133,0,11,133
2022-08-06T00:57:08,133,0,11,133
2022-08-06T01:06:12,133,0,11,133
2022-08-06T01:15:15,133,0,11,133
2022-08-06T01:24:17,133,0,11,133
2022-08-06T01:33:19,133,0,11,133
2022-08-06T01:42:20,133,0,11,133
2022-08-06T01:51:21,133,0,11,133
2022-08-06T02:00:22,133,0,11,133
2022-08-06T02:09:23,133,0,11,133
2022-08-06T02:18:23,133,0,11,133
2022-08-06T02:27:23,133,0,11,133
2022-08-06T02:36:22,133,0,11,133
2022-08-06T02:45:22,133,0,11,133
2022-08-06T02:54:21,133,0,11,133
2022-08-06T03:03:20,133,0,11,133
2022-08-06T03:12:19,133,0,11,133
2022-08-06T03:21:18,133,0,11,133
2022-08-06T03:30:17,133,0,11,133
2022-08-06T03:39:17,133,0,11,133
2022-08-06T03:48:18,133,0,11,133
2022-08-06T03:57:19,133,0,11,133
2022-08-06T04:06:21,133,0,11,133
2022-08-06T04:24:14,133,0,11,133
2022-08-06T04:33:33,133,0,11,133
2022-08-06T04:42:38,133,0,11,133
2022-08-06T04:51:41,133,0,11,133
2022-08-06T05:00:43,133,0,11,133
2022-08-06T05:09:51,133,0,11,133
2022-08-06T05:18:54,133,0,11,133
2022-08-06T05:27:57,133,0,11,133
2022-08-06T05:37:00,133,0,11,133
2022-08-06T05:46:02,133,0,11,133
2022-08-06T05:55:04,133,0,11,133
2022-08-06T06:04:05,133,0,11,133
2022-08-06T06:13:07,133,0,11,133
2022-08-06T06:22:09,133,0,11,133
2022-08-06T06:31:11,133,0,11,133
2022-08-06T06:40:13,133,0,11,133
2022-08-06T06:49:15,133,0,11,133
2022-08-06T06:58:16,133,0,11,133
2022-08-06T07:07:19,133,0,11,133
2022-08-06T07:16:21,133,0,11,133
2022-08-06T07:25:24,133,0,11,133
2022-08-06T07:34:26,133,0,11,133
2022-08-06T07:43:27,133,0,11,133
2022-08-06T07:52:29,133,0,11,133
2022-08-06T08:01:31,133,0,11,133
2022-08-06T08:10:33,133,0,11,133
2022-08-06T08:19:35,133,0,11,133
2022-08-06T08:28:37,133,0,11,133
2022-08-06T08:37:38,133,0,11,133
2022-08-06T08:46:40,133,0,11,133
2022-08-06T08:55:41,133,0,11,133
2022-08-06T09:04:44,133,0,11,133
2022-08-06T09:13:48,133,0,11,133
2022-08-06T09:22:49,133,0,11,133
2022-08-06T09:31:49,133,0,11,133
2022-08-06T09:40:50,133,0,11,133
2022-08-06T09:49:51,133,0,11,133
2022-08-06T09:58:52,133,0,11,133
2022-08-06T10:07:53,133,0,11,133
2022-08-06T10:16:54,133,0,11,133
2022-08-06T10:26:11,133,0,11,133
2022-08-06T10:35:13,133,0,11,133
2022-08-06T10:44:14,133,0,11,133
2022-08-06T10:53:14,133,0,11,133
2022-08-06T11:02:13,133,0,11,133
2022-08-06T11:11:13,133,0,11,133
2022-08-06T11:20:12,133,0,11,133
2022-08-06T11:29:12,133,0,11,133
2022-08-06T11:38:11,133,0,11,133
2022-08-06T11:47:10,133,0,11,133
2022-08-06T11:56:10,133,0,11,133
2022-08-06T12:05:09,133,0,11,133
2022-08-06T12:14:08,133,0,11,133
2022-08-06T12:23:08,133,0,11,133
2022-08-06T12:32:08,133,0,11,133
2022-08-06T12:41:08,133,0,11,133
2022-08-06T12:50:17,133,0,11,133
2022-08-06T12:59:17,133,0,11,133
2022-08-06T13:08:16,133,0,11,133
2022-08-06T13:17:15,133,0,11,133
2022-08-06T13:26:15,133,0,11,133
2022-08-06T13:35:15,133,0,11,133
2022-08-06T13:44:14,133,0,11,133
2022-08-06T13:53:14,133,0,11,133
2022-08-06T14:02:14,133,0,11,133
2022-08-06T14:11:14,133,0,11,133
2022-08-06T14:20:15,133,0,11,133
2022-08-06T14:29:14,133,0,11,133
2022-08-06T14:38:14,133,0,11,133
2022-08-06T14:47:13,133,0,11,133
2022-08-06T14:56:13,133,0,11,133
2022-08-06T15:05:12,133,0,11,133
2022-08-06T15:14:12,133,0,11,133
2022-08-06T15:23:11,133,0,11,133
2022-08-06T15:32:11,133,0,11,133
2022-08-06T15:41:11,133,0,11,133
2022-08-06T15:50:11,133,0,11,133
2022-08-06T15:59:10,133,0,11,133
2022-08-06T16:08:10,133,0,11,133
2022-08-06T16:17:09,133,0,11,133
2022-08-06T16:26:09,133,0,11,133
2022-08-06T16:35:19,133,0,11,133
2022-08-06T16:44:18,133,0,11,133
2022-08-06T16:53:18,133,0,11,133
2022-08-06T17:02:17,133,0,11,133
2022-08-06T17:11:17,133,0,11,133
2022-08-06T17:20:16,133,0,11,133
2022-08-06T17:29:15,133,0,11,133
2022-08-06T17:38:14,133,0,11,133
2022-08-06T17:47:13,133,0,11,133
2022-08-06T17:56:13,133,0,11,133
2022-08-06T18:05:12,133,0,11,133
2022-08-06T18:14:12,133,0,11,133
2022-08-06T18:23:11,133,0,11,133
2022-08-06T18:32:11,133,0,11,133
2022-08-06T18:41:10,133,0,11,133
2022-08-06T18:50:09,133,0,11,133
2022-08-06T18:59:19,133,0,11,133
2022-08-06T19:08:18,133,0,11,133
2022-08-06T19:17:17,133,0,11,133
2022-08-06T19:26:16,133,0,11,133
2022-08-06T19:35:15,133,0,11,133
2022-08-06T19:44:14,133,0,11,133
2022-08-06T19:53:13,133,0,11,133
2022-08-06T20:02:12,133,0,11,133
2022-08-06T20:11:12,133,0,11,133
2022-08-06T20:20:11,133,0,11,133
2022-08-06T20:29:11,133,0,11,133
2022-08-06T20:38:10,133,0,11,133
2022-08-06T20:47:09,133,0,11,133
2022-08-06T20:56:08,133,0,11,133
2022-08-06T21:05:07,133,0,11,133
2022-08-06T21:14:07,133,0,11,133
2022-08-06T21:23:07,133,0,11,133
2022-08-06T21:32:06,133,0,11,133
2022-08-06T21:41:05,133,0,11,133
2022-08-06T21:50:04,133,0,11,133
2022-08-06T21:59:14,133,0,11,133
2022-08-06T22:08:14,133,0,11,133
2022-08-06T22:17:14,133,0,11,133
2022-08-06T22:26:13,133,0,11,133
2022-08-06T22:35:12,133,0,11,133
2022-08-06T22:44:12,133,0,11,133
2022-08-06T22:53:11,133,0,11,133
2022-08-06T23:02:10,133,0,11,133
2022-08-06T23:11:11,133,0,11,133
2022-08-06T23:20:10,133,0,11,133
2022-08-06T23:29:10,133,0,11,133
2022-08-06T23:38:09,133,0,11,133
2022-08-06T23:47:08,133,0,11,133
2022-08-06T23:56:08,133,0,11,133
2022-08-07T00:05:08,133,0,11,133
2022-08-07T00:14:19,133,0,11,133
2022-08-07T00:23:21,133,0,11,133
2022-08-07T00:32:22,133,0,11,133
2022-08-07T00:41:22,133,0,11,133
2022-08-07T00:50:21,133,0,11,133
2022-08-07T00:59:22,133,0,11,133
2022-08-07T01:08:25,133,0,11,133
2022-08-07T01:17:27,133,0,11,133
2022-08-07T01:26:30,133,0,11,133
2022-08-07T01:35:33,133,0,11,133
2022-08-07T01:44:35,133,0,11,133
2022-08-07T01:53:36,133,0,11,133
2022-08-07T02:02:41,133,0,11,133
2022-08-07T02:11:51,133,0,11,133
2022-08-07T02:20:53,133,0,11,133
2022-08-07T02:29:54,133,0,11,133
2022-08-07T02:38:59,133,0,11,133
2022-08-07T02:48:00,133,0,11,133
2022-08-07T02:57:00,133,0,11,133
2022-08-07T03:06:01,133,0,11,133
2022-08-07T03:15:01,133,0,11,133
2022-08-07T03:24:01,133,0,11,133
2022-08-07T03:33:01,133,0,11,133
2022-08-07T03:42:02,133,0,11,133
2022-08-07T03:51:03,133,0,11,133
2022-08-07T04:00:05,133,0,11,133
2022-08-07T04:09:07,133,0,11,133
2022-08-07T04:22:52,133,0,11,133
2022-08-07T04:32:22,133,0,11,133
2022-08-07T04:41:24,133,0,11,133
2022-08-07T04:50:27,133,0,11,133
2022-08-07T04:59:29,133,0,11,133
2022-08-07T05:08:32,133,0,11,133
2022-08-07T05:17:34,133,0,11,133
2022-08-07T05:26:37,133,0,11,133
2022-08-07T05:35:39,133,0,11,133
2022-08-07T05:44:39,133,0,11,133
2022-08-07T05:53:39,133,0,11,133
2022-08-07T06:02:39,133,0,11,133
2022-08-07T06:11:40,133,0,11,133
2022-08-07T06:20:41,133,0,11,133
2022-08-07T06:29:41,133,0,11,133
2022-08-07T06:38:41,133,0,11,133
2022-08-07T06:47:40,133,0,11,133
2022-08-07T06:56:39,133,0,11,133
2022-08-07T07:05:39,133,0,11,133
2022-08-07T07:14:39,133,0,11,133
2022-08-07T07:23:39,133,0,11,133
2022-08-07T07:32:40,133,0,11,133
2022-08-07T07:41:41,133,0,11,133
2022-08-07T07:50:40,133,0,11,133
2022-08-07T07:59:40,133,0,11,133
2022-08-07T08:08:40,133,0,11,133
2022-08-07T08:17:39,133,0,11,133
2022-08-07T08:26:40,133,0,11,133
2022-08-07T08:35:41,133,0,11,133
2022-08-07T08:44:41,133,0,11,133
2022-08-07T08:53:40,133,0,11,133
2022-08-07T09:02:39,133,0,11,133
2022-08-07T09:11:38,133,0,11,133
2022-08-07T09:20:38,133,0,11,133
2022-08-07T09:29:38,133,0,11,133
2022-08-07T09:38:38,133,0,11,133
2022-08-07T09:47:41,133,0,11,133
2022-08-07T09:56:40,133,0,11,133
2022-08-07T10:05:40,133,0,11,133
2022-08-07T10:14:40,133,0,11,133
2022-08-07T10:23:39,133,0,11,133
2022-08-07T10:32:39,133,0,11,133
2022-08-07T10:41:38,133,0,11,133
2022-08-07T10:50:38,133,0,11,133
2022-08-07T10:59:39,133,0,11,133
2022-08-07T11:08:38,133,0,11,133
2022-08-07T11:17:38,133,0,11,133
2022-08-07T11:26:38,133,0,11,133
2022-08-07T11:35:38,133,0,11,133
2022-08-07T11:44:37,133,0,11,133
2022-08-07T11:53:37,133,0,11,133
2022-08-07T12:02:36,133,0,11,133
2022-08-07T12:11:35,133,0,11,133
2022-08-07T12:20:35,133,0,11,133
2022-08-07T12:29:34,133,0,11,133
2022-08-07T12:38:44,133,0,11,133
2022-08-07T12:47:44,133,0,11,133
2022-08-07T12:56:44,133,0,11,133
2022-08-07T13:05:43,133,0,11,133
2022-08-07T13:14:42,133,0,11,133
2022-08-07T13:23:41,133,0,11,133
2022-08-07T13:32:40,133,0,11,133
2022-08-07T13:41:39,133,0,11,133
2022-08-07T13:50:39,133,0,11,133
2022-08-07T13:59:38,133,0,11,133
2022-08-07T14:08:37,133,0,11,133
2022-08-07T14:17:36,133,0,11,133
2022-08-07T14:26:38,133,0,11,133
2022-08-07T14:35:38,133,0,11,133
2022-08-07T14:44:37,133,0,11,133
2022-08-07T14:53:36,133,0,11,133
2022-08-07T15:02:36,133,0,11,133
2022-08-07T15:11:36,133,0,11,133
2022-08-07T15:20:35,133,0,11,133
2022-08-07T15:29:35,133,0,11,133
2022-08-07T15:38:34,133,0,11,133
2022-08-07T15:47:33,133,0,11,133
2022-08-07T15:56:43,133,0,11,133
2022-08-07T16:05:42,133,0,11,133
2022-08-07T16:14:43,133,0,11,133
2022-08-07T16:23:43,133,0,11,133
2022-08-07T16:32:42,133,0,11,133
2022-08-07T16:41:42,133,0,11,133
2022-08-07T16:50:42,133,0,11,133
2022-08-07T16:59:41,133,0,11,133
2022-08-07T17:08:41,133,0,11,133
2022-08-07T17:17:41,133,0,11,133
2022-08-07T17:26:42,133,0,11,133
2022-08-07T17:35:43,133,0,11,133
2022-08-07T17:44:42,133,0,11,133
2022-08-07T17:53:42,133,0,11,133
2022-08-07T18:02:41,133,0,11,133
2022-08-07T18:11:41,133,0,11,133
2022-08-07T18:20:40,133,0,11,133
2022-08-07T18:29:40,133,0,11,133
2022-08-07T18:38:39,133,0,11,133
2022-08-07T18:47:38,133,0,11,133
2022-08-07T18:56:38,133,0,11,133
2022-08-07T19:05:39,133,0,11,133
2022-08-07T19:14:49,133,0,11,133
2022-08-07T19:23:49,133,0,11,133
2022-08-07T19:32:49,133,0,11,133
2022-08-07T19:41:48,133,0,11,133
2022-08-07T19:50:47,133,0,11,133
2022-08-07T19:59:47,133,0,11,133
2022-08-07T20:08:46,133,0,11,133
2022-08-07T20:17:47,133,0,11,133
2022-08-07T20:26:47,133,0,11,133
2022-08-07T20:35:46,133,0,11,133
2022-08-07T20:44:45,133,0,11,133
2022-08-07T20:53:44,133,0,11,133
2022-08-07T21:02:44,133,0,11,133
2022-08-07T21:11:43,133,0,11,133
2022-08-07T21:20:44,133,0,11,133
2022-08-07T21:29:43,133,0,11,133
2022-08-07T21:38:44,133,0,11,133
2022-08-07T21:47:43,133,0,11,133
2022-08-07T21:56:42,133,0,11,133
2022-08-07T22:05:52,133,0,11,133
2022-08-07T22:14:52,133,0,11,133
2022-08-07T22:23:51,133,0,11,133
2022-08-07T22:32:50,133,0,11,133
2022-08-07T22:41:50,133,0,11,133
2022-08-07T22:50:49,133,0,11,133
2022-08-07T22:59:49,133,0,11,133
2022-08-07T23:08:49,133,0,11,133
2022-08-07T23:17:50,133,0,11,133
2022-08-07T23:26:50,133,0,11,133
2022-08-07T23:35:50,133,0,11,133
2022-08-07T23:44:49,133,0,11,133
2022-08-07T23:53:49,133,0,11,133
2022-08-08T00:02:49,133,0,11,133
2022-08-08T00:11:55,133,0,11,133
2022-08-08T00:20:58,133,0,11,133
2022-08-08T00:30:00,133,0,11,133
2022-08-08T00:39:03,133,0,11,133
2022-08-08T00:48:04,133,0,11,133
2022-08-08T00:57:05,133,0,11,133
2022-08-08T01:06:18,133,0,11,133
2022-08-08T01:15:24,133,0,11,133
2022-08-08T01:24:27,133,0,11,133
2022-08-08T01:33:29,133,0,11,133
2022-08-08T01:42:30,133,0,11,133
2022-08-08T01:51:32,133,0,11,133
2022-08-08T02:00:34,133,0,11,133
2022-08-08T02:09:44,133,0,11,133
2022-08-08T02:18:46,133,0,11,133
2022-08-08T02:27:47,133,0,11,133
2022-08-08T02:36:48,133,0,11,133
2022-08-08T02:45:49,133,0,11,133
2022-08-08T02:54:49,133,0,11,133
2022-08-08T03:03:50,133,0,11,133
2022-08-08T03:12:52,133,0,11,133
2022-08-08T03:21:53,133,0,11,133
2022-08-08T03:30:53,133,0,11,133
2022-08-08T03:39:54,133,0,11,133
2022-08-08T03:48:56,133,0,11,133
2022-08-08T03:57:58,133,0,11,133
2022-08-08T04:13:43,133,0,11,133
2022-08-08T04:23:09,133,0,11,133
2022-08-08T04:32:12,133,0,11,133
2022-08-08T04:41:13,133,0,11,133
2022-08-08T04:50:16,133,0,11,133
2022-08-08T04:59:18,133,0,11,133
2022-08-08T05:08:21,133,0,11,133
2022-08-08T05:17:24,133,0,11,133
2022-08-08T05:26:28,133,0,11,133
2022-08-08T05:35:32,133,0,11,133
2022-08-08T05:44:35,133,0,11,133
2022-08-08T05:53:40,133,0,11,133
2022-08-08T06:02:42,133,0,11,133
2022-08-08T06:11:44,133,0,11,133
2022-08-08T06:20:46,133,0,11,133
2022-08-08T06:29:47,133,0,11,133
2022-08-08T06:38:49,133,0,11,133
2022-08-08T06:47:49,133,0,11,133
2022-08-08T06:56:49,133,0,11,133
2022-08-08T07:05:50,133,0,11,133
2022-08-08T07:14:51,133,0,11,133
2022-08-08T07:23:51,133,0,11,133
2022-08-08T07:32:52,133,0,11,133
2022-08-08T07:41:52,133,0,11,133
2022-08-08T07:50:53,133,0,11,133
2022-08-08T07:59:53,133,0,11,133
2022-08-08T08:08:53,133,0,11,133
2022-08-08T08:17:54,133,0,11,133
2022-08-08T08:26:56,133,0,11,133
2022-08-08T08:35:57,133,0,11,133
2022-08-08T08:44:59,133,0,11,133
2022-08-08T08:54:00,133,0,11,133
2022-08-08T09:03:02,133,0,11,133
2022-08-08T09:12:14,133,0,11,133
2022-08-08T09:21:16,133,0,11,133
2022-08-08T09:30:17,133,0,11,133
2022-08-08T09:39:19,133,0,11,133
2022-08-08T09:48:21,133,0,11,133
2022-08-08T09:57:24,133,0,11,133
2022-08-08T10:06:27,133,0,11,133
2022-08-08T10:15:29,133,0,11,133
2022-08-08T10:24:32,133,0,11,133
2022-08-08T10:33:34,133,0,11,133
2022-08-08T10:42:35,133,0,11,133
2022-08-08T10:51:39,133,0,11,133
2022-08-08T11:00:42,133,0,11,133
2022-08-08T11:09:44,133,0,11,133
2022-08-08T11:18:57,133,0,11,133
2022-08-08T11:28:00,133,0,11,133
2022-08-08T11:37:02,133,0,11,133
2022-08-08T11:46:04,133,0,11,133
2022-08-08T11:55:06,133,0,11,133
2022-08-08T12:04:08,133,0,11,133
2022-08-08T12:13:10,133,0,11,133
2022-08-08T12:22:11,133,0,11,133
2022-08-08T12:31:15,133,0,11,133
2022-08-08T12:40:16,133,0,11,133
2022-08-08T12:49:28,133,0,11,133
2022-08-08T12:58:29,133,0,11,133
2022-08-08T13:07:31,133,0,11,133
2022-08-08T13:16:32,133,0,11,133
2022-08-08T13:25:35,133,0,11,133
2022-08-08T13:34:37,133,0,11,133
2022-08-08T13:43:39,133,0,11,133
2022-08-08T13:52:42,133,0,11,133
2022-08-08T14:01:45,133,0,11,133
2022-08-08T14:10:48,133,0,11,133
2022-08-08T14:19:50,133,0,11,133
2022-08-08T14:28:53,133,0,11,133
2022-08-08T14:38:06,133,0,11,133
2022-08-08T14:47:08,133,0,11,133
2022-08-08T14:56:12,133,0,11,133
2022-08-08T15:05:15,133,0,11,133
2022-08-08T15:14:18,133,0,11,133
2022-08-08T15:23:23,133,0,11,133
2022-08-08T15:32:28,133,0,11,133
2022-08-08T15:41:33,133,0,11,133
2022-08-08T15:50:38,133,0,11,133
2022-08-08T15:59:39,133,0,11,133
2022-08-08T16:08:41,133,0,11,133
2022-08-08T16:17:54,133,0,11,133
2022-08-08T16:26:56,133,0,11,133
2022-08-08T16:35:57,133,0,11,133
2022-08-08T16:44:58,133,0,11,133
2022-08-08T16:54:00,133,0,11,133
2022-08-08T17:03:00,133,0,11,133
2022-08-08T17:12:02,133,0,11,133
2022-08-08T17:21:03,133,0,11,133
2022-08-08T17:30:04,133,0,11,133
2022-08-08T17:39:04,133,0,11,133
2022-08-08T17:48:05,133,0,11,133
2022-08-08T17:57:05,133,0,11,133
2022-08-08T18:06:06,133,0,11,133
2022-08-08T18:15:07,133,0,11,133
2022-08-08T18:24:07,133,0,11,133
2022-08-08T18:33:08,133,0,11,133
2022-08-08T18:42:08,133,0,11,133
2022-08-08T18:51:08,133,0,11,133
2022-08-08T19:00:08,133,0,11,133
2022-08-08T19:09:09,133,0,11,133
2022-08-08T19:18:19,133,0,11,133
2022-08-08T19:27:20,133,0,11,133
2022-08-08T19:36:20,133,0,11,133
2022-08-08T19:45:20,133,0,11,133
2022-08-08T19:54:20,133,0,11,133
2022-08-08T20:03:22,133,0,11,133
2022-08-08T20:12:24,133,0,11,133
2022-08-08T20:21:26,133,0,11,133
2022-08-08T20:30:26,133,0,11,133
2022-08-08T20:39:26,133,0,11,133
2022-08-08T20:48:27,133,0,11,133
2022-08-08T20:57:26,133,0,11,133
2022-08-08T21:06:27,133,0,11,133
2022-08-08T21:15:27,133,0,11,133
2022-08-08T21:24:27,133,0,11,133
2022-08-08T21:33:28,133,0,11,133
2022-08-08T21:42:28,133,0,11,133
2022-08-08T21:51:39,133,0,11,133
2022-08-08T22:00:40,133,0,11,133
2022-08-08T22:09:41,133,0,11,133
2022-08-08T22:18:41,133,0,11,133
2022-08-08T22:27:41,133,0,11,133
2022-08-08T22:36:41,133,0,11,133
2022-08-08T22:45:41,133,0,11,133
2022-08-08T22:54:41,133,0,11,133
2022-08-08T23:03:41,133,0,11,133
2022-08-08T23:12:42,133,0,11,133
2022-08-08T23:21:43,133,0,11,133
2022-08-08T23:30:43,133,0,11,133
2022-08-08T23:39:45,133,0,11,133
2022-08-08T23:48:46,133,0,11,133
2022-08-08T23:57:46,133,0,11,133
2022-08-09T00:07:02,133,0,11,133
2022-08-09T00:16:07,133,0,11,133
2022-08-09T00:25:09,133,0,11,133
2022-08-09T00:34:11,133,0,11,133
2022-08-09T00:43:13,133,0,11,133
2022-08-09T00:52:16,133,0,11,133
2022-08-09T01:01:19,133,0,11,133
2022-08-09T01:10:20,133,0,11,133
2022-08-09T01:19:23,133,0,11,133
2022-08-09T01:28:26,133,0,11,133
2022-08-09T01:37:30,133,0,11,133
2022-08-09T01:46:31,133,0,11,133
2022-08-09T01:55:35,133,0,11,133
2022-08-09T02:04:38,133,0,11,133
2022-08-09T02:13:39,133,0,11,133
2022-08-09T02:22:40,133,0,11,133
2022-08-09T02:31:40,133,0,11,133
2022-08-09T02:40:39,133,0,11,133
2022-08-09T02:49:39,133,0,11,133
2022-08-09T02:58:38,133,0,11,133
2022-08-09T03:07:38,133,0,11,133
2022-08-09T03:16:38,133,0,11,133
2022-08-09T03:25:37,133,0,11,133
2022-08-09T03:34:36,133,0,11,133
2022-08-09T03:43:37,133,0,11,133
2022-08-09T03:52:38,133,0,11,133
2022-08-09T04:03:42,133,0,11,133
2022-08-09T04:13:06,133,0,11,133
2022-08-09T04:25:57,133,0,11,133
2022-08-09T04:35:26,133,0,11,133
2022-08-09T04:44:31,133,0,11,133
2022-08-09T04:53:37,133,0,11,133
2022-08-09T05:02:40,133,0,11,133
2022-08-09T05:11:45,133,0,11,133
2022-08-09T05:20:49,133,0,11,133
2022-08-09T05:29:50,133,0,11,133
2022-08-09T05:38:53,133,0,11,133
2022-08-09T05:47:54,133,0,11,133
2022-08-09T05:56:56,133,0,11,133
2022-08-09T06:05:58,133,0,11,133
2022-08-09T06:15:02,133,0,11,133
2022-08-09T06:24:05,133,0,11,133
2022-08-09T06:33:11,133,0,11,133
2022-08-09T06:42:13,133,0,11,133
2022-08-09T06:51:15,133,0,11,133
2022-08-09T07:00:17,133,0,11,133
2022-08-09T07:09:21,133,0,11,133
2022-08-09T07:18:23,133,0,11,133
2022-08-09T07:27:24,133,0,11,133
2022-08-09T07:36:27,133,0,11,133
2022-08-09T07:45:29,133,0,11,133
2022-08-09T07:54:33,133,0,11,133
2022-08-09T08:03:37,133,0,11,133
2022-08-09T08:12:39,133,0,11,133
2022-08-09T08:21:39,133,0,11,133
2022-08-09T08:30:41,133,0,11,133
2022-08-09T08:39:42,133,0,11,133
2022-08-09T08:48:43,133,0,11,133
2022-08-09T08:57:44,133,0,11,133
2022-08-09T09:06:45,133,0,11,133
2022-08-09T09:15:46,133,0,11,133
2022-08-09T09:24:58,133,0,11,133
2022-08-09T09:33:59,133,0,11,133
2022-08-09T09:43:00,133,0,11,133
2022-08-09T09:52:02,133,0,11,133
2022-08-09T10:01:04,133,0,11,133
2022-08-09T10:10:06,133,0,11,133
2022-08-09T10:19:08,133,0,11,133
2022-08-09T10:28:10,133,0,11,133
2022-08-09T10:37:11,133,0,11,133
2022-08-09T10:46:14,133,0,11,133
2022-08-09T10:55:17,133,0,11,133
2022-08-09T11:04:19,133,0,11,133
2022-08-09T11:13:34,133,0,11,133
2022-08-09T11:22:36,133,0,11,133
2022-08-09T11:31:39,133,0,11,133
2022-08-09T11:40:43,133,0,11,133
2022-08-09T11:49:45,133,0,11,133
2022-08-09T11:58:46,133,0,11,133
2022-08-09T12:07:54,133,0,11,133
2022-08-09T12:17:04,133,0,11,133
2022-08-09T12:26:12,133,0,11,133
2022-08-09T12:35:21,133,0,11,133
2022-08-09T12:44:41,133,0,11,133
2022-08-09T12:53:49,133,0,11,133
2022-08-09T13:02:57,133,0,11,133
2022-08-09T13:12:05,133,0,11,133
2022-08-09T13:21:15,133,0,11,133
2022-08-09T13:30:23,133,0,11,133
2022-08-09T13:39:29,133,0,11,133
2022-08-09T13:48:34,133,0,11,133
2022-08-09T13:57:38,133,0,11,133
2022-08-09T14:06:52,133,0,11,133
2022-08-09T14:15:54,133,0,11,133
2022-08-09T14:24:56,133,0,11,133
2022-08-09T14:33:59,133,0,11,133
2022-08-09T14:43:02,133,0,11,133
2022-08-09T14:52:04,133,0,11,133
2022-08-09T15:01:07,133,0,11,133
2022-08-09T15:10:08,133,0,11,133
2022-08-09T15:19:22,133,0,11,133
2022-08-09T15:28:23,133,0,11,133
2022-08-09T15:37:27,133,0,11,133
2022-08-09T15:46:29,133,0,11,133
2022-08-09T15:55:31,133,0,11,133
2022-08-09T16:04:33,133,0,11,133
2022-08-09T16:13:35,133,0,11,133
2022-08-09T16:22:36,133,0,11,133
2022-08-09T16:31:49,133,0,11,133
2022-08-09T16:40:50,133,0,11,133
2022-08-09T16:49:51,133,0,11,133
2022-08-09T16:58:52,133,0,11,133
2022-08-09T17:07:54,133,0,11,133
2022-08-09T17:16:54,133,0,11,133
2022-08-09T17:25:55,133,0,11,133
2022-08-09T17:34:57,133,0,11,133
2022-08-09T17:44:08,133,0,11,133
2022-08-09T17:53:08,133,0,11,133
2022-08-09T18:02:09,133,0,11,133
2022-08-09T18:11:10,133,0,11,133
2022-08-09T18:20:10,133,0,11,133
2022-08-09T18:29:11,133,0,11,133
2022-08-09T18:38:12,133,0,11,133
2022-08-09T18:47:13,133,0,11,133
2022-08-09T18:56:13,133,0,11,133
2022-08-09T19:05:14,133,0,11,133
2022-08-09T19:14:15,133,0,11,133
2022-08-09T19:23:15,133,0,11,133
2022-08-09T19:32:15,133,0,11,133
2022-08-09T19:41:27,133,0,11,133
2022-08-09T19:50:28,133,0,11,133
2022-08-09T19:59:28,133,0,11,133
2022-08-09T20:08:28,133,0,11,133
2022-08-09T20:17:28,133,0,11,133
2022-08-09T20:26:28,133,0,11,133
2022-08-09T20:35:28,133,0,11,133
2022-08-09T20:44:28,133,0,11,133
2022-08-09T20:53:28,133,0,11,133
2022-08-09T21:02:28,133,0,11,133
2022-08-09T21:11:28,133,0,11,133
2022-08-09T21:20:40,133,0,11,133
2022-08-09T21:29:40,133,0,11,133
2022-08-09T21:38:40,133,0,11,133
2022-08-09T21:47:41,133,0,11,133
2022-08-09T21:56:41,133,0,11,133
2022-08-09T22:05:40,133,0,11,133
2022-08-09T22:14:41,133,0,11,133
2022-08-09T22:23:41,133,0,11,133
2022-08-09T22:32:42,133,0,11,133
2022-08-09T22:41:41,133,0,11,133
2022-08-09T22:50:41,133,0,11,133
2022-08-09T22:59:41,133,0,11,133
2022-08-09T23:08:42,133,0,11,133
2022-08-09T23:17:43,133,0,11,133
2022-08-09T23:26:44,133,0,11,133
2022-08-09T23:35:45,133,0,11,133
2022-08-09T23:44:57,133,0,11,133
2022-08-09T23:53:57,133,0,11,133
2022-08-10T00:02:57,133,0,11,133
2022-08-10T00:11:59,133,0,11,133
2022-08-10T00:21:02,133,0,11,133
2022-08-10T00:30:03,133,0,11,133
2022-08-10T00:39:06,133,0,11,133
2022-08-10T00:48:08,133,0,11,133
2022-08-10T00:57:12,133,0,11,133
2022-08-10T01:06:15,133,0,11,133
2022-08-10T01:15:18,133,0,11,133
2022-08-10T01:24:20,133,0,11,133
2022-08-10T01:33:24,133,0,11,133
2022-08-10T01:42:27,133,0,11,133
2022-08-10T01:51:29,133,0,11,133
2022-08-10T02:00:30,133,0,11,133
2022-08-10T02:09:31,133,0,11,133
2022-08-10T02:18:32,133,0,11,133
2022-08-10T02:27:32,133,0,11,133
2022-08-10T02:36:34,133,0,11,133
2022-08-10T02:45:38,133,0,11,133
2022-08-10T02:54:50,133,0,11,133
2022-08-10T03:03:53,133,0,11,133
2022-08-10T03:12:55,133,0,11,133
2022-08-10T03:21:57,133,0,11,133
2022-08-10T03:30:57,133,0,11,133
2022-08-10T03:39:58,133,0,11,133
2022-08-10T03:49:00,133,0,11,133
2022-08-10T03:58:02,133,0,11,133
2022-08-10T04:09:37,133,0,11,133
2022-08-10T04:18:45,133,0,11,133
2022-08-10T04:27:47,133,0,11,133
2022-08-10T04:37:12,133,0,11,133
2022-08-10T04:46:17,133,0,11,133
2022-08-10T04:55:20,133,0,11,133
2022-08-10T05:04:25,133,0,11,133
2022-08-10T05:13:28,133,0,11,133
2022-08-10T05:22:31,133,0,11,133
2022-08-10T05:31:35,133,0,11,133
2022-08-10T05:40:37,133,0,11,133
2022-08-10T05:49:40,133,0,11,133
2022-08-10T05:58:43,133,0,11,133
2022-08-10T06:07:46,133,0,11,133
2022-08-10T06:16:50,133,0,11,133
2022-08-10T06:25:53,133,0,11,133
2022-08-10T06:34:55,133,0,11,133
2022-08-10T06:43:56,133,0,11,133
2022-08-10T06:52:56,133,0,11,133
2022-08-10T07:01:57,133,0,11,133
2022-08-10T07:10:59,133,0,11,133
2022-08-10T07:19:59,133,0,11,133
2022-08-10T07:29:21,133,0,11,133
2022-08-10T07:38:22,133,0,11,133
2022-08-10T07:47:22,133,0,11,133
2022-08-10T07:56:23,133,0,11,133
2022-08-10T08:05:24,133,0,11,133
2022-08-10T08:14:25,133,0,11,133
2022-08-10T08:23:26,133,0,11,133
2022-08-10T08:32:28,133,0,11,133
2022-08-10T08:41:40,133,0,11,133
2022-08-10T08:50:43,133,0,11,133
2022-08-10T08:59:44,133,0,11,133
2022-08-10T09:08:45,133,0,11,133
2022-08-10T09:17:47,133,0,11,133
2022-08-10T09:26:50,133,91,11,224
2022-08-10T09:35:51,133,91,11,224
2022-08-10T09:44:52,133,91,11,224
2022-08-10T09:53:54,133,91,11,224
2022-08-10T10:02:56,133,91,11,224
2022-08-10T10:11:57,133,91,11,224
2022-08-10T10:20:59,133,91,11,224
2022-08-10T10:30:01,133,91,11,224
2022-08-10T10:39:16,133,91,11,224
2022-08-10T10:48:17,133,91,11,224
2022-08-10T10:57:19,133,91,11,224
2022-08-10T11:06:22,133,91,11,224
2022-08-10T11:15:23,133,91,11,224
2022-08-10T11:24:25,133,91,11,224
2022-08-10T11:33:26,133,91,11,224
2022-08-10T11:42:28,133,91,11,224
2022-08-10T11:51:30,133,91,11,224
2022-08-10T12:00:32,133,91,11,224
2022-08-10T12:09:33,133,91,11,224
2022-08-10T12:18:35,133,91,11,224
2022-08-10T12:27:36,133,91,11,224
2022-08-10T12:36:49,133,91,11,224
2022-08-10T12:45:51,133,91,11,224
2022-08-10T12:54:52,133,91,11,224
2022-08-10T13:03:54,133,91,11,224
2022-08-10T13:12:56,133,91,11,224
2022-08-10T13:21:57,133,91,11,224
2022-08-10T13:30:59,133,91,11,224
2022-08-10T13:40:01,133,91,11,224
2022-08-10T13:49:05,133,91,11,224
2022-08-10T13:58:07,133,91,11,224
2022-08-10T14:07:10,133,91,11,224
2022-08-10T14:16:23,133,91,11,224
2022-08-10T14:25:25,133,91,11,224
2022-08-10T14:34:27,133,91,11,224
2022-08-10T14:43:28,133,91,11,224
2022-08-10T14:52:30,133,91,11,224
2022-08-10T15:01:33,133,91,11,224
2022-08-10T15:10:35,133,91,11,224
2022-08-10T15:19:36,133,91,11,224
2022-08-10T15:28:38,133,91,11,224
2022-08-10T15:37:41,133,91,11,224
2022-08-10T15:46:44,133,91,11,224
2022-08-10T15:55:45,133,91,11,224
2022-08-10T16:04:57,133,91,11,224
2022-08-10T16:13:59,133,91,11,224
2022-08-10T16:23:00,133,91,11,224
2022-08-10T16:32:01,133,91,11,224
2022-08-10T16:41:01,133,91,11,224
2022-08-10T16:50:02,133,91,11,224
2022-08-10T16:59:02,133,91,11,224
2022-08-10T17:08:04,133,91,11,224
2022-08-10T17:17:05,133,91,11,224
2022-08-10T17:26:06,133,91,11,224
2022-08-10T17:35:06,133,91,11,224
2022-08-10T17:44:17,133,91,11,224
2022-08-10T17:53:17,133,91,11,224
2022-08-10T18:02:18,133,91,11,224
2022-08-10T18:11:19,133,91,11,224
2022-08-10T18:20:19,133,91,11,224
2022-08-10T18:29:20,133,91,11,224
2022-08-10T18:38:20,133,91,11,224
2022-08-10T18:47:20,133,91,11,224
2022-08-10T18:56:20,133,91,11,224
2022-08-10T19:05:21,133,91,11,224
2022-08-10T19:14:22,133,91,11,224
2022-08-10T19:23:24,133,91,11,224
2022-08-10T19:32:24,133,91,11,224
2022-08-10T19:41:24,133,91,11,224
2022-08-10T19:50:35,133,91,11,224
2022-08-10T19:59:35,133,91,11,224
2022-08-10T20:08:35,133,91,11,224
2022-08-10T20:17:35,133,91,11,224
2022-08-10T20:26:36,133,91,11,224
2022-08-10T20:35:36,133,91,11,224
2022-08-10T20:44:36,133,91,11,224
2022-08-10T20:53:37,133,91,11,224
2022-08-10T21:02:37,133,91,11,224
2022-08-10T21:11:37,133,91,11,224
2022-08-10T21:20:37,133,91,11,224
2022-08-10T21:29:38,133,91,11,224
2022-08-10T21:38:38,133,91,11,224
2022-08-10T21:47:37,133,91,11,224
2022-08-10T21:56:37,133,91,11,224
2022-08-10T22:05:48,133,91,11,224
2022-08-10T22:14:49,133,91,11,224
2022-08-10T22:23:48,133,91,11,224
2022-08-10T22:32:48,133,91,11,224
2022-08-10T22:41:47,133,91,11,224
2022-08-10T22:50:47,133,91,11,224
2022-08-10T22:59:46,133,91,11,224
2022-08-10T23:08:48,133,91,11,224
2022-08-10T23:17:48,133,91,11,224
2022-08-10T23:22:24,133,91,11,224
2022-08-10T23:31:24,133,91,11,224
2022-08-10T23:40:25,133,91,11,224
2022-08-10T23:49:25,133,91,11,224
2022-08-10T23:58:25,133,91,11,224
2022-08-11T00:07:28,133,91,11,224
2022-08-11T00:16:31,133,91,11,224
2022-08-11T00:25:33,133,91,11,224
2022-08-11T00:34:35,133,91,11,224
2022-08-11T00:43:38,133,91,11,224
2022-08-11T00:52:40,133,91,11,224
2022-08-11T01:01:43,133,91,11,224
2022-08-11T01:10:45,133,91,11,224
2022-08-11T01:19:46,133,91,11,224
2022-08-11T01:29:02,133,91,11,224
2022-08-11T01:38:04,133,91,11,224
2022-08-11T01:47:06,133,91,11,224
2022-08-11T01:56:09,133,91,11,224
2022-08-11T02:05:11,133,91,11,224
2022-08-11T02:14:11,133,91,11,224
2022-08-11T02:23:11,133,91,11,224
2022-08-11T02:32:11,133,91,11,224
2022-08-11T02:41:11,133,91,11,224
2022-08-11T02:50:11,133,91,11,224
2022-08-11T02:59:11,133,91,11,224
2022-08-11T03:08:11,133,91,11,224
2022-08-11T03:17:11,133,91,11,224
2022-08-11T03:26:11,133,91,11,224
2022-08-11T03:35:12,133,91,11,224
2022-08-11T03:44:14,133,91,11,224
2022-08-11T03:53:16,133,91,11,224
2022-08-11T04:02:18,133,91,11,224
2022-08-11T04:17:53,133,91,11,224
2022-08-11T04:28:08,133,91,11,224
2022-08-11T04:37:31,133,91,11,224
2022-08-11T04:46:37,133,91,11,224
2022-08-11T04:55:41,133,91,11,224
2022-08-11T05:04:45,133,91,11,224
2022-08-11T05:13:49,133,91,11,224
2022-08-11T05:22:51,133,91,11,224
2022-08-11T05:31:53,133,91,11,224
2022-08-11T05:40:54,133,91,11,224
2022-08-11T05:49:55,133,91,11,224
2022-08-11T05:58:56,133,91,11,224
2022-08-11T06:07:57,133,91,11,224
2022-08-11T06:16:58,133,91,11,224
2022-08-11T06:26:00,133,91,11,224
2022-08-11T06:35:01,133,91,11,224
2022-08-11T06:44:01,133,91,11,224
2022-08-11T06:53:01,133,91,11,224
2022-08-11T07:02:11,133,91,11,224
2022-08-11T07:11:21,133,91,11,224
2022-08-11T07:20:25,133,91,11,224
2022-08-11T07:29:28,133,91,11,224
2022-08-11T07:38:31,133,91,11,224
2022-08-11T07:47:34,133,91,11,224
2022-08-11T07:56:38,133,91,11,224
2022-08-11T08:05:41,133,91,11,224
2022-08-11T08:14:44,133,91,11,224
2022-08-11T08:23:56,133,91,11,224
2022-08-11T08:33:12,133,91,11,224
2022-08-11T08:42:24,133,91,11,224
2022-08-11T08:51:37,133,91,11,224
2022-08-11T09:00:55,133,91,11,224
2022-08-11T09:10:11,133,91,11,224
2022-08-11T09:19:28,133,91,11,224
2022-08-11T09:28:45,133,91,11,224
2022-08-11T09:38:06,133,91,11,224
2022-08-11T09:47:34,133,91,11,224
2022-08-11T09:56:48,133,91,11,224
2022-08-11T10:06:01,133,91,11,224
2022-08-11T10:15:14,133,91,11,224
2022-08-11T10:24:27,133,91,11,224
2022-08-11T10:33:41,133,91,11,224
2022-08-11T10:42:55,133,91,11,224
2022-08-11T10:52:07,133,91,11,224
2022-08-11T11:01:19,133,91,11,224
2022-08-11T11:10:22,133,91,11,224
2022-08-11T11:19:27,133,91,11,224
2022-08-11T11:28:30,133,91,11,224
2022-08-11T11:37:32,133,91,11,224
2022-08-11T11:46:33,133,91,11,224
2022-08-11T11:55:34,133,91,11,224
2022-08-11T12:04:48,133,91,11,224
2022-08-11T12:13:49,133,91,11,224
2022-08-11T12:22:50,133,91,11,224
2022-08-11T12:31:51,133,91,11,224
2022-08-11T12:40:52,133,91,11,224
2022-08-11T12:49:54,133,91,11,224
2022-08-11T12:58:55,133,91,11,224
2022-08-11T13:07:56,133,91,11,224
2022-08-11T13:16:58,133,91,11,224
2022-08-11T13:26:10,133,91,11,224
2022-08-11T13:35:12,133,91,11,224
2022-08-11T13:44:14,133,91,11,224
2022-08-11T13:53:16,133,91,11,224
2022-08-11T14:02:17,133,91,11,224
2022-08-11T14:11:18,133,91,11,224
2022-08-11T14:20:20,133,91,11,224
2022-08-11T14:29:22,133,91,11,224
2022-08-11T14:38:24,133,91,11,224
2022-08-11T14:47:37,133,91,11,224
2022-08-11T14:56:39,133,91,11,224
2022-08-11T15:05:40,133,91,11,224
2022-08-11T15:14:43,133,91,11,224
2022-08-11T15:23:44,133,91,11,224
2022-08-11T15:32:46,133,91,11,224
2022-08-11T15:41:48,133,91,11,224
2022-08-11T15:50:50,133,91,11,224
2022-08-11T15:59:51,133,91,11,224
2022-08-11T16:08:53,133,91,11,224
2022-08-11T16:17:54,133,91,11,224
2022-08-11T16:26:55,133,91,11,224
2022-08-11T16:35:56,133,91,11,224
2022-08-11T16:44:57,133,91,11,224
2022-08-11T16:54:08,133,91,11,224
2022-08-11T17:03:09,133,91,11,224
2022-08-11T17:12:10,133,91,11,224
2022-08-11T17:21:11,133,91,11,224
2022-08-11T17:30:11,133,91,11,224
2022-08-11T17:39:12,133,91,11,224
2022-08-11T17:48:14,133,91,11,224
2022-08-11T17:57:15,133,91,11,224
2022-08-11T18:06:16,133,91,11,224
2022-08-11T18:15:17,133,91,11,224
2022-08-11T18:24:17,133,91,11,224
2022-08-11T18:33:18,133,91,11,224
2022-08-11T18:42:19,133,91,11,224
2022-08-11T18:51:21,133,91,11,224
2022-08-11T19:00:22,133,91,11,224
2022-08-11T19:09:34,133,91,11,224
2022-08-11T19:18:34,133,91,11,224
2022-08-11T19:27:35,133,91,11,224
2022-08-11T19:36:35,133,91,11,224
2022-08-11T19:45:35,133,91,11,224
2022-08-11T19:54:35,133,91,11,224
2022-08-11T20:03:35,133,91,11,224
2022-08-11T20:12:35,133,91,11,224
2022-08-11T20:21:36,133,91,11,224
2022-08-11T20:30:36,133,91,11,224
2022-08-11T20:39:36,133,91,11,224
2022-08-11T20:48:36,133,91,11,224
2022-08-11T20:57:37,133,91,11,224
2022-08-11T21:06:38,133,91,11,224
2022-08-11T21:15:40,133,91,11,224
2022-08-11T21:24:40,133,91,11,224
2022-08-11T21:33:52,133,91,11,224
2022-08-11T21:42:52,133,91,11,224
2022-08-11T21:51:52,133,91,11,224
2022-08-11T22:00:52,133,91,11,224
2022-08-11T22:09:53,133,91,11,224
2022-08-11T22:18:53,133,91,11,224
2022-08-11T22:27:53,133,91,11,224
2022-08-11T22:36:53,133,91,11,224
2022-08-11T22:45:53,133,91,11,224
2022-08-11T22:54:54,133,91,11,224
2022-08-11T23:03:54,133,91,11,224
2022-08-11T23:12:55,133,91,11,224
2022-08-11T23:21:56,133,91,11,224
2022-08-11T23:30:56,133,91,11,224
2022-08-11T23:39:56,133,91,11,224
2022-08-11T23:48:56,133,91,11,224
2022-08-11T23:57:56,133,91,11,224
2022-08-12T00:06:57,133,91,11,224
2022-08-12T00:16:00,133,91,11,224
2022-08-12T00:25:03,133,91,11,224
2022-08-12T00:34:07,133,91,11,224
2022-08-12T00:43:10,133,91,11,224
2022-08-12T00:52:13,133,91,11,224
2022-08-12T01:01:16,133,91,11,224
2022-08-12T01:10:19,133,91,11,224
2022-08-12T01:19:22,133,91,11,224
2022-08-12T01:28:25,133,91,11,224
2022-08-12T01:37:28,133,91,11,224
2022-08-12T01:46:31,133,91,11,224
2022-08-12T01:55:34,133,91,11,224
2022-08-12T02:04:35,133,91,11,224
2022-08-12T02:13:36,133,91,11,224
2022-08-12T02:22:40,133,91,11,224
2022-08-12T02:32:02,133,91,11,224
2022-08-12T02:41:06,133,91,11,224
2022-08-12T02:50:09,133,91,11,224
2022-08-12T02:59:10,133,91,11,224
2022-08-12T03:08:12,133,91,11,224
2022-08-12T03:17:13,133,91,11,224
2022-08-12T03:26:13,133,91,11,224
2022-08-12T03:35:15,133,91,11,224
2022-08-12T03:44:18,133,91,11,224
2022-08-12T03:53:21,133,91,11,224
2022-08-12T04:02:23,133,91,11,224
2022-08-12T04:11:25,133,91,11,224
2022-08-12T04:24:19,133,91,11,224
2022-08-12T04:33:47,133,91,11,224
2022-08-12T04:42:51,133,91,11,224
2022-08-12T04:51:55,133,91,11,224
2022-08-12T05:00:58,133,91,11,224
2022-08-12T05:10:04,133,91,11,224
2022-08-12T05:19:07,133,91,11,224
2022-08-12T05:28:10,133,91,11,224
2022-08-12T05:37:13,133,91,11,224
2022-08-12T05:46:15,133,91,11,224
2022-08-12T05:55:18,133,91,11,224
2022-08-12T06:04:21,133,91,11,224
2022-08-12T06:13:23,133,91,11,224
2022-08-12T06:22:24,133,91,11,224
2022-08-12T06:31:25,133,91,11,224
2022-08-12T06:40:26,133,91,11,224
2022-08-12T06:49:26,133,91,11,224
2022-08-12T06:58:26,133,91,11,224
2022-08-12T07:07:28,133,91,11,224
2022-08-12T07:16:28,133,91,11,224
2022-08-12T07:25:29,133,91,11,224
2022-08-12T07:34:30,133,91,11,224
2022-08-12T07:43:31,133,91,11,224
2022-08-12T07:52:31,133,91,11,224
2022-08-12T08:01:32,133,91,11,224
2022-08-12T08:10:33,133,91,11,224
2022-08-12T08:19:34,133,91,11,224
2022-08-12T08:28:35,133,91,11,224
2022-08-12T08:37:37,133,91,11,224
2022-08-12T08:46:38,133,91,11,224
2022-08-12T08:55:38,133,91,11,224
2022-08-12T09:04:39,133,91,11,224
2022-08-12T09:13:40,133,91,11,224
2022-08-12T09:22:41,133,91,11,224
2022-08-12T09:31:42,133,91,11,224
2022-08-12T09:40:47,133,91,11,224
2022-08-12T09:49:48,133,91,11,224
2022-08-12T09:58:49,133,91,11,224
2022-08-12T10:07:50,133,91,11,224
2022-08-12T10:16:51,133,91,11,224
2022-08-12T10:25:52,133,91,11,224
2022-08-12T10:34:53,133,91,11,224
2022-08-12T10:43:54,133,91,11,224
2022-08-12T10:52:56,133,91,11,224
2022-08-12T11:01:57,133,91,11,224
2022-08-12T11:11:09,133,91,11,224
2022-08-12T11:20:12,133,91,11,224
2022-08-12T11:29:14,133,91,11,224
2022-08-12T11:38:16,133,91,11,224
2022-08-12T11:47:19,133,91,11,224
2022-08-12T11:56:20,133,91,11,224
2022-08-12T12:05:32,133,91,11,224
2022-08-12T12:14:33,133,91,11,224
2022-08-12T12:23:35,133,91,11,224
2022-08-12T12:32:36,133,91,11,224
2022-08-12T12:41:38,133,91,11,224
2022-08-12T12:50:40,133,91,11,224
2022-08-12T12:59:41,133,91,11,224
2022-08-12T13:08:43,133,91,11,224
2022-08-12T13:17:44,133,91,11,224
2022-08-12T13:26:46,133,91,11,224
2022-08-12T13:35:58,133,91,11,224
2022-08-12T13:44:59,133,91,11,224
2022-08-12T13:54:01,133,91,11,224
2022-08-12T14:03:03,133,91,11,224
2022-08-12T14:12:05,133,91,11,224
2022-08-12T14:21:07,133,91,11,224
2022-08-12T14:30:10,133,91,11,224
2022-08-12T14:39:11,133,91,11,224
2022-08-12T14:48:13,133,91,11,224
2022-08-12T14:57:15,133,91,11,224
2022-08-12T15:06:17,133,91,11,224
2022-08-12T15:15:19,133,91,11,224
2022-08-12T15:24:33,133,91,11,224
2022-08-12T15:33:35,133,91,11,224
2022-08-12T15:42:36,133,91,11,224
2022-08-12T15:51:38,133,91,11,224
2022-08-12T16:00:40,133,91,11,224
2022-08-12T16:09:41,133,91,11,224
2022-08-12T16:18:42,133,91,11,224
2022-08-12T16:27:43,133,91,11,224
2022-08-12T16:36:45,133,91,11,224
2022-08-12T16:45:46,133,91,11,224
2022-08-12T16:54:47,133,91,11,224
2022-08-12T17:03:48,133,91,11,224
2022-08-12T17:12:50,133,91,11,224
2022-08-12T17:21:51,133,91,11,224
2022-08-12T17:30:51,133,91,11,224
2022-08-12T17:39:52,133,91,11,224
2022-08-12T17:48:52,133,91,11,224
2022-08-12T17:57:52,133,91,11,224
2022-08-12T18:07:04,133,91,11,224
2022-08-12T18:16:05,133,91,11,224
2022-08-12T18:25:05,133,91,11,224
2022-08-12T18:34:06,133,91,11,224
2022-08-12T18:43:06,133,91,11,224
2022-08-12T18:52:06,133,91,11,224
2022-08-12T19:01:07,133,91,11,224
2022-08-12T19:10:08,133,91,11,224
2022-08-12T19:19:09,133,91,11,224
2022-08-12T19:28:10,133,91,11,224
2022-08-12T19:37:11,133,91,11,224
2022-08-12T19:46:12,133,91,11,224
2022-08-12T19:55:14,133,91,11,224
2022-08-12T20:04:15,133,91,11,224
2022-08-12T20:13:16,133,91,11,224
2022-08-12T20:22:17,133,91,11,224
2022-08-12T20:31:18,133,91,11,224
2022-08-12T20:40:19,133,91,11,224
2022-08-12T20:49:19,133,91,11,224
2022-08-12T20:58:19,133,91,11,224
2022-08-12T21:07:20,133,91,11,224
2022-08-12T21:16:20,133,91,11,224
2022-08-12T21:25:21,133,91,11,224
2022-08-12T21:34:21,133,91,11,224
2022-08-12T21:43:21,133,91,11,224
2022-08-12T21:52:21,133,91,11,224
2022-08-12T22:01:22,133,91,11,224
2022-08-12T22:10:33,133,91,11,224
2022-08-12T22:19:33,133,91,11,224
2022-08-12T22:28:34,133,91,11,224
2022-08-12T22:37:35,133,91,11,224
2022-08-12T22:46:35,133,91,11,224
2022-08-12T22:55:35,133,91,11,224
2022-08-12T23:04:36,133,91,11,224
2022-08-12T23:13:37,133,91,11,224
2022-08-12T23:22:37,133,91,11,224
2022-08-12T23:31:38,133,91,11,224
2022-08-12T23:40:39,133,91,11,224
2022-08-12T23:49:40,133,91,11,224
2022-08-12T23:58:40,133,91,11,224
2022-08-13T00:07:41,133,91,11,224
2022-08-13T00:16:48,133,91,11,224
2022-08-13T00:25:50,133,91,11,224
2022-08-13T00:34:53,133,91,11,224
2022-08-13T00:43:56,133,91,11,224
2022-08-13T00:53:10,133,91,11,224
2022-08-13T01:02:14,133,91,11,224
2022-08-13T01:11:17,133,91,11,224
2022-08-13T01:20:21,133,91,11,224
2022-08-13T01:29:24,133,91,11,224
2022-08-13T01:38:28,133,91,11,224
2022-08-13T01:47:31,133,91,11,224
2022-08-13T01:56:33,133,91,11,224
2022-08-13T02:05:36,133,91,11,224
2022-08-13T02:14:38,133,91,11,224
2022-08-13T02:23:39,133,91,11,224
2022-08-13T02:32:39,133,91,11,224
2022-08-13T02:41:40,133,91,11,224
2022-08-13T02:50:40,133,91,11,224
2022-08-13T02:59:40,133,91,11,224
2022-08-13T03:08:41,133,91,11,224
2022-08-13T03:17:41,133,91,11,224
2022-08-13T03:26:41,133,91,11,224
2022-08-13T03:35:42,133,91,11,224
2022-08-13T03:44:44,133,91,11,224
2022-08-13T03:53:45,133,91,11,224
2022-08-13T04:02:48,133,91,11,224
2022-08-13T04:11:51,133,91,11,224
2022-08-13T04:21:39,133,91,11,224
2022-08-13T04:30:58,133,91,11,224
2022-08-13T04:40:02,133,91,11,224
2022-08-13T04:49:06,133,91,11,224
2022-08-13T04:58:08,133,91,11,224
2022-08-13T05:07:09,133,91,11,224
2022-08-13T05:16:09,133,91,11,224
2022-08-13T05:25:10,133,91,11,224
2022-08-13T05:34:11,133,91,11,224
2022-08-13T05:43:14,133,91,11,224
2022-08-13T05:52:29,133,91,11,224
2022-08-13T06:01:32,133,91,11,224
2022-08-13T06:10:35,133,91,11,224
2022-08-13T06:19:38,133,91,11,224
2022-08-13T06:28:42,133,91,11,224
2022-08-13T06:37:45,133,91,11,224
2022-08-13T06:46:49,133,91,11,224
2022-08-13T06:55:51,133,91,11,224
2022-08-13T07:04:54,133,91,11,224
2022-08-13T07:13:57,133,91,11,224
2022-08-13T07:23:01,133,91,11,224
2022-08-13T07:32:03,133,91,11,224
2022-08-13T07:41:08,133,91,11,224
2022-08-13T07:50:11,133,91,11,224
2022-08-13T07:59:16,133,91,11,224
2022-08-13T08:08:25,133,91,11,224
2022-08-13T08:17:32,133,91,11,224
2022-08-13T08:26:34,133,91,11,224
2022-08-13T08:35:37,133,91,11,224
2022-08-13T08:44:39,133,91,11,224
2022-08-13T08:53:41,133,91,11,224
2022-08-13T09:02:43,133,91,11,224
2022-08-13T09:11:46,133,91,11,224
2022-08-13T09:20:48,133,91,11,224
2022-08-13T09:29:51,133,91,11,224
2022-08-13T09:38:53,133,91,11,224
2022-08-13T09:47:57,133,91,11,224
2022-08-13T09:56:58,133,91,11,224
2022-08-13T10:06:00,133,91,11,224
2022-08-13T10:15:02,133,91,11,224
2022-08-13T10:24:05,133,91,11,224
2022-08-13T10:33:07,133,91,11,224
2022-08-13T10:42:08,133,91,11,224
2022-08-13T10:51:09,133,91,11,224
2022-08-13T11:00:09,133,91,11,224
2022-08-13T11:09:09,133,91,11,224
2022-08-13T11:18:09,133,91,11,224
2022-08-13T11:27:09,133,91,11,224
2022-08-13T11:36:10,133,91,11,224
2022-08-13T11:45:11,133,91,11,224
2022-08-13T11:54:11,133,91,11,224
2022-08-13T12:03:11,133,91,11,224
2022-08-13T12:12:12,133,91,11,224
2022-08-13T12:21:12,133,91,11,224
2022-08-13T12:30:13,133,91,11,224
2022-08-13T12:39:14,133,91,11,224
2022-08-13T12:48:15,133,91,11,224
2022-08-13T12:57:14,133,91,11,224
2022-08-13T13:06:20,133,91,11,224
2022-08-13T13:15:26,133,91,11,224
2022-08-13T13:24:34,133,91,11,224
2022-08-13T13:33:40,133,91,11,224
2022-08-13T13:42:47,133,91,11,224
2022-08-13T13:51:54,133,91,11,224
2022-08-13T14:01:01,133,91,11,224
2022-08-13T14:10:09,133,91,11,224
2022-08-13T14:19:17,133,91,11,224
2022-08-13T14:28:24,133,91,11,224
2022-08-13T14:37:29,133,91,11,224
2022-08-13T14:46:33,133,91,11,224
2022-08-13T14:55:36,133,91,11,224
2022-08-13T15:04:38,133,91,11,224
2022-08-13T15:13:38,133,91,11,224
2022-08-13T15:22:38,133,91,11,224
2022-08-13T15:31:38,133,91,11,224
2022-08-13T15:40:38,133,91,11,224
2022-08-13T15:49:38,133,91,11,224
2022-08-13T15:58:38,133,91,11,224
2022-08-13T16:07:38,133,91,11,224
2022-08-13T16:16:38,133,91,11,224
2022-08-13T16:25:38,133,91,11,224
2022-08-13T16:34:38,133,91,11,224
2022-08-13T16:43:38,133,91,11,224
2022-08-13T16:52:38,133,91,11,224
2022-08-13T17:01:38,133,91,11,224
2022-08-13T17:10:38,133,91,11,224
2022-08-13T17:19:39,133,91,11,224
2022-08-13T17:28:39,133,91,11,224
2022-08-13T17:37:38,133,91,11,224
2022-08-13T17:46:39,133,91,11,224
2022-08-13T17:55:38,133,91,11,224
2022-08-13T18:04:38,133,91,11,224
2022-08-13T18:13:38,133,91,11,224
2022-08-13T18:22:38,133,91,11,224
2022-08-13T18:31:38,133,91,11,224
2022-08-13T18:40:38,133,91,11,224
2022-08-13T18:49:38,133,91,11,224
2022-08-13T18:58:38,133,91,11,224
2022-08-13T19:07:38,133,91,11,224
2022-08-13T19:16:38,133,91,11,224
2022-08-13T19:25:38,133,91,11,224
2022-08-13T19:34:38,133,91,11,224
2022-08-13T19:43:38,133,91,11,224
2022-08-13T19:52:39,133,91,11,224
2022-08-13T20:01:39,133,91,11,224
2022-08-13T20:10:39,133,91,11,224
2022-08-13T20:19:39,133,91,11,224
2022-08-13T20:28:39,133,91,11,224
2022-08-13T20:37:38,133,91,11,224
2022-08-13T20:46:41,133,91,11,224
2022-08-13T20:55:41,133,91,11,224
2022-08-13T21:04:41,133,91,11,224
2022-08-13T21:13:41,133,91,11,224
2022-08-13T21:22:40,133,91,11,224
2022-08-13T21:31:40,133,91,11,224
2022-08-13T21:40:40,133,91,11,224
2022-08-13T21:49:40,133,91,11,224
2022-08-13T21:58:40,133,91,11,224
2022-08-13T22:07:40,133,91,11,224
2022-08-13T22:16:40,133,91,11,224
2022-08-13T22:25:40,133,91,11,224
2022-08-13T22:34:41,133,91,11,224
2022-08-13T22:43:41,133,91,11,224
2022-08-13T22:52:41,133,91,11,224
2022-08-13T23:01:41,133,91,11,224
2022-08-13T23:10:42,133,91,11,224
2022-08-13T23:19:42,133,91,11,224
2022-08-13T23:28:42,133,91,11,224
2022-08-13T23:37:42,133,91,11,224
2022-08-13T23:46:42,133,91,11,224
2022-08-13T23:55:42,133,91,11,224
2022-08-14T00:04:43,133,91,11,224
2022-08-14T00:13:45,133,91,11,224
2022-08-14T00:22:48,133,91,11,224
2022-08-14T00:31:48,133,91,11,224
2022-08-14T00:40:49,133,91,11,224
2022-08-14T00:49:49,133,91,11,224
2022-08-14T00:58:48,133,91,11,224
2022-08-14T01:07:48,133,91,11,224
2022-08-14T01:16:48,133,91,11,224
2022-08-14T01:25:48,133,91,11,224
2022-08-14T01:34:47,133,91,11,224
2022-08-14T01:43:47,133,91,11,224
2022-08-14T01:52:47,133,91,11,224
2022-08-14T02:01:47,133,91,11,224
2022-08-14T02:10:47,133,91,11,224
2022-08-14T02:19:46,133,91,11,224
2022-08-14T02:28:53,133,91,11,224
2022-08-14T02:38:00,133,91,11,224
2022-08-14T02:47:04,133,91,11,224
2022-08-14T02:56:08,133,91,11,224
2022-08-14T03:05:31,133,91,11,224
2022-08-14T03:14:36,133,91,11,224
2022-08-14T03:23:39,133,91,11,224
2022-08-14T03:32:42,133,91,11,224
2022-08-14T03:41:46,133,91,11,224
2022-08-14T03:50:48,133,91,11,224
2022-08-14T03:59:50,133,91,11,224
2022-08-14T04:22:49,133,91,11,224
2022-08-14T04:31:54,133,91,11,224
2022-08-14T04:40:58,133,91,11,224
2022-08-14T04:50:03,133,91,11,224
2022-08-14T04:59:07,133,91,11,224
2022-08-14T05:08:11,133,91,11,224
2022-08-14T05:17:15,133,91,11,224
2022-08-14T05:26:17,133,91,11,224
2022-08-14T05:35:20,133,91,11,224
2022-08-14T05:44:23,133,91,11,224
2022-08-14T05:53:25,133,91,11,224
2022-08-14T06:02:27,133,91,11,224
2022-08-14T06:11:30,133,91,11,224
2022-08-14T06:20:32,133,91,11,224
2022-08-14T06:29:34,133,91,11,224
2022-08-14T06:38:38,133,91,11,224
2022-08-14T06:47:40,133,91,11,224
2022-08-14T06:56:40,133,91,11,224
2022-08-14T07:05:40,133,91,11,224
2022-08-14T07:14:41,133,91,11,224
2022-08-14T07:23:41,133,91,11,224
2022-08-14T07:32:41,133,91,11,224
2022-08-14T07:41:42,133,91,11,224
2022-08-14T07:50:43,133,91,11,224
2022-08-14T07:59:43,133,91,11,224
2022-08-14T08:08:43,133,91,11,224
2022-08-14T08:17:43,133,91,11,224
2022-08-14T08:26:44,133,91,11,224
2022-08-14T08:35:45,133,91,11,224
2022-08-14T08:44:44,133,91,11,224
2022-08-14T08:53:44,133,91,11,224
2022-08-14T09:02:44,133,91,11,224
2022-08-14T09:11:44,133,91,11,224
2022-08-14T09:20:44,133,91,11,224
2022-08-14T09:29:43,133,91,11,224
2022-08-14T09:38:43,133,91,11,224
2022-08-14T09:47:44,133,91,11,224
2022-08-14T09:56:44,133,91,11,224
2022-08-14T10:05:45,133,91,11,224
2022-08-14T10:14:45,133,91,11,224
2022-08-14T10:23:45,133,91,11,224
2022-08-14T10:32:46,133,91,11,224
2022-08-14T10:41:46,133,91,11,224
2022-08-14T10:50:46,133,91,11,224
2022-08-14T10:59:46,133,91,11,224
2022-08-14T11:08:47,133,91,11,224
2022-08-14T11:17:47,133,91,11,224
2022-08-14T11:26:48,133,91,11,224
2022-08-14T11:35:48,133,91,11,224
2022-08-14T11:44:49,133,91,11,224
2022-08-14T11:53:49,133,91,11,224
2022-08-14T12:02:49,133,91,11,224
2022-08-14T12:11:49,133,91,11,224
2022-08-14T12:20:50,133,91,11,224
2022-08-14T12:29:50,133,91,11,224
2022-08-14T12:38:50,133,91,11,224
2022-08-14T12:47:50,133,91,11,224
2022-08-14T12:56:50,133,91,11,224
2022-08-14T13:05:50,133,91,11,224
2022-08-14T13:14:50,133,91,11,224
2022-08-14T13:23:50,133,91,11,224
2022-08-14T13:32:50,133,91,11,224
2022-08-14T13:41:50,133,91,11,224
2022-08-14T13:50:50,133,91,11,224
2022-08-14T13:59:50,133,91,11,224
2022-08-14T14:08:50,133,91,11,224
2022-08-14T14:17:50,133,91,11,224
2022-08-14T14:26:51,133,91,11,224
2022-08-14T14:35:51,133,91,11,224
2022-08-14T14:44:51,133,91,11,224
2022-08-14T14:53:51,133,91,11,224
2022-08-14T15:02:51,133,91,11,224
2022-08-14T15:11:51,133,91,11,224
2022-08-14T15:20:51,133,91,11,224
2022-08-14T15:29:51,133,91,11,224
2022-08-14T15:38:51,133,91,11,224
2022-08-14T15:47:51,133,91,11,224
2022-08-14T15:56:51,133,91,11,224
2022-08-14T16:05:51,133,91,11,224
2022-08-14T16:14:51,133,91,11,224
2022-08-14T16:23:52,133,91,11,224
2022-08-14T16:32:52,133,91,11,224
2022-08-14T16:41:53,133,91,11,224
2022-08-14T16:50:53,133,91,11,224
2022-08-14T16:59:53,133,91,11,224
2022-08-14T17:08:53,133,91,11,224
2022-08-14T17:17:53,133,91,11,224
2022-08-14T17:26:53,133,91,11,224
2022-08-14T17:35:53,133,91,11,224
2022-08-14T17:44:53,133,91,11,224
2022-08-14T17:53:52,133,91,11,224
2022-08-14T18:02:53,133,91,11,224
2022-08-14T18:11:52,133,91,11,224
2022-08-14T18:20:53,133,91,11,224
2022-08-14T18:29:53,133,91,11,224
2022-08-14T18:38:53,133,91,11,224
2022-08-14T18:47:53,133,91,11,224
2022-08-14T18:56:53,133,91,11,224
2022-08-14T19:05:55,133,91,11,224
2022-08-14T19:14:56,133,91,11,224
2022-08-14T19:23:57,133,91,11,224
2022-08-14T19:32:57,133,91,11,224
2022-08-14T19:42:00,133,91,11,224
2022-08-14T19:50:59,133,91,11,224
2022-08-14T19:59:59,133,91,11,224
2022-08-14T20:08:59,133,91,11,224
2022-08-14T20:17:59,133,91,11,224
2022-08-14T20:26:59,133,91,11,224
2022-08-14T20:35:59,133,91,11,224
2022-08-14T20:44:59,133,91,11,224
2022-08-14T20:53:59,133,91,11,224
2022-08-14T21:03:00,133,91,11,224
2022-08-14T21:12:01,133,91,11,224
2022-08-14T21:21:01,133,91,11,224
2022-08-14T21:30:01,133,91,11,224
2022-08-14T21:39:02,133,91,11,224
2022-08-14T21:48:02,133,91,11,224
2022-08-14T21:57:02,133,91,11,224
2022-08-14T22:06:02,133,91,11,224
2022-08-14T22:15:02,133,91,11,224
2022-08-14T22:24:02,133,91,11,224
2022-08-14T22:33:03,133,91,11,224
2022-08-14T22:42:03,133,91,11,224
2022-08-14T22:51:11,133,91,11,224
2022-08-14T23:00:12,133,91,11,224
2022-08-14T23:09:14,133,91,11,224
2022-08-14T23:18:14,133,91,11,224
2022-08-14T23:27:15,133,91,11,224
2022-08-14T23:36:16,133,91,11,224
2022-08-14T23:45:17,133,91,11,224
2022-08-14T23:54:18,133,91,11,224
2022-08-15T00:03:18,133,91,11,224
2022-08-15T00:12:23,133,91,11,224
2022-08-15T00:21:26,133,91,11,224
2022-08-15T00:30:28,133,91,11,224
2022-08-15T00:39:31,133,91,11,224
2022-08-15T00:48:32,133,91,11,224
2022-08-15T00:57:34,133,91,11,224
2022-08-15T01:06:38,133,91,11,224
2022-08-15T01:15:42,133,91,11,224
2022-08-15T01:24:46,133,91,11,224
2022-08-15T01:33:49,133,91,11,224
2022-08-15T01:42:51,133,91,11,224
2022-08-15T01:51:53,133,91,11,224
2022-08-15T02:00:56,133,91,11,224
2022-08-15T02:10:08,133,91,11,224
2022-08-15T02:19:10,133,91,11,224
2022-08-15T02:28:11,133,91,11,224
2022-08-15T02:37:13,133,91,11,224
2022-08-15T02:46:14,133,91,11,224
2022-08-15T02:55:16,133,91,11,224
2022-08-15T03:04:16,133,91,11,224
2022-08-15T03:13:18,133,91,11,224
2022-08-15T03:22:18,133,91,11,224
2022-08-15T03:31:19,133,91,11,224
2022-08-15T03:40:21,133,91,11,224
2022-08-15T03:49:25,133,91,11,224
2022-08-15T03:58:29,133,91,11,224
2022-08-15T04:07:31,133,91,11,224
2022-08-15T04:25:21,133,91,11,224
2022-08-15T04:34:47,133,91,11,224
2022-08-15T04:43:50,133,91,11,224
2022-08-15T04:52:54,133,91,11,224
2022-08-15T05:01:57,133,91,11,224
2022-08-15T05:11:00,133,91,11,224
2022-08-15T05:20:04,133,91,11,224
2022-08-15T05:29:28,133,91,11,224
2022-08-15T05:39:33,133,91,11,224
2022-08-15T05:48:34,133,91,11,224
2022-08-15T05:57:36,133,91,11,224
2022-08-15T06:06:40,133,91,11,224
2022-08-15T06:15:41,133,91,11,224
2022-08-15T06:24:43,133,91,11,224
2022-08-15T06:33:45,133,91,11,224
2022-08-15T06:42:47,133,91,11,224
2022-08-15T06:51:47,133,91,11,224
2022-08-15T07:00:48,133,91,11,224
2022-08-15T07:09:50,133,91,11,224
2022-08-15T07:18:51,133,91,11,224
2022-08-15T07:27:52,133,91,11,224
2022-08-15T07:36:53,133,91,11,224
2022-08-15T07:45:55,133,91,11,224
2022-08-15T07:54:56,133,91,11,224
2022-08-15T08:03:58,133,91,11,224
2022-08-15T08:12:59,133,91,11,224
2022-08-15T08:22:00,133,91,11,224
2022-08-15T08:31:03,133,91,11,224
2022-08-15T08:40:04,133,91,11,224
2022-08-15T08:49:05,133,91,11,224
2022-08-15T08:58:06,133,91,11,224
2022-08-15T09:07:08,133,91,11,224
2022-08-15T09:16:09,133,91,11,224
2022-08-15T09:25:11,133,91,11,224
2022-08-15T09:34:17,133,91,11,224
2022-08-15T09:43:20,133,91,11,224
2022-08-15T09:52:22,133,91,11,224
2022-08-15T10:01:25,133,91,11,224
2022-08-15T10:10:29,133,91,11,224
2022-08-15T10:19:31,133,91,11,224
2022-08-15T10:28:33,133,91,11,224
2022-08-15T10:37:44,133,91,11,224
2022-08-15T10:46:46,133,91,11,224
2022-08-15T10:55:49,133,91,11,224
2022-08-15T11:04:51,133,91,11,224
2022-08-15T11:13:54,133,91,11,224
2022-08-15T11:22:56,133,91,11,224
2022-08-15T11:31:59,133,91,11,224
2022-08-15T11:41:01,133,91,11,224
2022-08-15T11:50:17,133,91,11,224
2022-08-15T11:59:20,133,91,11,224
2022-08-15T12:08:23,133,91,11,224
2022-08-15T12:17:26,133,91,11,224
2022-08-15T12:26:38,133,91,11,224
2022-08-15T12:35:40,133,91,11,224
2022-08-15T12:44:43,133,91,11,224
2022-08-15T12:53:45,133,91,11,224
2022-08-15T13:02:57,133,91,11,224
2022-08-15T13:11:59,133,91,11,224
2022-08-15T13:21:01,133,91,11,224
2022-08-15T13:30:03,133,91,11,224
2022-08-15T13:39:06,133,91,11,224
2022-08-15T13:48:10,133,91,11,224
2022-08-15T13:57:13,133,91,11,224
2022-08-15T14:06:15,133,91,11,224
2022-08-15T14:15:29,133,91,11,224
2022-08-15T14:24:33,133,91,11,224
2022-08-15T14:33:36,133,91,11,224
2022-08-15T14:42:38,133,91,11,224
2022-08-15T14:51:41,133,91,11,224
2022-08-15T15:00:43,133,91,11,224
2022-08-15T15:09:46,133,91,11,224
2022-08-15T15:18:48,133,91,11,224
2022-08-15T15:28:00,133,91,11,224
2022-08-15T15:37:03,133,91,11,224
2022-08-15T15:46:05,133,91,11,224
2022-08-15T15:55:08,133,91,11,224
2022-08-15T16:04:15,133,91,11,224
2022-08-15T16:13:24,133,91,11,224
2022-08-15T16:22:26,133,91,11,224
2022-08-15T16:31:28,133,91,11,224
2022-08-15T16:40:30,133,91,11,224
2022-08-15T16:49:42,133,91,11,224
2022-08-15T16:58:44,133,91,11,224
2022-08-15T17:07:46,133,91,11,224
2022-08-15T17:16:49,133,91,11,224
2022-08-15T17:25:50,133,91,11,224
2022-08-15T17:34:51,133,91,11,224
2022-08-15T17:43:52,133,91,11,224
2022-08-15T17:52:53,133,91,11,224
2022-08-15T18:01:54,133,91,11,224
2022-08-15T18:11:05,133,91,11,224
2022-08-15T18:20:07,133,91,11,224
2022-08-15T18:29:08,133,91,11,224
2022-08-15T18:38:10,133,91,11,224
2022-08-15T18:47:11,133,91,11,224
2022-08-15T18:56:12,133,91,11,224
2022-08-15T19:05:13,133,91,11,224
2022-08-15T19:14:14,133,91,11,224
2022-08-15T19:23:16,133,91,11,224
2022-08-15T19:32:26,133,91,11,224
2022-08-15T19:41:28,133,91,11,224
2022-08-15T19:50:29,133,91,11,224
2022-08-15T19:59:31,133,91,11,224
2022-08-15T20:08:32,133,91,11,224
2022-08-15T20:17:33,133,91,11,224
2022-08-15T20:26:34,133,91,11,224
2022-08-15T20:35:36,133,91,11,224
2022-08-15T20:44:37,133,91,11,224
2022-08-15T20:53:38,133,91,11,224
2022-08-15T21:02:39,133,91,11,224
2022-08-15T21:11:40,133,91,11,224
2022-08-15T21:20:51,133,91,11,224
2022-08-15T21:29:52,133,91,11,224
2022-08-15T21:38:53,133,91,11,224
2022-08-15T21:47:54,133,91,11,224
2022-08-15T21:56:55,133,91,11,224
2022-08-15T22:05:56,133,91,11,224
2022-08-15T22:14:59,133,91,11,224
2022-08-15T22:24:00,133,91,11,224
2022-08-15T22:33:01,133,91,11,224
2022-08-15T22:42:02,133,91,11,224
2022-08-15T22:51:12,133,91,11,224
2022-08-15T23:00:14,133,91,11,224
2022-08-15T23:09:16,133,91,11,224
2022-08-15T23:18:17,133,91,11,224
2022-08-15T23:27:18,133,91,11,224
2022-08-15T23:36:19,133,91,11,224
2022-08-15T23:45:20,133,91,11,224
2022-08-15T23:54:20,133,91,11,224
2022-08-16T00:03:22,133,91,11,224
2022-08-16T00:12:26,133,91,11,224
2022-08-16T00:21:32,133,91,11,224
2022-08-16T00:30:37,133,91,11,224
2022-08-16T00:39:51,133,91,11,224
2022-08-16T00:48:55,133,91,11,224
2022-08-16T00:57:59,133,91,11,224
2022-08-16T01:07:01,133,91,11,224
2022-08-16T01:16:03,133,91,11,224
2022-08-16T01:25:06,133,91,11,224
2022-08-16T01:34:09,133,91,11,224
2022-08-16T01:43:11,133,91,11,224
2022-08-16T01:52:13,133,91,11,224
2022-08-16T02:01:16,133,91,11,224
2022-08-16T02:10:18,133,91,11,224
2022-08-16T02:19:18,133,91,11,224
2022-08-16T02:28:18,133,91,11,224
2022-08-16T02:37:18,133,91,11,224
2022-08-16T02:46:19,133,91,11,224
2022-08-16T02:55:19,133,91,11,224
2022-08-16T03:04:19,133,91,11,224
2022-08-16T03:13:20,133,91,11,224
2022-08-16T03:22:20,133,91,11,224
2022-08-16T03:31:20,133,91,11,224
2022-08-16T03:40:21,133,91,11,224
2022-08-16T03:51:10,133,91,11,224
2022-08-16T04:00:13,133,91,11,224
2022-08-16T04:09:16,133,91,11,224
2022-08-16T04:23:41,133,91,11,224
2022-08-16T04:33:07,133,91,11,224
2022-08-16T04:42:10,133,91,11,224
2022-08-16T04:51:16,133,91,11,224
2022-08-16T05:00:20,133,91,11,224
2022-08-16T05:09:25,133,91,11,224
2022-08-16T05:18:36,133,91,11,224
2022-08-16T05:27:40,133,91,11,224
2022-08-16T05:36:43,133,91,11,224
2022-08-16T05:45:46,133,91,11,224
2022-08-16T05:54:49,133,91,11,224
2022-08-16T06:03:52,133,91,11,224
2022-08-16T06:12:55,133,91,11,224
2022-08-16T06:21:58,133,91,11,224
2022-08-16T06:31:01,133,91,11,224
2022-08-16T06:40:03,133,91,11,224
2022-08-16T06:49:05,133,91,11,224
2022-08-16T06:58:06,133,91,11,224
2022-08-16T07:07:11,133,91,11,224
2022-08-16T07:16:15,133,91,11,224
2022-08-16T07:25:18,133,91,11,224
2022-08-16T07:34:21,133,91,11,224
2022-08-16T07:43:25,133,91,11,224
2022-08-16T07:52:28,133,91,11,224
2022-08-16T08:01:32,133,91,11,224
2022-08-16T08:10:35,133,91,11,224
2022-08-16T08:19:40,133,91,11,224
2022-08-16T08:28:45,133,91,11,224
2022-08-16T08:37:49,133,91,11,224
2022-08-16T08:46:54,133,91,11,224
2022-08-16T08:55:56,133,91,11,224
2022-08-16T09:05:03,133,91,11,224
2022-08-16T09:14:09,133,91,11,224
2022-08-16T09:23:21,133,91,11,224
2022-08-16T09:32:25,133,91,11,224
2022-08-16T09:41:29,133,91,11,224
2022-08-16T09:50:32,133,91,11,224
2022-08-16T09:59:36,133,91,11,224
2022-08-16T10:08:40,133,91,11,224
2022-08-16T10:17:44,133,91,11,224
2022-08-16T10:26:48,133,91,11,224
2022-08-16T10:35:52,133,91,11,224
2022-08-16T10:44:57,133,91,11,224
2022-08-16T10:54:00,133,91,11,224
2022-08-16T11:03:13,133,91,11,224
2022-08-16T11:12:16,133,91,11,224
2022-08-16T11:21:20,133,91,11,224
2022-08-16T11:30:23,133,91,11,224
2022-08-16T11:39:27,133,91,11,224
2022-08-16T11:48:31,133,91,11,224
2022-08-16T11:57:35,133,91,11,224
2022-08-16T12:06:38,133,91,11,224
2022-08-16T12:15:42,133,91,11,224
2022-08-16T12:24:57,133,91,11,224
2022-08-16T12:34:00,133,91,11,224
2022-08-16T12:43:03,133,91,11,224
2022-08-16T12:52:06,133,91,11,224
2022-08-16T13:01:09,133,91,11,224
2022-08-16T13:10:12,133,91,11,224
2022-08-16T13:19:15,133,91,11,224
2022-08-16T13:28:18,133,91,11,224
2022-08-16T13:37:32,133,91,11,224
2022-08-16T13:46:35,133,91,11,224
2022-08-16T13:55:39,133,91,11,224
2022-08-16T14:04:43,133,91,11,224
2022-08-16T14:13:48,133,91,11,224
2022-08-16T14:22:51,133,91,11,224
2022-08-16T14:31:55,133,91,11,224
2022-08-16T14:41:00,133,91,11,224
2022-08-16T14:50:03,133,91,11,224
2022-08-16T14:59:18,133,91,11,224
2022-08-16T15:08:21,133,91,11,224
2022-08-16T15:17:25,133,91,11,224
2022-08-16T15:26:28,133,91,11,224
2022-08-16T15:35:32,133,91,11,224
2022-08-16T15:44:36,133,91,11,224
2022-08-16T15:53:40,133,91,11,224
2022-08-16T16:02:45,133,91,11,224
2022-08-16T16:11:49,133,91,11,224
2022-08-16T16:21:04,133,91,11,224
2022-08-16T16:30:07,133,91,11,224
2022-08-16T16:39:10,133,91,11,224
2022-08-16T16:48:13,133,91,11,224
2022-08-16T16:57:16,133,91,11,224
2022-08-16T17:06:19,133,91,11,224
2022-08-16T17:15:22,133,91,11,224
2022-08-16T17:24:25,133,91,11,224
2022-08-16T17:33:27,133,91,11,224
2022-08-16T17:42:40,133,91,11,224
2022-08-16T17:51:42,133,91,11,224
2022-08-16T18:00:45,133,91,11,224
2022-08-16T18:09:48,133,91,11,224
2022-08-16T18:18:50,133,91,11,224
2022-08-16T18:27:53,133,91,11,224
2022-08-16T18:36:56,133,91,11,224
2022-08-16T18:45:59,133,91,11,224
2022-08-16T18:55:02,133,91,11,224
2022-08-16T19:04:05,133,91,11,224
2022-08-16T19:13:18,133,91,11,224
2022-08-16T19:22:21,133,91,11,224
2022-08-16T19:31:23,133,91,11,224
2022-08-16T19:40:25,133,91,11,224
2022-08-16T19:49:28,133,91,11,224
2022-08-16T19:58:30,133,91,11,224
2022-08-16T20:07:33,133,91,11,224
2022-08-16T20:16:36,133,91,11,224
2022-08-16T20:25:39,133,91,11,224
2022-08-16T20:34:51,133,91,11,224
2022-08-16T20:43:54,133,91,11,224
2022-08-16T20:52:57,133,91,11,224
2022-08-16T21:01:59,133,91,11,224
2022-08-16T21:11:03,133,91,11,224
2022-08-16T21:20:05,133,91,11,224
2022-08-16T21:29:08,133,91,11,224
2022-08-16T21:38:09,133,91,11,224
2022-08-16T21:47:22,133,91,11,224
2022-08-16T21:56:24,133,91,11,224
2022-08-16T22:05:26,133,91,11,224
2022-08-16T22:14:29,133,91,11,224
2022-08-16T22:23:31,133,91,11,224
2022-08-16T22:32:33,133,91,11,224
2022-08-16T22:41:36,133,91,11,224
2022-08-16T22:50:48,133,91,11,224
2022-08-16T22:59:50,133,91,11,224
2022-08-16T23:08:52,133,91,11,224
2022-08-16T23:17:56,133,91,11,224
2022-08-16T23:26:59,133,91,11,224
2022-08-16T23:36:02,133,91,11,224
2022-08-16T23:45:04,133,91,11,224
2022-08-16T23:54:06,133,91,11,224
2022-08-17T00:03:09,133,91,11,224
2022-08-17T00:12:29,133,91,11,224
2022-08-17T00:21:40,133,91,11,224
2022-08-17T00:30:44,133,91,11,224
2022-08-17T00:39:47,133,91,11,224
2022-08-17T00:48:52,133,91,11,224
2022-08-17T00:57:59,133,91,11,224
2022-08-17T01:07:04,133,91,11,224
2022-08-17T01:16:08,133,91,11,224
2022-08-17T01:25:14,133,91,11,224
2022-08-17T01:34:26,133,91,11,224
2022-08-17T01:43:37,133,91,11,224
2022-08-17T01:52:58,133,91,11,224
2022-08-17T02:02:09,133,91,11,224
2022-08-17T02:11:18,133,91,11,224
2022-08-17T02:20:27,133,91,11,224
2022-08-17T02:29:36,133,91,11,224
2022-08-17T02:38:46,133,91,11,224
2022-08-17T02:47:55,133,91,11,224
2022-08-17T02:57:02,133,91,11,224
2022-08-17T03:06:07,133,91,11,224
2022-08-17T03:15:12,133,91,11,224
2022-08-17T03:24:16,133,91,11,224
2022-08-17T03:33:17,133,91,11,224
2022-08-17T03:42:19,133,91,11,224
2022-08-17T03:51:22,133,91,11,224
2022-08-17T04:02:17,133,91,11,224
2022-08-17T04:18:08,133,91,11,224
2022-08-17T04:29:59,133,91,11,224
2022-08-17T04:39:27,133,91,11,224
2022-08-17T04:48:33,133,91,11,224
2022-08-17T04:57:38,133,91,11,224
2022-08-17T05:06:46,133,91,11,224
2022-08-17T05:15:53,133,91,11,224
2022-08-17T05:24:58,133,91,11,224
2022-08-17T05:34:02,133,91,11,224
2022-08-17T05:43:06,133,91,11,224
2022-08-17T05:52:10,133,91,11,224
2022-08-17T06:01:14,133,91,11,224
2022-08-17T06:10:18,133,91,11,224
2022-08-17T06:19:22,133,91,11,224
2022-08-17T06:28:26,133,91,11,224
2022-08-17T06:37:31,133,91,11,224
2022-08-17T06:46:35,133,91,11,224
2022-08-17T06:55:39,133,91,11,224
2022-08-17T07:04:47,133,91,11,224
2022-08-17T07:13:51,133,91,11,224
2022-08-17T07:22:55,133,91,11,224
2022-08-17T07:32:09,133,91,11,224
2022-08-17T07:41:13,133,91,11,224
2022-08-17T07:50:18,133,91,11,224
2022-08-17T07:59:23,133,91,11,224
2022-08-17T08:08:28,135,89,11,224
2022-08-17T08:17:32,140,84,11,224
2022-08-17T08:26:38,142,82,11,224
2022-08-17T08:35:42,142,82,11,224
2022-08-17T08:44:46,144,80,11,224
2022-08-17T08:53:51,144,80,11,224
2022-08-17T09:02:57,146,78,11,224
2022-08-17T09:12:12,147,77,11,224
2022-08-17T09:21:20,148,76,11,224
2022-08-17T09:30:25,149,75,11,224
2022-08-17T09:39:30,149,75,11,224
2022-08-17T09:48:35,149,75,11,224
2022-08-17T09:57:51,149,75,11,224
2022-08-17T10:06:56,150,74,11,224
2022-08-17T10:16:02,150,74,11,224
2022-08-17T10:25:09,151,73,11,224
2022-08-17T10:34:18,153,71,11,224
2022-08-17T10:43:24,154,70,11,224
2022-08-17T10:52:31,154,70,11,224
2022-08-17T11:01:49,154,70,11,224
2022-08-17T11:10:55,154,70,11,224
2022-08-17T11:20:01,155,69,11,224
2022-08-17T11:29:06,156,68,11,224
2022-08-17T11:38:13,156,68,11,224
2022-08-17T11:47:20,156,68,11,224
2022-08-17T11:56:37,157,67,11,224
2022-08-17T12:05:45,157,67,11,224
2022-08-17T12:14:50,159,65,11,224
2022-08-17T12:23:57,159,65,11,224
2022-08-17T12:33:04,160,64,11,224
2022-08-17T12:42:12,160,64,11,224
2022-08-17T12:51:31,161,63,11,224
2022-08-17T13:00:39,161,63,11,224
2022-08-17T13:09:47,161,63,11,224
2022-08-17T13:18:55,163,61,11,224
2022-08-17T13:28:02,162,62,11,224
2022-08-17T13:37:10,163,61,11,224
2022-08-17T13:46:29,164,60,11,224
2022-08-17T13:55:38,166,58,11,224
2022-08-17T14:04:46,167,57,11,224
2022-08-17T14:13:51,167,57,11,224
2022-08-17T14:22:55,167,57,11,224
2022-08-17T14:31:59,167,57,11,224
2022-08-17T14:41:15,167,57,11,224
2022-08-17T14:50:19,167,57,11,224
2022-08-17T14:59:23,167,57,11,224
2022-08-17T15:08:28,167,57,11,224
2022-08-17T15:17:33,167,57,11,224
2022-08-17T15:26:38,167,57,11,224
2022-08-17T15:35:42,167,57,11,224
2022-08-17T15:44:47,167,57,11,224
2022-08-17T15:53:51,167,57,11,224
2022-08-17T16:03:07,167,57,11,224
2022-08-17T16:12:11,167,57,11,224
2022-08-17T16:21:15,167,57,11,224
2022-08-17T16:30:19,167,57,11,224
2022-08-17T16:39:22,167,57,11,224
2022-08-17T16:48:26,168,56,11,224
2022-08-17T16:57:29,168,56,11,224
2022-08-17T17:06:32,168,56,11,224
2022-08-17T17:15:37,168,56,11,224
2022-08-17T17:24:40,168,56,11,224
2022-08-17T17:33:43,168,56,11,224
2022-08-17T17:42:46,168,56,11,224
2022-08-17T17:51:59,168,56,11,224
2022-08-17T18:01:02,168,56,11,224
2022-08-17T18:10:06,168,56,11,224
2022-08-17T18:19:10,168,56,11,224
2022-08-17T18:28:14,168,56,11,224
2022-08-17T18:37:18,168,56,11,224
2022-08-17T18:46:22,168,56,11,224
2022-08-17T18:55:25,168,56,11,224
2022-08-17T19:04:28,168,56,11,224
2022-08-17T19:13:31,168,56,11,224
2022-08-17T19:22:34,168,56,11,224
2022-08-17T19:31:37,168,56,11,224
2022-08-17T19:40:51,168,56,11,224
2022-08-17T19:49:54,168,56,11,224
2022-08-17T19:58:56,168,56,11,224
2022-08-17T20:07:59,168,56,11,224
2022-08-17T20:17:02,168,56,11,224
2022-08-17T20:26:05,169,55,11,224
2022-08-17T20:35:08,169,55,11,224
2022-08-17T20:44:11,169,55,11,224
2022-08-17T20:53:14,169,55,11,224
2022-08-17T21:02:27,169,55,11,224
2022-08-17T21:11:30,169,55,11,224
2022-08-17T21:20:33,169,55,11,224
2022-08-17T21:29:36,169,55,11,224
2022-08-17T21:38:39,169,55,11,224
2022-08-17T21:47:42,169,55,11,224
2022-08-17T21:56:45,169,55,11,224
2022-08-17T22:05:59,169,55,11,224
2022-08-17T22:15:02,169,55,11,224
2022-08-17T22:24:05,169,55,11,224
2022-08-17T22:33:09,169,55,11,224
2022-08-17T22:42:12,169,55,11,224
2022-08-17T22:51:15,169,55,11,224
2022-08-17T23:00:18,169,55,11,224
2022-08-17T23:09:22,169,55,11,224
2022-08-17T23:18:36,169,55,11,224
2022-08-17T23:27:39,169,55,11,224
2022-08-17T23:36:43,169,55,11,224
2022-08-17T23:45:46,169,55,11,224
2022-08-17T23:54:49,169,55,11,224
2022-08-18T00:03:54,169,55,11,224
2022-08-18T00:13:01,169,55,11,224
2022-08-18T00:22:08,169,55,11,224
2022-08-18T00:31:22,169,55,11,224
2022-08-18T00:40:26,169,55,11,224
2022-08-18T00:49:30,169,55,11,224
2022-08-18T00:58:35,169,55,11,224
2022-08-18T01:07:39,169,55,11,224
2022-08-18T01:16:43,169,55,11,224
2022-08-18T01:25:47,169,55,11,224
2022-08-18T01:34:52,169,55,11,224
2022-08-18T01:43:56,169,55,11,224
2022-08-18T01:53:00,169,55,11,224
2022-08-18T02:02:16,169,55,11,224
2022-08-18T02:11:19,169,55,11,224
2022-08-18T02:20:22,169,55,11,224
2022-08-18T02:29:25,169,55,11,224
2022-08-18T02:38:28,169,55,11,224
2022-08-18T02:47:30,169,55,11,224
2022-08-18T02:56:32,169,55,11,224
2022-08-18T03:05:35,169,55,11,224
2022-08-18T03:14:37,169,55,11,224
2022-08-18T03:23:39,169,55,11,224
2022-08-18T03:32:41,169,55,11,224
2022-08-18T03:41:45,169,55,11,224
2022-08-18T03:50:48,169,55,11,224
2022-08-18T03:59:52,169,55,11,224
2022-08-18T04:08:56,169,55,11,224
2022-08-18T04:25:31,169,55,11,224
2022-08-18T04:35:01,169,55,11,224
2022-08-18T04:44:07,169,55,11,224
2022-08-18T04:53:12,169,55,11,224
2022-08-18T05:02:16,169,55,11,224
2022-08-18T05:11:19,169,55,11,224
2022-08-18T05:20:25,169,55,11,224
2022-08-18T05:29:38,169,55,11,224
2022-08-18T05:38:43,169,55,11,224
2022-08-18T05:47:48,169,55,11,224
2022-08-18T05:56:53,169,55,11,224
2022-08-18T06:05:58,169,55,11,224
2022-08-18T06:15:03,169,55,11,224
2022-08-18T06:24:08,169,55,11,224
2022-08-18T06:33:14,169,55,11,224
2022-08-18T06:42:22,169,55,11,224
2022-08-18T06:51:26,169,55,11,224
2022-08-18T07:00:31,169,55,11,224
2022-08-18T07:09:37,169,55,11,224
2022-08-18T07:18:43,169,55,11,224
2022-08-18T07:27:48,169,55,11,224
2022-08-18T07:36:53,169,55,11,224
2022-08-18T07:45:58,169,55,11,224
2022-08-18T07:55:03,169,55,11,224
2022-08-18T08:04:12,170,54,11,224
2022-08-18T08:13:19,171,53,11,224
2022-08-18T08:22:25,171,53,11,224
2022-08-18T08:31:33,172,52,11,224
2022-08-18T08:40:51,173,51,11,224
2022-08-18T08:49:57,177,47,11,224
2022-08-18T08:59:05,180,44,11,224
2022-08-18T09:08:13,184,40,11,224
2022-08-18T09:17:19,186,38,11,224
2022-08-18T09:26:27,188,36,11,224
2022-08-18T09:35:35,190,34,11,224
2022-08-18T09:44:52,191,33,11,224
2022-08-18T09:54:00,193,31,11,224
2022-08-18T10:03:08,194,30,11,224
2022-08-18T10:12:17,195,29,11,224
2022-08-18T10:21:25,196,28,11,224
2022-08-18T10:30:33,195,29,11,224
2022-08-18T10:39:51,197,27,11,224
2022-08-18T10:48:59,199,25,11,224
2022-08-18T10:58:08,204,20,11,224
2022-08-18T11:07:18,207,17,11,224
2022-08-18T11:16:28,207,17,11,224
2022-08-18T11:25:37,208,16,11,224
2022-08-18T11:34:57,211,13,11,224
2022-08-18T11:44:07,214,10,11,224
2022-08-18T11:53:17,216,8,11,224
2022-08-18T12:02:26,217,7,11,224
2022-08-18T12:11:35,217,7,11,224
2022-08-18T12:20:42,218,6,11,224
2022-08-18T12:30:03,220,4,11,224
2022-08-18T12:39:10,222,2,11,224
2022-08-18T12:48:18,224,0,11,224
2022-08-18T12:57:25,224,0,11,224
2022-08-18T13:06:36,224,0,11,224
2022-08-18T13:15:44,224,0,11,224
2022-08-18T13:25:02,224,0,11,224
2022-08-18T13:34:10,224,0,11,224
2022-08-18T13:43:19,224,0,11,224
2022-08-18T13:52:29,224,0,11,224
2022-08-18T14:01:38,224,0,11,224
2022-08-18T14:10:50,224,0,11,224
2022-08-18T14:20:10,224,0,11,224
2022-08-18T14:29:19,224,0,11,224
2022-08-18T14:38:28,224,0,11,224
2022-08-18T14:47:38,224,0,11,224
2022-08-18T14:56:47,224,0,11,224
2022-08-18T15:05:57,224,0,11,224
2022-08-18T15:15:20,224,0,11,224
2022-08-18T15:24:30,224,0,11,224
2022-08-18T15:33:39,224,0,11,224
2022-08-18T15:42:48,224,0,11,224
2022-08-18T15:51:58,224,0,11,224
2022-08-18T16:01:19,224,0,11,224
2022-08-18T16:10:26,224,0,11,224
2022-08-18T16:19:33,224,0,11,224
2022-08-18T16:28:43,224,0,11,224
2022-08-18T16:37:53,224,0,11,224
2022-08-18T16:47:14,224,0,11,224
2022-08-18T16:56:25,224,0,11,224
2022-08-18T17:05:36,224,0,11,224
2022-08-18T17:14:46,224,0,11,224
2022-08-18T17:23:54,224,0,11,224
2022-08-18T17:33:13,224,0,11,224
2022-08-18T17:42:20,224,0,11,224
2022-08-18T17:51:26,224,0,11,224
2022-08-18T18:00:33,224,0,11,224
2022-08-18T18:09:42,224,0,11,224
2022-08-18T18:18:50,224,0,11,224
2022-08-18T18:27:58,224,0,11,224
2022-08-18T18:37:19,224,0,11,224
2022-08-18T18:46:25,224,0,11,224
2022-08-18T18:55:32,224,0,11,224
2022-08-18T19:04:39,224,0,11,224
2022-08-18T19:13:44,224,0,11,224
2022-08-18T19:22:53,224,0,11,224
2022-08-18T19:32:09,224,0,11,224
2022-08-18T19:41:13,224,0,11,224
2022-08-18T19:50:18,224,0,11,224
2022-08-18T19:59:21,224,0,11,224
2022-08-18T20:08:24,224,0,11,224
2022-08-18T20:17:28,224,0,11,224
2022-08-18T20:26:31,224,0,11,224
2022-08-18T20:35:36,224,0,11,224
2022-08-18T20:44:41,224,0,11,224
2022-08-18T20:53:55,224,0,11,224
2022-08-18T21:02:59,224,0,11,224
2022-08-18T21:12:02,224,0,11,224
2022-08-18T21:21:05,224,0,11,224
2022-08-18T21:30:09,224,0,11,224
2022-08-18T21:39:12,224,0,11,224
2022-08-18T21:48:15,224,0,11,224
2022-08-18T21:57:17,224,0,11,224
2022-08-18T22:06:32,224,0,11,224
2022-08-18T22:15:35,224,0,11,224
2022-08-18T22:24:39,224,0,11,224
2022-08-18T22:33:42,224,0,11,224
2022-08-18T22:42:45,224,0,11,224
2022-08-18T22:51:48,224,0,11,224
2022-08-18T23:00:52,224,0,11,224
2022-08-18T23:09:57,224,0,11,224
2022-08-18T23:19:08,224,0,11,224
2022-08-18T23:28:24,224,0,11,224
2022-08-18T23:37:48,224,0,11,224
2022-08-18T23:47:07,224,0,11,224
2022-08-18T23:56:25,224,0,11,224
2022-08-19T00:05:43,224,0,11,224
2022-08-19T00:15:05,224,0,11,224
2022-08-19T00:24:30,224,0,11,224
2022-08-19T00:33:57,224,0,11,224
2022-08-19T00:43:20,224,0,11,224
2022-08-19T00:52:40,224,0,11,224
2022-08-19T01:01:59,224,0,11,224
2022-08-19T01:11:16,224,0,11,224
2022-08-19T01:20:33,224,0,11,224
2022-08-19T01:29:51,224,0,11,224
2022-08-19T01:39:10,224,0,11,224
2022-08-19T01:48:26,224,0,11,224
2022-08-19T01:57:41,224,0,11,224
2022-08-19T02:06:48,224,0,11,224
2022-08-19T02:15:55,224,0,11,224
2022-08-19T02:25:04,224,0,11,224
2022-08-19T02:34:18,224,0,11,224
2022-08-19T02:43:23,224,0,11,224
2022-08-19T02:52:27,224,0,11,224
2022-08-19T03:01:42,224,0,11,224
2022-08-19T03:10:46,224,0,11,224
2022-08-19T03:19:49,224,0,11,224
2022-08-19T03:28:52,224,0,11,224
2022-08-19T03:37:56,224,0,11,224
2022-08-19T03:48:58,224,0,11,224
2022-08-19T03:58:27,224,0,11,224
2022-08-19T04:07:32,224,0,11,224
2022-08-19T04:21:29,224,0,11,224
2022-08-19T04:30:58,224,0,11,224
2022-08-19T04:40:06,224,0,11,224
2022-08-19T04:49:12,224,0,11,224
2022-08-19T04:58:18,224,0,11,224
2022-08-19T05:07:24,224,0,11,224
2022-08-19T05:16:30,224,0,11,224
2022-08-19T05:25:36,224,0,11,224
2022-08-19T05:34:42,224,0,11,224
2022-08-19T05:43:48,224,0,11,224
2022-08-19T05:52:54,224,0,11,224
2022-08-19T06:02:02,224,0,11,224
2022-08-19T06:11:08,224,0,11,224
2022-08-19T06:20:13,224,0,11,224
2022-08-19T06:29:18,224,0,11,224
2022-08-19T06:38:23,224,0,11,224
2022-08-19T06:47:27,224,0,11,224
2022-08-19T06:56:30,224,0,11,224
2022-08-19T07:05:37,224,0,11,224
2022-08-19T07:14:40,224,0,11,224
2022-08-19T07:23:43,224,0,11,224
2022-08-19T07:32:46,224,0,11,224
2022-08-19T07:41:50,224,0,11,224
2022-08-19T07:50:54,224,0,11,224
2022-08-19T07:59:57,224,0,11,224
2022-08-19T08:09:01,224,0,11,224
2022-08-19T08:18:14,224,0,11,224
2022-08-19T08:27:18,224,0,11,224
2022-08-19T08:36:22,224,0,11,224
2022-08-19T08:45:26,224,0,11,224
2022-08-19T08:54:30,224,0,11,224
2022-08-19T09:03:35,224,0,11,224
2022-08-19T09:12:39,224,0,11,224
2022-08-19T09:21:43,224,0,11,224
2022-08-19T09:30:47,224,0,11,224
2022-08-19T09:39:51,224,0,11,224
2022-08-19T09:48:55,224,0,11,224
2022-08-19T09:58:11,224,0,11,224
2022-08-19T10:07:16,224,0,11,224
2022-08-19T10:16:21,224,0,11,224
2022-08-19T10:25:26,224,0,11,224
2022-08-19T10:34:31,224,0,11,224
2022-08-19T10:43:36,224,0,11,224
2022-08-19T10:52:40,224,0,11,224
2022-08-19T11:01:45,224,0,11,224
2022-08-19T11:10:50,224,0,11,224
2022-08-19T11:19:54,224,0,11,224
2022-08-19T11:29:09,224,0,11,224
2022-08-19T11:38:13,224,0,11,224
2022-08-19T11:47:17,224,0,11,224
2022-08-19T11:56:21,224,0,11,224
2022-08-19T12:05:27,224,0,11,224
2022-08-19T12:14:40,224,0,11,224
2022-08-19T12:23:45,224,0,11,224
2022-08-19T12:32:49,224,0,11,224
2022-08-19T12:41:53,224,0,11,224
2022-08-19T12:50:58,224,0,11,224
2022-08-19T13:00:02,224,0,11,224
2022-08-19T13:09:06,224,0,11,224
2022-08-19T13:18:20,224,0,11,224
2022-08-19T13:27:25,224,0,11,224
2022-08-19T13:36:29,224,0,11,224
2022-08-19T13:45:34,224,0,11,224
2022-08-19T13:54:38,224,0,11,224
2022-08-19T14:03:43,224,0,11,224
2022-08-19T14:12:48,224,0,11,224
2022-08-19T14:21:53,224,0,11,224
2022-08-19T14:30:57,224,0,11,224
2022-08-19T14:40:02,224,0,11,224
2022-08-19T14:49:18,224,0,11,224
2022-08-19T14:58:23,224,0,11,224
2022-08-19T15:07:28,224,0,11,224
2022-08-19T15:16:33,224,0,11,224
2022-08-19T15:25:37,224,0,11,224
2022-08-19T15:34:42,224,0,11,224
2022-08-19T15:43:46,224,0,11,224
2022-08-19T15:52:51,224,0,11,224
2022-08-19T16:02:06,224,0,11,224
2022-08-19T16:11:11,224,0,11,224
2022-08-19T16:20:15,224,0,11,224
2022-08-19T16:29:20,224,0,11,224
2022-08-19T16:38:24,224,0,11,224
2022-08-19T16:47:28,224,0,11,224
2022-08-19T16:56:33,224,0,11,224
2022-08-19T17:05:37,224,0,11,224
2022-08-19T17:14:41,224,0,11,224
2022-08-19T17:23:45,224,0,11,224
2022-08-19T17:32:59,224,0,11,224
2022-08-19T17:42:02,224,0,11,224
2022-08-19T17:51:06,224,0,11,224
2022-08-19T18:00:09,224,0,11,224
2022-08-19T18:09:13,224,0,11,224
2022-08-19T18:18:17,224,0,11,224
2022-08-19T18:27:21,224,0,11,224
2022-08-19T18:36:24,224,0,11,224
2022-08-19T18:45:27,224,0,11,224
2022-08-19T18:54:31,224,0,11,224
2022-08-19T19:03:34,224,0,11,224
2022-08-19T19:12:38,224,0,11,224
2022-08-19T19:21:41,224,0,11,224
2022-08-19T19:30:55,224,0,11,224
2022-08-19T19:39:58,224,0,11,224
2022-08-19T19:49:03,224,0,11,224
2022-08-19T19:58:06,224,0,11,224
2022-08-19T20:07:09,224,0,11,224
2022-08-19T20:16:12,224,0,11,224
2022-08-19T20:25:15,224,0,11,224
2022-08-19T20:34:18,224,0,11,224
2022-08-19T20:43:21,224,0,11,224
2022-08-19T20:52:24,224,0,11,224
2022-08-19T21:01:27,224,0,11,224
2022-08-19T21:10:41,224,0,11,224
2022-08-19T21:19:44,224,0,11,224
2022-08-19T21:28:47,224,0,11,224
2022-08-19T21:37:50,224,0,11,224
2022-08-19T21:46:53,224,0,11,224
2022-08-19T21:55:56,224,0,11,224
2022-08-19T22:04:59,224,0,11,224
2022-08-19T22:14:03,224,0,11,224
2022-08-19T22:23:06,224,0,11,224
2022-08-19T22:32:09,224,0,11,224
2022-08-19T22:41:11,224,0,11,224
2022-08-19T22:50:14,224,0,11,224
2022-08-19T22:59:17,224,0,11,224
2022-08-19T23:08:20,224,0,11,224
2022-08-19T23:17:24,224,0,11,224
2022-08-19T23:26:27,224,0,11,224
2022-08-19T23:35:41,224,0,11,224
2022-08-19T23:44:44,224,0,11,224
2022-08-19T23:53:47,224,0,11,224
2022-08-20T00:02:50,224,0,11,224
2022-08-20T00:11:56,224,0,11,224
2022-08-20T00:21:02,224,0,11,224
2022-08-20T00:30:06,224,0,11,224
2022-08-20T00:39:12,224,0,11,224
2022-08-20T00:48:17,224,0,11,224
2022-08-20T00:57:23,224,0,11,224
2022-08-20T01:06:29,224,0,11,224
2022-08-20T01:15:34,224,0,11,224
2022-08-20T01:24:39,224,0,11,224
2022-08-20T01:33:44,224,0,11,224
2022-08-20T01:42:50,224,0,11,224
2022-08-20T01:51:54,224,0,11,224
2022-08-20T02:00:58,224,0,11,224
2022-08-20T02:10:02,224,0,11,224
2022-08-20T02:19:06,224,0,11,224
2022-08-20T02:28:08,224,0,11,224
2022-08-20T02:37:11,224,0,11,224
2022-08-20T02:46:14,224,0,11,224
2022-08-20T02:55:17,224,0,11,224
2022-08-20T03:04:19,224,0,11,224
2022-08-20T03:13:22,224,0,11,224
2022-08-20T03:22:35,224,0,11,224
2022-08-20T03:31:37,224,0,11,224
2022-08-20T03:40:40,224,0,11,224
2022-08-20T03:49:45,224,0,11,224
2022-08-20T03:58:49,224,0,11,224
2022-08-20T04:07:54,224,0,11,224
2022-08-20T04:17:02,224,0,11,224
2022-08-20T04:26:34,224,0,11,224
2022-08-20T04:35:40,224,0,11,224
2022-08-20T04:44:46,224,0,11,224
2022-08-20T04:53:53,224,0,11,224
2022-08-20T05:03:06,224,0,11,224
2022-08-20T05:12:12,224,0,11,224
2022-08-20T05:21:19,224,0,11,224
2022-08-20T05:30:25,224,0,11,224
2022-08-20T05:39:31,224,0,11,224
2022-08-20T05:48:38,224,0,11,224
2022-08-20T05:57:43,224,0,11,224
2022-08-20T06:06:49,224,0,11,224
2022-08-20T06:15:54,224,0,11,224
2022-08-20T06:24:59,224,0,11,224
2022-08-20T06:34:04,224,0,11,224
2022-08-20T06:43:09,224,0,11,224
2022-08-20T06:52:14,224,0,11,224
2022-08-20T07:01:20,224,0,11,224
2022-08-20T07:10:25,224,0,11,224
2022-08-20T07:19:30,224,0,11,224
2022-08-20T07:28:36,224,0,11,224
2022-08-20T07:37:41,224,0,11,224
2022-08-20T07:46:46,224,0,11,224
2022-08-20T07:55:54,224,0,11,224
2022-08-20T08:04:59,224,0,11,224
2022-08-20T08:14:03,224,0,11,224
2022-08-20T08:23:09,224,0,11,224
2022-08-20T08:32:14,224,0,11,224
2022-08-20T08:41:35,224,0,11,224
2022-08-20T08:50:40,224,0,11,224
2022-08-20T08:59:46,224,0,11,224
2022-08-20T09:08:54,224,0,11,224
2022-08-20T09:17:59,224,0,11,224
2022-08-20T09:27:09,224,0,11,224
2022-08-20T09:36:20,224,0,11,224
2022-08-20T09:45:26,224,0,11,224
2022-08-20T09:54:30,224,0,11,224
2022-08-20T10:03:35,224,0,11,224
2022-08-20T10:12:39,224,0,11,224
2022-08-20T10:21:43,224,0,11,224
2022-08-20T10:30:47,224,0,11,224
2022-08-20T10:39:51,224,0,11,224
2022-08-20T10:48:54,224,0,11,224
2022-08-20T10:58:07,224,0,11,224
2022-08-20T11:07:10,224,0,11,224
2022-08-20T11:16:12,224,0,11,224
2022-08-20T11:25:16,224,0,11,224
2022-08-20T11:34:18,224,0,11,224
2022-08-20T11:43:20,224,0,11,224
2022-08-20T11:52:23,224,0,11,224
2022-08-20T12:01:26,224,0,11,224
2022-08-20T12:10:29,224,0,11,224
2022-08-20T12:19:31,224,0,11,224
2022-08-20T12:28:34,224,0,11,224
2022-08-20T12:37:36,224,0,11,224
2022-08-20T12:46:39,224,0,11,224
2022-08-20T12:55:43,224,0,11,224
2022-08-20T13:04:46,224,0,11,224
2022-08-20T13:13:49,224,0,11,224
2022-08-20T13:22:51,224,0,11,224
2022-08-20T13:32:03,224,0,11,224
2022-08-20T13:41:06,224,0,11,224
2022-08-20T13:50:09,224,0,11,224
2022-08-20T13:59:11,224,0,11,224
2022-08-20T14:08:14,224,0,11,224
2022-08-20T14:17:16,224,0,11,224
2022-08-20T14:26:19,224,0,11,224
2022-08-20T14:35:22,224,0,11,224
2022-08-20T14:44:25,224,0,11,224
2022-08-20T14:53:29,224,0,11,224
2022-08-20T15:02:33,224,0,11,224
2022-08-20T15:11:35,224,0,11,224
2022-08-20T15:20:38,224,0,11,224
2022-08-20T15:29:40,224,0,11,224
2022-08-20T15:38:43,224,0,11,224
2022-08-20T15:47:46,224,0,11,224
2022-08-20T15:56:48,224,0,11,224
2022-08-20T16:05:51,224,0,11,224
2022-08-20T16:14:53,224,0,11,224
2022-08-20T16:23:56,224,0,11,224
2022-08-20T16:32:58,224,0,11,224
2022-08-20T16:42:10,224,0,11,224
2022-08-20T16:51:12,224,0,11,224
2022-08-20T17:00:16,224,0,11,224
2022-08-20T17:09:19,224,0,11,224
2022-08-20T17:18:22,224,0,11,224
2022-08-20T17:27:24,224,0,11,224
2022-08-20T17:36:26,224,0,11,224
2022-08-20T17:45:29,224,0,11,224
2022-08-20T17:54:31,224,0,11,224
2022-08-20T18:03:34,224,0,11,224
2022-08-20T18:12:36,224,0,11,224
2022-08-20T18:21:39,224,0,11,224
2022-08-20T18:30:42,224,0,11,224
2022-08-20T18:39:44,224,0,11,224
2022-08-20T18:48:47,224,0,11,224
2022-08-20T18:57:49,224,0,11,224
2022-08-20T19:07:01,224,0,11,224
2022-08-20T19:16:04,224,0,11,224
2022-08-20T19:25:06,224,0,11,224
2022-08-20T19:34:09,224,0,11,224
2022-08-20T19:43:11,224,0,11,224
2022-08-20T19:52:13,224,0,11,224
2022-08-20T20:01:16,224,0,11,224
2022-08-20T20:10:20,224,0,11,224
2022-08-20T20:19:22,224,0,11,224
2022-08-20T20:28:26,224,0,11,224
2022-08-20T20:37:28,224,0,11,224
2022-08-20T20:46:31,224,0,11,224
2022-08-20T20:55:33,224,0,11,224
2022-08-20T21:04:35,224,0,11,224
2022-08-20T21:13:39,224,0,11,224
2022-08-20T21:22:42,224,0,11,224
2022-08-20T21:31:44,224,0,11,224
2022-08-20T21:40:47,224,0,11,224
2022-08-20T21:50:08,224,0,11,224
2022-08-20T21:59:11,224,0,11,224
2022-08-20T22:08:14,224,0,11,224
2022-08-20T22:17:16,224,0,11,224
2022-08-20T22:26:20,224,0,11,224
2022-08-20T22:35:23,224,0,11,224
2022-08-20T22:44:26,224,0,11,224
2022-08-20T22:53:29,224,0,11,224
2022-08-20T23:02:32,224,0,11,224
2022-08-20T23:11:36,224,0,11,224
2022-08-20T23:20:39,224,0,11,224
2022-08-20T23:29:42,224,0,11,224
2022-08-20T23:38:45,224,0,11,224
2022-08-20T23:47:47,224,0,11,224
2022-08-20T23:56:50,224,0,11,224
2022-08-21T00:05:54,224,0,11,224
2022-08-21T00:14:58,224,0,11,224
2022-08-21T00:24:12,224,0,11,224
2022-08-21T00:33:17,224,0,11,224
2022-08-21T00:49:04,224,0,11,224
2022-08-21T00:58:08,224,0,11,224
2022-08-21T01:07:13,224,0,11,224
2022-08-21T01:16:19,224,0,11,224
2022-08-21T01:25:25,224,0,11,224
2022-08-21T01:34:31,224,0,11,224
2022-08-21T01:43:38,224,0,11,224
2022-08-21T01:52:42,224,0,11,224
2022-08-21T02:01:47,224,0,11,224
2022-08-21T02:10:51,224,0,11,224
2022-08-21T02:19:55,224,0,11,224
2022-08-21T02:28:59,224,0,11,224
2022-08-21T02:38:04,224,0,11,224
2022-08-21T02:47:07,224,0,11,224
2022-08-21T02:56:11,224,0,11,224
2022-08-21T03:05:14,224,0,11,224
2022-08-21T03:14:18,224,0,11,224
2022-08-21T03:23:21,224,0,11,224
2022-08-21T03:32:24,224,0,11,224
2022-08-21T03:41:29,224,0,11,224
2022-08-21T03:50:33,224,0,11,224
2022-08-21T04:01:16,224,0,11,224
2022-08-21T04:15:38,224,0,11,224
2022-08-21T04:25:10,224,0,11,224
2022-08-21T04:34:16,224,0,11,224
2022-08-21T04:43:23,224,0,11,224
2022-08-21T04:52:29,224,0,11,224
2022-08-21T05:01:32,224,0,11,224
2022-08-21T05:10:36,224,0,11,224
2022-08-21T05:19:40,224,0,11,224
2022-08-21T05:28:43,224,0,11,224
2022-08-21T05:37:46,224,0,11,224
2022-08-21T05:46:49,224,0,11,224
2022-08-21T05:55:53,224,0,11,224
2022-08-21T06:04:57,224,0,11,224
2022-08-21T06:14:01,224,0,11,224
2022-08-21T06:23:05,224,0,11,224
2022-08-21T06:32:07,224,0,11,224
2022-08-21T06:41:10,224,0,11,224
2022-08-21T06:50:12,224,0,11,224
2022-08-21T06:59:14,224,0,11,224
2022-08-21T07:08:18,224,0,11,224
2022-08-21T07:17:21,224,0,11,224
2022-08-21T07:26:24,224,0,11,224
2022-08-21T07:35:26,224,0,11,224
2022-08-21T07:44:29,224,0,11,224
2022-08-21T07:53:31,224,0,11,224
2022-08-21T08:02:33,224,0,11,224
2022-08-21T08:11:35,224,0,11,224
2022-08-21T08:20:37,224,0,11,224
2022-08-21T08:29:41,224,0,11,224
2022-08-21T08:38:43,224,0,11,224
2022-08-21T08:47:45,224,0,11,224
2022-08-21T08:56:48,224,0,11,224
2022-08-21T09:05:51,224,0,11,224
2022-08-21T09:14:54,224,0,11,224
2022-08-21T09:23:55,224,0,11,224
2022-08-21T09:32:57,224,0,11,224
2022-08-21T09:42:00,224,0,11,224
2022-08-21T09:51:03,224,0,11,224
2022-08-21T10:00:15,224,0,11,224
2022-08-21T10:09:17,224,0,11,224
2022-08-21T10:18:20,224,0,11,224
2022-08-21T10:27:22,224,0,11,224
2022-08-21T10:36:24,224,0,11,224
2022-08-21T10:45:27,224,0,11,224
2022-08-21T10:54:30,224,0,11,224
2022-08-21T11:03:32,224,0,11,224
2022-08-21T11:12:34,224,0,11,224
2022-08-21T11:21:36,224,0,11,224
2022-08-21T11:30:39,224,0,11,224
2022-08-21T11:39:41,224,0,11,224
2022-08-21T11:48:43,224,0,11,224
2022-08-21T11:57:46,224,0,11,224
2022-08-21T12:06:48,224,0,11,224
2022-08-21T12:15:51,224,0,11,224
2022-08-21T12:24:55,224,0,11,224
2022-08-21T12:33:58,224,0,11,224
2022-08-21T12:43:01,224,0,11,224
2022-08-21T12:52:03,224,0,11,224
2022-08-21T13:01:14,224,0,11,224
2022-08-21T13:10:18,224,0,11,224
2022-08-21T13:19:22,224,0,11,224
2022-08-21T13:28:24,224,0,11,224
2022-08-21T13:37:26,224,0,11,224
2022-08-21T13:46:29,224,0,11,224
2022-08-21T13:55:32,224,0,11,224
2022-08-21T14:04:34,224,0,11,224
2022-08-21T14:13:37,224,0,11,224
2022-08-21T14:22:39,224,0,11,224
2022-08-21T14:31:41,224,0,11,224
2022-08-21T14:40:44,224,0,11,224
2022-08-21T14:49:46,224,0,11,224
2022-08-21T14:58:49,224,0,11,224
2022-08-21T15:07:51,224,0,11,224
2022-08-21T15:16:54,224,0,11,224
2022-08-21T15:25:56,224,0,11,224
2022-08-21T15:34:59,224,0,11,224
2022-08-21T15:44:12,224,0,11,224
2022-08-21T15:53:14,224,0,11,224
2022-08-21T16:02:16,224,0,11,224
2022-08-21T16:11:19,224,0,11,224
2022-08-21T16:20:21,224,0,11,224
2022-08-21T16:29:24,224,0,11,224
2022-08-21T16:38:27,224,0,11,224
2022-08-21T16:47:29,224,0,11,224
2022-08-21T16:56:31,224,0,11,224
2022-08-21T17:05:34,224,0,11,224
2022-08-21T17:14:37,224,0,11,224
2022-08-21T17:23:40,224,0,11,224
2022-08-21T17:32:42,224,0,11,224
2022-08-21T17:41:44,224,0,11,224
2022-08-21T17:50:46,224,0,11,224
2022-08-21T17:59:48,224,0,11,224
2022-08-21T18:08:51,224,0,11,224
2022-08-21T18:17:53,224,0,11,224
2022-08-21T18:26:55,224,0,11,224
2022-08-21T18:36:10,224,0,11,224
2022-08-21T18:45:13,224,0,11,224
2022-08-21T18:54:15,224,0,11,224
2022-08-21T19:03:22,224,0,11,224
2022-08-21T19:12:33,224,0,11,224
2022-08-21T19:21:42,224,0,11,224
2022-08-21T19:30:52,224,0,11,224
2022-08-21T19:40:01,224,0,11,224
2022-08-21T19:49:11,224,0,11,224
2022-08-21T19:58:20,224,0,11,224
2022-08-21T20:07:30,224,0,11,224
2022-08-21T20:16:39,224,0,11,224
2022-08-21T20:25:48,224,0,11,224
2022-08-21T20:34:56,224,0,11,224
2022-08-21T20:44:02,224,0,11,224
2022-08-21T20:53:17,224,0,11,224
2022-08-21T21:02:22,224,0,11,224
2022-08-21T21:11:25,224,0,11,224
2022-08-21T21:20:27,224,0,11,224
2022-08-21T21:29:30,224,0,11,224
2022-08-21T21:38:33,224,0,11,224
2022-08-21T21:47:36,224,0,11,224
2022-08-21T21:56:38,224,0,11,224
2022-08-21T22:05:42,224,0,11,224
2022-08-21T22:14:45,224,0,11,224
2022-08-21T22:23:47,224,0,11,224
2022-08-21T22:32:50,224,0,11,224
2022-08-21T22:41:52,224,0,11,224
2022-08-21T22:50:54,224,0,11,224
2022-08-21T22:59:56,224,0,11,224
2022-08-21T23:08:59,224,0,11,224
2022-08-21T23:18:02,224,0,11,224
2022-08-21T23:27:16,224,0,11,224
2022-08-21T23:36:19,224,0,11,224
2022-08-21T23:45:21,224,0,11,224
2022-08-21T23:54:23,224,0,11,224
2022-08-22T00:03:26,224,0,11,224
2022-08-22T00:12:37,224,0,11,224
2022-08-22T00:21:42,224,0,11,224
2022-08-22T00:30:47,224,0,11,224
2022-08-22T00:39:52,224,0,11,224
2022-08-22T00:48:56,224,0,11,224
2022-08-22T00:58:00,224,0,11,224
2022-08-22T01:07:06,224,0,11,224
2022-08-22T01:16:12,224,0,11,224
2022-08-22T01:25:17,224,0,11,224
2022-08-22T01:34:22,224,0,11,224
2022-08-22T01:43:27,224,0,11,224
2022-08-22T01:52:31,224,0,11,224
2022-08-22T02:01:36,224,0,11,224
2022-08-22T02:10:41,224,0,11,224
2022-08-22T02:19:44,224,0,11,224
2022-08-22T02:28:48,224,0,11,224
2022-08-22T02:38:04,224,0,11,224
2022-08-22T02:47:06,224,0,11,224
2022-08-22T02:56:09,224,0,11,224
2022-08-22T03:05:12,224,0,11,224
2022-08-22T03:14:17,224,0,11,224
2022-08-22T03:23:21,224,0,11,224
2022-08-22T03:32:25,224,0,11,224
2022-08-22T03:41:29,224,0,11,224
2022-08-22T03:50:34,224,0,11,224
2022-08-22T03:59:38,224,0,11,224
2022-08-22T04:17:51,224,0,11,224
2022-08-22T04:27:20,224,0,11,224
2022-08-22T04:36:26,224,0,11,224
2022-08-22T04:45:33,224,0,11,224
2022-08-22T04:54:39,224,0,11,224
2022-08-22T05:03:44,224,0,11,224
2022-08-22T05:12:48,224,0,11,224
2022-08-22T05:21:52,224,0,11,224
2022-08-22T05:30:56,224,0,11,224
2022-08-22T05:39:59,224,0,11,224
2022-08-22T05:49:02,224,0,11,224
2022-08-22T05:58:06,224,0,11,224
2022-08-22T06:07:11,224,0,11,224
2022-08-22T06:16:16,224,0,11,224
2022-08-22T06:25:21,224,0,11,224
2022-08-22T06:34:26,224,0,11,224
2022-08-22T06:43:29,224,0,11,224
2022-08-22T06:52:33,224,0,11,224
2022-08-22T07:01:35,224,0,11,224
2022-08-22T07:10:39,224,0,11,224
2022-08-22T07:19:42,224,0,11,224
2022-08-22T07:28:46,224,0,11,224
2022-08-22T07:37:50,224,0,11,224
2022-08-22T07:46:54,224,0,11,224
2022-08-22T07:55:57,224,0,11,224
2022-08-22T08:05:00,224,0,11,224
2022-08-22T08:14:05,224,0,11,224
2022-08-22T08:23:19,224,0,11,224
2022-08-22T08:32:24,224,0,11,224
2022-08-22T08:41:28,224,0,11,224
2022-08-22T08:50:32,224,0,11,224
2022-08-22T08:59:37,224,0,11,224
2022-08-22T09:08:42,224,0,11,224
2022-08-22T09:17:47,224,0,11,224
2022-08-22T09:26:53,224,0,11,224
2022-08-22T09:35:58,224,0,11,224
2022-08-22T09:45:03,224,0,11,224
2022-08-22T09:54:08,224,0,11,224
2022-08-22T10:03:25,224,0,11,224
2022-08-22T10:12:31,224,0,11,224
2022-08-22T10:21:37,224,0,12,224
2022-08-22T10:30:42,224,0,12,224
2022-08-22T10:39:47,224,0,12,224
2022-08-22T10:48:53,224,0,12,224
2022-08-22T10:57:59,224,0,12,224
2022-08-22T11:07:16,224,0,12,224
2022-08-22T11:16:21,224,0,12,224
2022-08-22T11:25:26,224,0,12,224
2022-08-22T11:34:32,224,0,12,224
2022-08-22T11:43:38,224,0,12,224
2022-08-22T11:52:44,224,0,12,224
2022-08-22T12:01:49,224,0,13,224
2022-08-22T12:11:04,224,0,13,224
2022-08-22T12:20:09,224,0,13,224
2022-08-22T12:29:13,224,0,13,224
2022-08-22T12:38:18,224,0,13,224
2022-08-22T12:47:23,224,0,13,224
2022-08-22T12:56:27,224,0,13,224
2022-08-22T13:05:32,224,0,13,224
2022-08-22T13:14:46,224,0,14,224
2022-08-22T13:23:51,224,0,14,224
2022-08-22T13:32:57,224,0,14,224
2022-08-22T13:42:02,224,0,14,224
2022-08-22T13:51:07,224,0,15,224
2022-08-22T14:00:11,223,1,15,224
2022-08-22T14:09:28,223,1,15,224
2022-08-22T14:18:33,223,1,15,224
2022-08-22T14:27:38,223,1,15,224
2022-08-22T14:36:43,223,1,15,224
2022-08-22T14:45:48,223,1,15,224
2022-08-22T14:54:55,223,1,15,224
2022-08-22T15:04:01,223,1,15,224
2022-08-22T15:13:08,223,1,15,224
2022-08-22T15:22:25,223,1,15,224
2022-08-22T15:31:30,223,1,15,224
2022-08-22T15:40:34,223,1,16,224
2022-08-22T15:49:39,223,1,16,224
2022-08-22T15:58:43,223,1,16,224
2022-08-22T16:07:49,223,1,16,224
2022-08-22T16:16:55,223,1,16,224
2022-08-22T16:25:59,223,1,16,224
2022-08-22T16:35:03,223,1,16,224
2022-08-22T16:44:18,223,1,16,224
2022-08-22T16:53:21,223,1,16,224
2022-08-22T17:02:24,223,1,16,224
2022-08-22T17:11:28,223,1,16,224
2022-08-22T17:20:32,223,1,16,224
2022-08-22T17:29:35,223,1,16,224
2022-08-22T17:38:39,223,1,16,224
2022-08-22T17:47:42,223,1,16,224
2022-08-22T17:56:46,223,1,16,224
2022-08-22T18:05:49,223,1,16,224
2022-08-22T18:14:53,223,1,16,224
2022-08-22T18:23:56,223,1,16,224
2022-08-22T18:33:10,223,1,16,224
2022-08-22T18:42:13,223,1,16,224
2022-08-22T18:51:16,223,1,16,224
2022-08-22T19:00:19,223,1,16,224
2022-08-22T19:09:22,223,1,16,224
2022-08-22T19:18:25,223,1,16,224
2022-08-22T19:27:28,223,1,16,224
2022-08-22T19:36:31,223,1,16,224
2022-08-22T19:45:34,223,1,16,224
2022-08-22T19:54:47,223,1,16,224
2022-08-22T20:03:50,223,1,16,224
2022-08-22T20:12:53,223,1,16,224
2022-08-22T20:21:55,223,1,16,224
2022-08-22T20:30:59,223,1,16,224
2022-08-22T20:40:01,223,1,16,224
2022-08-22T20:49:04,223,1,16,224
2022-08-22T20:58:06,223,1,16,224
2022-08-22T21:07:09,223,1,16,224
2022-08-22T21:16:12,223,1,16,224
2022-08-22T21:25:26,223,1,16,224
2022-08-22T21:34:29,223,1,16,224
2022-08-22T21:43:32,223,1,16,224
2022-08-22T21:52:35,223,1,16,224
2022-08-22T22:01:38,223,1,16,224
2022-08-22T22:10:42,223,1,16,224
2022-08-22T22:19:45,223,1,16,224
2022-08-22T22:28:48,223,1,16,224
2022-08-22T22:37:51,223,1,16,224
2022-08-22T22:46:54,223,1,16,224
2022-08-22T22:55:57,223,1,16,224
2022-08-22T23:05:01,223,1,16,224
2022-08-22T23:14:05,223,1,16,224
2022-08-22T23:23:19,223,1,16,224
2022-08-22T23:32:22,223,1,16,224
2022-08-22T23:41:26,223,1,16,224
2022-08-22T23:50:29,223,1,17,224
2022-08-22T23:59:32,223,1,17,224
2022-08-23T00:08:39,223,1,17,224
2022-08-23T00:17:49,223,1,17,224
2022-08-23T00:26:54,223,1,17,224
2022-08-23T00:35:58,223,1,17,224
2022-08-23T00:45:14,223,1,17,224
2022-08-23T00:54:19,223,1,17,224
2022-08-23T01:03:22,223,1,17,224
2022-08-23T01:12:27,223,1,17,224
2022-08-23T01:21:31,223,1,17,224
2022-08-23T01:30:35,223,1,17,224
2022-08-23T01:39:41,223,1,17,224
2022-08-23T01:48:45,223,1,17,224
2022-08-23T01:57:49,223,1,17,224
2022-08-23T02:06:53,223,1,17,224
2022-08-23T02:15:56,223,1,17,224
2022-08-23T02:25:00,223,1,17,224
2022-08-23T02:34:04,223,1,17,224
2022-08-23T02:43:07,223,1,17,224
2022-08-23T02:52:10,223,1,17,224
2022-08-23T03:01:13,223,1,17,224
2022-08-23T03:10:16,223,1,17,224
2022-08-23T03:19:17,223,1,17,224
2022-08-23T03:28:19,223,1,17,224
2022-08-23T03:37:22,223,1,17,224
2022-08-23T03:46:28,223,1,17,224
2022-08-23T03:57:49,223,1,17,224
2022-08-23T04:06:54,223,1,17,224
2022-08-23T04:24:59,223,1,17,224
2022-08-23T04:34:28,223,1,17,224
2022-08-23T04:43:33,223,1,17,224
2022-08-23T04:52:37,223,1,17,224
2022-08-23T05:01:41,223,1,17,224
2022-08-23T05:10:44,223,1,17,224
2022-08-23T05:19:47,223,1,17,224
2022-08-23T05:28:55,223,1,17,224
2022-08-23T05:38:04,223,1,17,224
2022-08-23T05:47:10,223,1,17,224
2022-08-23T05:56:14,223,1,17,224
2022-08-23T06:05:20,223,1,17,224
2022-08-23T06:14:25,223,1,17,224
2022-08-23T06:23:30,223,1,17,224
2022-08-23T06:32:35,223,1,17,224
2022-08-23T06:41:40,223,1,17,224
2022-08-23T06:50:46,223,1,17,224
2022-08-23T06:59:51,223,1,17,224
2022-08-23T07:08:58,223,1,17,224
2022-08-23T07:18:03,223,1,17,224
2022-08-23T07:27:07,223,1,17,224
2022-08-23T07:36:12,223,1,17,224
2022-08-23T07:45:17,223,1,17,224
2022-08-23T07:54:22,223,1,17,224
2022-08-23T08:03:28,223,1,19,224
2022-08-23T08:12:45,223,1,20,224
2022-08-23T08:21:52,223,1,22,224
2022-08-23T08:30:58,223,1,22,224
2022-08-23T08:40:04,223,1,23,224
2022-08-23T08:49:08,223,1,24,224
2022-08-23T08:58:14,223,1,25,224
2022-08-23T09:07:20,223,1,23,224
2022-08-23T09:16:29,223,1,23,224
2022-08-23T09:25:35,223,1,23,224
2022-08-23T09:34:52,223,1,24,224
2022-08-23T09:43:58,223,1,25,224
2022-08-23T09:53:04,223,1,25,224
2022-08-23T10:02:13,223,1,25,224
2022-08-23T10:11:20,223,1,25,224
2022-08-23T10:20:26,223,1,27,224
2022-08-23T10:29:33,223,1,27,224
2022-08-23T10:38:41,223,1,28,224
2022-08-23T10:47:48,223,1,29,224
2022-08-23T10:57:06,223,1,31,224
2022-08-23T11:06:14,223,1,31,224
2022-08-23T11:15:23,223,1,31,224
2022-08-23T11:24:31,223,1,31,224
2022-08-23T11:33:41,223,1,31,224
2022-08-23T11:42:59,223,1,31,224
2022-08-23T11:52:07,223,1,31,224
2022-08-23T12:01:14,223,1,32,224
2022-08-23T12:10:22,223,1,34,224
2022-08-23T12:19:28,223,1,34,224
2022-08-23T12:28:35,223,1,34,224
2022-08-23T12:37:53,223,1,34,224
2022-08-23T12:58:56,223,1,36,224
2022-08-23T13:08:04,223,1,36,224
2022-08-23T13:17:12,223,1,38,224
2022-08-23T13:26:32,223,1,38,224
2022-08-23T13:35:41,223,1,39,224
2022-08-23T13:44:50,223,1,39,224
2022-08-23T13:53:58,223,1,41,224
2022-08-23T14:03:05,223,1,40,224
2022-08-23T14:12:25,223,1,42,224
2022-08-23T14:21:32,223,1,43,224
2022-08-23T14:30:40,223,1,43,224
2022-08-23T14:39:48,223,1,44,224
2022-08-23T14:48:56,223,1,44,224
2022-08-23T14:58:17,223,1,44,224
2022-08-23T15:07:25,223,1,44,224
2022-08-23T15:16:33,223,1,44,224
2022-08-23T15:25:40,223,1,44,224
2022-08-23T15:34:48,223,1,45,224
2022-08-23T15:43:56,223,1,44,224
2022-08-23T15:53:14,223,1,45,224
2022-08-23T16:02:20,223,1,45,224
2022-08-23T16:11:26,223,1,45,224
2022-08-23T16:20:32,223,1,45,224
2022-08-23T16:29:37,223,1,46,224
2022-08-23T16:38:56,223,1,48,224
2022-08-23T16:48:01,223,1,49,224
2022-08-23T16:57:07,223,1,50,224
2022-08-23T17:06:15,223,1,50,224
2022-08-23T17:15:20,223,1,51,224
2022-08-23T17:24:26,223,1,51,224
2022-08-23T17:33:44,223,1,53,224
2022-08-23T17:42:50,223,1,55,224
2022-08-23T17:51:55,223,1,55,224
2022-08-23T18:01:01,223,1,55,224
2022-08-23T18:10:11,223,1,55,224
2022-08-23T18:19:26,223,1,56,224
2022-08-23T18:28:32,223,1,57,224
2022-08-23T18:37:38,223,1,57,224
2022-08-23T18:46:44,223,1,57,224
2022-08-23T18:55:48,223,1,57,224
2022-08-23T19:04:54,223,1,57,224
2022-08-23T19:14:10,223,1,58,224
2022-08-23T19:23:15,223,1,58,224
2022-08-23T19:32:20,223,1,59,224
2022-08-23T19:41:24,223,1,59,224
2022-08-23T19:50:29,223,1,60,224
2022-08-23T19:59:32,223,1,60,224
2022-08-23T20:08:36,223,1,60,224
2022-08-23T20:17:40,223,1,59,224
2022-08-23T20:26:55,223,1,58,224
2022-08-23T20:35:59,223,1,58,224
2022-08-23T20:45:03,223,1,58,224
2022-08-23T20:54:07,223,1,58,224
2022-08-23T21:03:10,223,1,58,224
2022-08-23T21:12:14,223,1,57,224
2022-08-23T21:21:18,223,1,57,224
2022-08-23T21:30:34,223,1,58,224
2022-08-23T21:39:38,223,1,59,224
2022-08-23T21:48:41,223,1,61,224
2022-08-23T21:57:45,222,2,60,224
2022-08-23T22:06:48,222,2,61,224
2022-08-23T22:15:52,222,2,61,224
2022-08-23T22:24:55,222,2,61,224
2022-08-23T22:33:59,222,2,61,224
2022-08-23T22:43:02,222,2,61,224
2022-08-23T22:52:05,222,2,61,224
2022-08-23T23:01:09,222,2,60,224
2022-08-23T23:10:23,222,2,60,224
2022-08-23T23:19:27,222,2,60,224
2022-08-23T23:28:30,222,2,60,224
2022-08-23T23:37:34,222,2,60,224
2022-08-23T23:46:36,222,2,60,224
2022-08-23T23:55:39,222,2,60,224
2022-08-24T00:04:43,222,2,60,224
2022-08-24T00:13:50,222,2,60,224
2022-08-24T00:22:57,222,2,60,224
2022-08-24T00:32:01,222,2,60,224
2022-08-24T00:41:06,222,2,60,224
2022-08-24T00:50:12,222,2,60,224
2022-08-24T00:59:17,222,2,60,224
2022-08-24T01:08:32,222,2,60,224
2022-08-24T01:17:38,222,2,60,224
2022-08-24T01:26:43,222,2,60,224
2022-08-24T01:35:46,222,2,60,224
2022-08-24T01:44:50,222,2,60,224
2022-08-24T01:53:52,222,2,60,224
2022-08-24T02:02:55,222,2,60,224
2022-08-24T02:11:58,222,2,60,224
2022-08-24T02:21:01,222,2,60,224
2022-08-24T02:30:03,222,2,60,224
2022-08-24T02:39:06,222,2,60,224
2022-08-24T02:48:09,222,2,60,224
2022-08-24T02:57:13,222,2,60,224
2022-08-24T03:06:16,222,2,60,224
2022-08-24T03:15:19,222,2,60,224
2022-08-24T03:24:21,222,2,60,224
2022-08-24T03:33:24,222,2,60,224
2022-08-24T03:42:28,222,2,60,224
2022-08-24T03:51:32,222,2,60,224
2022-08-24T04:00:37,222,2,60,224
2022-08-24T04:09:43,222,2,60,224
2022-08-24T04:21:40,222,2,60,224
2022-08-24T04:32:07,222,2,60,224
2022-08-24T04:41:14,222,2,60,224
2022-08-24T04:50:21,222,2,60,224
2022-08-24T04:59:27,222,2,60,224
2022-08-24T05:08:32,222,2,60,224
2022-08-24T05:17:38,222,2,60,224
2022-08-24T05:26:43,222,2,60,224
2022-08-24T05:35:47,222,2,60,224
2022-08-24T05:44:51,222,2,60,224
2022-08-24T05:53:58,222,2,60,224
2022-08-24T06:03:06,222,2,60,224
2022-08-24T06:12:12,222,2,60,224
2022-08-24T06:21:18,222,2,60,224
2022-08-24T06:30:25,222,2,60,224
2022-08-24T06:39:31,222,2,60,224
2022-08-24T06:48:37,222,2,60,224
2022-08-24T06:57:43,222,2,60,224
2022-08-24T07:06:49,222,2,60,224
2022-08-24T07:15:53,222,2,60,224
2022-08-24T07:24:58,222,2,60,224
2022-08-24T07:34:04,222,2,60,224
2022-08-24T07:43:10,222,2,60,224
2022-08-24T07:52:16,222,2,60,224
2022-08-24T08:01:22,222,2,60,224
2022-08-24T08:10:28,222,2,60,224
2022-08-24T08:19:34,222,2,60,224
2022-08-24T08:28:40,222,2,60,224
2022-08-24T08:37:47,222,2,60,224
2022-08-24T08:47:02,222,2,61,224
2022-08-24T08:56:07,222,2,61,224
2022-08-24T09:05:13,222,2,61,224
2022-08-24T09:14:18,222,2,61,224
2022-08-24T09:23:23,222,2,61,224
2022-08-24T09:32:27,222,2,61,224
2022-08-24T09:41:31,222,2,61,224
2022-08-24T09:50:35,222,2,61,224
2022-08-24T09:59:40,222,2,61,224
2022-08-24T10:08:45,222,2,61,224
2022-08-24T10:17:59,222,2,60,224
2022-08-24T10:27:05,222,2,60,224
2022-08-24T10:36:10,222,2,60,224
2022-08-24T10:45:15,222,2,60,224
2022-08-24T10:54:20,222,2,59,224
2022-08-24T11:03:26,222,2,59,224
2022-08-24T11:12:30,222,2,59,224
2022-08-24T11:21:44,222,2,59,224
2022-08-24T11:30:51,222,2,59,224
2022-08-24T11:39:56,222,2,59,224
2022-08-24T11:49:02,222,2,59,224
2022-08-24T11:58:06,222,2,58,224
2022-08-24T12:07:12,222,2,58,224
2022-08-24T12:16:16,222,2,58,224
2022-08-24T12:25:22,222,2,58,224
2022-08-24T12:34:36,222,2,58,224
2022-08-24T12:43:40,222,2,58,224
2022-08-24T12:52:46,222,2,58,224
2022-08-24T13:01:50,222,2,58,224
2022-08-24T13:10:56,222,2,58,224
2022-08-24T13:20:01,222,2,58,224
2022-08-24T13:29:06,222,2,58,224
2022-08-24T13:38:11,222,2,59,224
2022-08-24T13:47:15,222,2,59,224
2022-08-24T13:56:19,222,2,59,224
2022-08-24T14:05:36,221,3,59,224
2022-08-24T14:14:41,221,3,59,224
2022-08-24T14:23:48,221,3,59,224
2022-08-24T14:32:55,221,3,59,224
2022-08-24T14:42:00,221,3,59,224
2022-08-24T14:51:05,221,3,59,224
2022-08-24T15:00:09,221,3,59,224
2022-08-24T15:09:14,221,3,59,224
2022-08-24T15:18:19,221,3,59,224
2022-08-24T15:27:24,221,3,59,224
2022-08-24T15:36:29,220,4,59,224
2022-08-24T15:45:33,220,4,59,224
2022-08-24T15:54:50,220,4,59,224
2022-08-24T16:03:56,220,4,59,224
2022-08-24T16:13:01,220,4,59,224
2022-08-24T16:22:05,220,4,59,224
2022-08-24T16:31:10,220,4,59,224
2022-08-24T16:40:15,220,4,59,224
2022-08-24T16:49:20,220,4,59,224
2022-08-24T16:58:25,220,4,59,224
2022-08-24T17:07:31,220,4,59,224
2022-08-24T17:16:37,220,4,59,224
2022-08-24T17:25:41,220,4,59,224
2022-08-24T17:34:56,220,4,59,224
2022-08-24T17:44:01,220,4,59,224
2022-08-24T17:53:06,220,4,59,224
2022-08-24T18:02:11,220,4,59,224
2022-08-24T18:11:16,220,4,59,224
2022-08-24T18:20:21,220,4,59,224
2022-08-24T18:29:26,220,4,58,224
2022-08-24T18:38:31,220,4,58,224
2022-08-24T18:47:48,220,4,58,224
2022-08-24T18:56:52,220,4,58,224
2022-08-24T19:05:57,220,4,58,224
2022-08-24T19:15:01,220,4,58,224
2022-08-24T19:24:06,220,4,58,224
2022-08-24T19:33:10,220,4,58,224
2022-08-24T19:42:14,220,4,58,224
2022-08-24T19:51:18,220,4,58,224
2022-08-24T20:00:22,220,4,58,224
2022-08-24T20:09:36,220,4,58,224
2022-08-24T20:18:41,220,4,58,224
2022-08-24T20:27:45,220,4,58,224
2022-08-24T20:36:49,220,4,58,224
2022-08-24T20:45:53,220,4,58,224
2022-08-24T20:54:57,220,4,58,224
2022-08-24T21:04:02,220,4,58,224
2022-08-24T21:13:06,220,4,58,224
2022-08-24T21:22:10,220,4,58,224
2022-08-24T21:31:15,220,4,58,224
2022-08-24T21:40:19,220,4,58,224
2022-08-24T21:49:34,220,4,58,224
2022-08-24T21:58:37,220,4,58,224
2022-08-24T22:07:41,220,4,58,224
2022-08-24T22:16:46,220,4,58,224
2022-08-24T22:25:50,220,4,58,224
2022-08-24T22:34:54,220,4,58,224
2022-08-24T22:43:59,220,4,58,224
2022-08-24T22:53:02,220,4,58,224
2022-08-24T23:02:06,220,4,58,224
2022-08-24T23:11:10,220,4,58,224
2022-08-24T23:20:25,220,4,58,224
2022-08-24T23:29:28,220,4,58,224
2022-08-24T23:38:33,220,4,58,224
2022-08-24T23:47:36,220,4,58,224
2022-08-24T23:56:39,220,4,58,224
2022-08-25T00:05:43,220,4,58,224
2022-08-25T00:14:51,220,4,58,224
2022-08-25T00:23:58,220,4,58,224
2022-08-25T00:33:03,220,4,58,224
2022-08-25T00:42:11,220,4,58,224
2022-08-25T00:51:16,220,4,58,224
2022-08-25T01:00:22,220,4,58,224
2022-08-25T01:09:26,220,4,58,224
2022-08-25T01:18:43,220,4,58,224
2022-08-25T01:27:50,220,4,58,224
2022-08-25T01:36:57,220,4,58,224
2022-08-25T01:46:01,220,4,58,224
2022-08-25T01:55:06,220,4,58,224
2022-08-25T02:04:10,220,4,58,224
2022-08-25T02:13:14,220,4,58,224
2022-08-25T02:22:17,220,4,58,224
2022-08-25T02:31:20,220,4,58,224
2022-08-25T02:40:23,220,4,58,224
2022-08-25T02:49:32,220,4,58,224
2022-08-25T02:58:35,220,4,58,224
2022-08-25T03:07:38,220,4,58,224
2022-08-25T03:16:42,220,4,58,224
2022-08-25T03:25:45,220,4,58,224
2022-08-25T03:34:49,220,4,58,224
2022-08-25T03:43:55,220,4,58,224
2022-08-25T03:53:01,220,4,58,224
2022-08-25T04:02:06,220,4,58,224
2022-08-25T04:11:11,220,4,58,224
2022-08-25T04:27:36,220,4,58,224
2022-08-25T04:37:05,220,4,58,224
2022-08-25T04:46:11,220,4,58,224
2022-08-25T04:55:15,220,4,58,224
2022-08-25T05:04:21,220,4,58,224
2022-08-25T05:13:25,220,4,58,224
2022-08-25T05:22:28,220,4,58,224
2022-08-25T05:31:32,220,4,58,224
2022-08-25T05:40:36,220,4,58,224
2022-08-25T05:49:40,220,4,58,224
2022-08-25T05:58:46,220,4,58,224
2022-08-25T06:07:51,220,4,58,224
2022-08-25T06:16:56,220,4,58,224
2022-08-25T06:26:06,220,4,58,224
2022-08-25T06:35:15,220,4,58,224
2022-08-25T06:44:25,220,4,58,224
2022-08-25T06:53:34,220,4,58,224
2022-08-25T07:02:43,220,4,58,224
2022-08-25T07:11:52,220,4,58,224
2022-08-25T07:21:00,220,4,58,224
2022-08-25T07:30:07,220,4,58,224
2022-08-25T07:39:14,220,4,58,224
2022-08-25T07:48:20,220,4,58,224
2022-08-25T07:57:27,220,4,58,224
2022-08-25T08:06:34,220,4,58,224
2022-08-25T08:15:39,220,4,58,224
2022-08-25T08:24:46,220,4,58,224
2022-08-25T08:33:52,220,4,58,224
2022-08-25T08:42:58,220,4,59,224
2022-08-25T08:52:05,220,4,59,224
2022-08-25T09:01:22,220,4,59,224
2022-08-25T09:10:28,220,4,59,224
2022-08-25T09:19:35,220,4,59,224
2022-08-25T09:28:42,220,4,59,224
2022-08-25T09:37:49,220,4,59,224
2022-08-25T09:46:56,220,4,59,224
2022-08-25T09:56:02,220,4,59,224
2022-08-25T10:05:07,220,4,59,224
2022-08-25T10:14:13,220,4,59,224
2022-08-25T10:23:18,220,4,59,224
2022-08-25T10:32:36,220,4,59,224
2022-08-25T10:41:42,220,4,59,224
2022-08-25T10:50:49,220,4,59,224
2022-08-25T10:59:55,220,4,59,224
2022-08-25T11:09:01,220,4,59,224
2022-08-25T11:18:08,220,4,59,224
2022-08-25T11:27:14,220,4,59,224
2022-08-25T11:36:21,220,4,59,224
2022-08-25T11:45:26,220,4,59,224
2022-08-25T11:54:32,220,4,59,224
2022-08-25T12:03:38,220,4,59,224
2022-08-25T12:12:44,220,4,59,224
2022-08-25T12:22:00,220,4,59,224
2022-08-25T12:31:07,220,4,59,224
2022-08-25T12:40:13,220,4,59,224
2022-08-25T12:49:18,220,4,59,224
2022-08-25T12:58:24,220,4,59,224
2022-08-25T13:07:30,220,4,59,224
2022-08-25T13:16:36,220,4,59,224
2022-08-25T13:25:42,220,4,59,224
2022-08-25T13:34:48,220,4,59,224
2022-08-25T13:43:54,220,4,59,224
2022-08-25T13:53:11,220,4,59,224
2022-08-25T14:02:18,220,4,59,224
2022-08-25T14:11:24,220,4,59,224
2022-08-25T14:20:30,220,4,59,224
2022-08-25T14:29:36,220,4,59,224
2022-08-25T14:38:44,220,4,59,224
2022-08-25T14:47:58,220,4,59,224
2022-08-25T14:57:05,220,4,59,224
2022-08-25T15:06:11,220,4,59,224
2022-08-25T15:15:19,220,4,59,224
2022-08-25T15:24:33,220,4,59,224
2022-08-25T15:33:42,220,4,59,224
2022-08-25T15:42:59,220,4,59,224
2022-08-25T15:52:07,220,4,59,224
2022-08-25T16:01:13,220,4,59,224
2022-08-25T16:10:19,220,4,59,224
2022-08-25T16:19:26,220,4,59,224
2022-08-25T16:28:32,220,4,59,224
2022-08-25T16:37:38,220,4,59,224
2022-08-25T16:46:43,220,4,59,224
2022-08-25T16:55:48,220,4,59,224
2022-08-25T17:04:54,220,4,59,224
2022-08-25T17:14:00,220,4,59,224
2022-08-25T17:23:16,220,4,59,224
2022-08-25T17:32:21,220,4,59,224
2022-08-25T17:41:28,220,4,59,224
2022-08-25T17:50:34,220,4,59,224
2022-08-25T17:59:40,220,4,59,224
2022-08-25T18:08:47,220,4,59,224
2022-08-25T18:17:53,220,4,59,224
2022-08-25T18:26:58,220,4,59,224
2022-08-25T18:36:04,220,4,59,224
2022-08-25T18:45:09,220,4,59,224
2022-08-25T18:54:15,220,4,58,224
2022-08-25T19:03:20,220,4,58,224
2022-08-25T19:12:25,220,4,57,224
2022-08-25T19:21:42,220,4,57,224
2022-08-25T19:30:55,220,4,57,224
2022-08-25T19:40:11,220,4,57,224
2022-08-25T19:49:27,220,4,57,224
2022-08-25T19:58:56,220,4,57,224
2022-08-25T20:08:12,220,4,57,224
2022-08-25T20:17:29,220,4,57,224
2022-08-25T20:26:48,220,4,58,224
2022-08-25T20:36:04,220,4,58,224
2022-08-25T20:45:25,220,4,58,224
2022-08-25T20:54:46,220,4,58,224
2022-08-25T21:04:05,220,4,58,224
2022-08-25T21:13:21,220,4,58,224
2022-08-25T21:22:35,220,4,57,224
2022-08-25T21:31:51,220,4,57,224
2022-08-25T21:41:06,220,4,57,224
2022-08-25T21:50:22,220,4,57,224
2022-08-25T21:59:46,220,4,57,224
2022-08-25T22:08:58,220,4,57,224
2022-08-25T22:18:10,220,4,57,224
2022-08-25T22:27:17,220,4,57,224
2022-08-25T22:36:24,220,4,57,224
2022-08-25T22:45:28,220,4,57,224
2022-08-25T22:54:33,220,4,57,224
2022-08-25T23:03:39,220,4,57,224
2022-08-25T23:12:45,220,4,57,224
2022-08-25T23:21:50,220,4,57,224
2022-08-25T23:30:55,220,4,57,224
2022-08-25T23:40:01,220,4,57,224
2022-08-25T23:49:06,220,4,57,224
2022-08-25T23:58:22,220,4,57,224
2022-08-26T00:07:28,220,4,57,224
2022-08-26T00:16:40,220,4,57,224
2022-08-26T00:25:48,220,4,57,224
2022-08-26T00:34:53,220,4,57,224
2022-08-26T00:43:59,220,4,57,224
2022-08-26T00:53:06,220,4,57,224
2022-08-26T01:02:12,220,4,57,224
2022-08-26T01:11:19,220,4,57,224
2022-08-26T01:20:26,220,4,57,224
2022-08-26T01:29:33,220,4,57,224
2022-08-26T01:38:39,220,4,57,224
2022-08-26T01:47:45,220,4,57,224
2022-08-26T01:56:52,220,4,57,224
2022-08-26T02:05:57,220,4,57,224
2022-08-26T02:15:01,220,4,57,224
2022-08-26T02:24:05,220,4,57,224
2022-08-26T02:33:10,220,4,57,224
2022-08-26T02:42:15,220,4,57,224
2022-08-26T02:51:21,220,4,57,224
2022-08-26T03:00:28,220,4,57,224
2022-08-26T03:09:35,220,4,57,224
2022-08-26T03:18:42,220,4,57,224
2022-08-26T03:27:49,220,4,57,224
2022-08-26T03:36:56,220,4,57,224
2022-08-26T03:46:03,220,4,57,224
2022-08-26T03:55:20,220,4,57,224
2022-08-26T04:04:27,220,4,57,224
2022-08-26T04:13:34,220,4,57,224
2022-08-26T04:24:42,220,4,57,224
2022-08-26T04:34:13,220,4,57,224
2022-08-26T04:43:21,220,4,57,224
2022-08-26T04:52:30,220,4,57,224
2022-08-26T05:01:38,220,4,57,224
2022-08-26T05:10:46,220,4,57,224
2022-08-26T05:19:54,220,4,57,224
2022-08-26T05:29:01,220,4,57,224
2022-08-26T05:38:07,220,4,57,224
2022-08-26T05:47:15,220,4,57,224
2022-08-26T05:56:23,220,4,57,224
2022-08-26T06:05:30,220,4,57,224
2022-08-26T06:14:36,220,4,57,224
2022-08-26T06:23:43,220,4,57,224
2022-08-26T06:32:48,220,4,57,224
2022-08-26T06:41:54,220,4,57,224
2022-08-26T06:50:59,220,4,57,224
2022-08-26T07:00:03,220,4,57,224
2022-08-26T07:09:09,220,4,57,224
2022-08-26T07:18:14,220,4,57,224
2022-08-26T07:27:20,220,4,57,224
2022-08-26T07:36:25,220,4,57,224
2022-08-26T07:45:34,220,4,57,224
2022-08-26T07:54:42,220,4,57,224
2022-08-26T08:03:51,220,4,57,224
2022-08-26T08:12:56,220,4,57,224
2022-08-26T08:22:04,220,4,57,224
2022-08-26T08:31:10,220,4,57,224
2022-08-26T08:40:16,220,4,57,224
2022-08-26T08:49:21,220,4,57,224
2022-08-26T08:58:27,220,4,57,224
2022-08-26T09:07:33,220,4,57,224
2022-08-26T09:16:38,220,4,57,224
2022-08-26T09:25:55,220,4,57,224
2022-08-26T09:35:01,220,4,57,224
2022-08-26T09:44:07,220,4,57,224
2022-08-26T09:53:13,220,4,57,224
2022-08-26T10:02:19,220,4,57,224
2022-08-26T10:11:26,220,4,57,224
2022-08-26T10:20:33,220,4,57,224
2022-08-26T10:29:40,220,4,57,224
2022-08-26T10:38:48,220,4,57,224
2022-08-26T10:47:56,220,4,57,224
2022-08-26T10:57:02,220,4,57,224
2022-08-26T11:06:09,220,4,57,224
2022-08-26T11:15:15,220,4,57,224
2022-08-26T11:24:36,220,4,57,224
2022-08-26T11:33:44,220,4,57,224
2022-08-26T11:42:52,220,4,57,224
2022-08-26T11:52:00,220,4,57,224
2022-08-26T12:01:11,220,4,57,224
2022-08-26T12:10:19,220,4,57,224
2022-08-26T12:19:26,220,4,57,224
2022-08-26T12:28:32,220,4,57,224
2022-08-26T12:37:37,220,4,57,224
2022-08-26T12:46:43,220,4,57,224
2022-08-26T12:55:50,220,4,57,224
2022-08-26T13:04:55,220,4,57,224
2022-08-26T13:14:03,220,4,57,224
2022-08-26T13:23:21,220,4,57,224
2022-08-26T13:32:31,220,4,57,224
2022-08-26T13:41:37,220,4,57,224
2022-08-26T13:50:42,220,4,57,224
2022-08-26T13:59:50,220,4,57,224
2022-08-26T14:08:57,220,4,57,224
2022-08-26T14:18:04,220,4,57,224
2022-08-26T14:27:11,220,4,57,224
2022-08-26T14:36:17,220,4,57,224
2022-08-26T14:45:24,220,4,57,224
2022-08-26T14:54:30,220,4,57,224
2022-08-26T15:03:48,220,4,57,224
2022-08-26T15:12:54,220,4,57,224
2022-08-26T15:22:00,220,4,57,224
2022-08-26T15:31:07,220,4,57,224
2022-08-26T15:40:14,220,4,57,224
2022-08-26T15:49:20,220,4,57,224
2022-08-26T15:58:26,220,4,57,224
2022-08-26T16:07:32,220,4,57,224
2022-08-26T16:16:38,220,4,57,224
2022-08-26T16:25:44,220,4,57,224
2022-08-26T16:34:51,220,4,57,224
2022-08-26T16:44:12,220,4,57,224
2022-08-26T16:53:18,220,4,57,224
2022-08-26T17:02:24,220,4,57,224
2022-08-26T17:11:30,220,4,57,224
2022-08-26T17:20:36,220,4,57,224
2022-08-26T17:29:42,220,4,57,224
2022-08-26T17:38:47,220,4,57,224
2022-08-26T17:47:53,220,4,57,224
2022-08-26T17:56:58,220,4,57,224
2022-08-26T18:06:04,220,4,57,224
2022-08-26T18:15:10,220,4,57,224
2022-08-26T18:24:16,220,4,57,224
2022-08-26T18:33:21,220,4,57,224
2022-08-26T18:42:27,220,4,57,224
2022-08-26T18:51:32,220,4,57,224
2022-08-26T19:00:37,220,4,57,224
2022-08-26T19:09:57,220,4,57,224
2022-08-26T19:19:03,220,4,57,224
2022-08-26T19:28:08,220,4,57,224
2022-08-26T19:37:14,220,4,57,224
2022-08-26T19:46:19,220,4,57,224
2022-08-26T19:55:24,220,4,57,224
2022-08-26T20:04:29,220,4,57,224
2022-08-26T20:13:34,220,4,57,224
2022-08-26T20:22:39,220,4,57,224
2022-08-26T20:31:45,220,4,57,224
2022-08-26T20:40:49,220,4,57,224
2022-08-26T20:49:54,220,4,57,224
2022-08-26T20:59:10,220,4,57,224
2022-08-26T21:08:14,220,4,57,224
2022-08-26T21:17:19,220,4,57,224
2022-08-26T21:26:24,220,4,57,224
2022-08-26T21:35:28,220,4,57,224
2022-08-26T21:44:33,220,4,57,224
2022-08-26T21:53:38,220,4,57,224
2022-08-26T22:02:42,220,4,57,224
2022-08-26T22:11:46,220,4,57,224
2022-08-26T22:20:51,220,4,57,224
2022-08-26T22:29:57,220,4,57,224
2022-08-26T22:39:02,224,0,53,224
2022-08-26T22:48:07,224,0,53,224
2022-08-26T22:57:13,224,0,53,224
2022-08-26T23:06:18,224,0,53,224
2022-08-26T23:15:23,224,0,53,224
2022-08-26T23:24:39,224,0,53,224
2022-08-26T23:33:45,224,0,53,224
2022-08-26T23:42:50,224,0,53,224
2022-08-26T23:51:55,224,0,53,224
2022-08-27T00:01:00,224,0,54,224
2022-08-27T00:10:11,224,0,54,224
2022-08-27T00:19:27,224,0,54,224
2022-08-27T00:28:33,224,0,54,224
2022-08-27T00:37:39,224,0,54,224
2022-08-27T00:46:46,224,0,54,224
2022-08-27T00:55:55,224,0,54,224
2022-08-27T01:05:01,224,0,54,224
2022-08-27T01:14:10,224,0,54,224
2022-08-27T01:23:16,224,0,54,224
2022-08-27T01:32:24,224,0,54,224
2022-08-27T01:41:40,224,0,54,224
2022-08-27T01:50:46,224,0,54,224
2022-08-27T01:59:56,224,0,54,224
2022-08-27T02:09:05,224,0,54,224
2022-08-27T02:18:12,224,0,54,224
2022-08-27T02:27:22,224,0,54,224
2022-08-27T02:36:33,224,0,54,224
2022-08-27T02:45:38,224,0,54,224
2022-08-27T02:54:43,224,0,54,224
2022-08-27T03:03:48,224,0,54,224
2022-08-27T03:12:52,224,0,54,224
2022-08-27T03:21:56,224,0,54,224
2022-08-27T03:31:01,224,0,54,224
2022-08-27T03:40:07,224,0,54,224
2022-08-27T03:49:13,224,0,54,224
2022-08-27T03:58:19,224,0,54,224
2022-08-27T04:07:25,224,0,54,224
2022-08-27T04:23:12,224,0,54,224
2022-08-27T04:32:42,224,0,54,224
2022-08-27T04:41:49,224,0,54,224
2022-08-27T04:50:54,224,0,54,224
2022-08-27T05:00:01,224,0,54,224
2022-08-27T05:09:08,224,0,54,224
2022-08-27T05:18:36,224,0,54,224
2022-08-27T05:27:43,224,0,54,224
2022-08-27T05:36:51,224,0,54,224
2022-08-27T05:45:58,224,0,54,224
2022-08-27T05:55:05,224,0,54,224
2022-08-27T06:04:12,224,0,54,224
2022-08-27T06:13:20,224,0,54,224
2022-08-27T06:22:26,224,0,54,224
2022-08-27T06:31:33,224,0,54,224
2022-08-27T06:40:40,224,0,54,224
2022-08-27T06:49:47,224,0,54,224
2022-08-27T06:58:57,224,0,54,224
2022-08-27T07:08:04,224,0,54,224
2022-08-27T07:17:13,224,0,54,224
2022-08-27T07:26:20,224,0,54,224
2022-08-27T07:35:27,224,0,54,224
2022-08-27T07:44:33,224,0,54,224
2022-08-27T07:53:40,224,0,54,224
2022-08-27T08:02:47,224,0,54,224
2022-08-27T08:11:54,224,0,54,224
2022-08-27T08:21:01,224,0,54,224
2022-08-27T08:30:07,224,0,54,224
2022-08-27T08:39:14,224,0,54,224
2022-08-27T08:48:20,224,0,54,224
2022-08-27T08:57:26,224,0,55,224
2022-08-27T09:06:32,224,0,54,224
2022-08-27T09:15:38,224,0,54,224
2022-08-27T09:24:44,224,0,54,224
2022-08-27T09:34:00,224,0,54,224
2022-08-27T09:43:06,224,0,54,224
2022-08-27T09:52:12,224,0,54,224
2022-08-27T10:01:18,224,0,54,224
2022-08-27T10:10:23,224,0,54,224
2022-08-27T10:19:29,224,0,54,224
2022-08-27T10:28:33,224,0,54,224
2022-08-27T10:37:38,224,0,54,224
2022-08-27T10:46:43,224,0,54,224
2022-08-27T10:55:48,224,0,54,224
2022-08-27T11:04:53,224,0,54,224
2022-08-27T11:13:58,224,0,54,224
2022-08-27T11:23:02,224,0,54,224
2022-08-27T11:32:08,224,0,54,224
2022-08-27T11:41:15,224,0,54,224
2022-08-27T11:50:20,224,0,54,224
2022-08-27T11:59:25,224,0,54,224
2022-08-27T12:08:29,224,0,54,224
2022-08-27T12:17:34,224,0,54,224
2022-08-27T12:26:49,224,0,54,224
2022-08-27T12:35:53,224,0,54,224
2022-08-27T12:44:58,224,0,54,224
2022-08-27T12:54:03,224,0,54,224
2022-08-27T13:03:07,224,0,54,224
2022-08-27T13:12:12,224,0,54,224
2022-08-27T13:21:24,224,0,54,224
2022-08-27T13:30:29,224,0,54,224
2022-08-27T13:39:32,224,0,54,224
2022-08-27T13:48:37,224,0,54,224
2022-08-27T13:57:41,224,0,54,224
2022-08-27T14:06:46,224,0,55,224
2022-08-27T14:15:51,224,0,55,224
2022-08-27T14:24:57,224,0,55,224
2022-08-27T14:34:14,224,0,55,224
2022-08-27T14:43:18,224,0,55,224
2022-08-27T14:52:22,224,0,55,224
2022-08-27T15:01:27,224,0,55,224
2022-08-27T15:10:31,224,0,55,224
2022-08-27T15:19:35,224,0,55,224
2022-08-27T15:28:40,224,0,55,224
2022-08-27T15:37:46,224,0,55,224
2022-08-27T15:46:50,224,0,55,224
2022-08-27T15:55:55,224,0,55,224
2022-08-27T16:05:00,224,0,55,224
2022-08-27T16:14:04,224,0,55,224
2022-08-27T16:23:08,224,0,55,224
2022-08-27T16:32:13,224,0,55,224
2022-08-27T16:41:17,224,0,55,224
2022-08-27T16:50:22,224,0,55,224
2022-08-27T16:59:26,224,0,55,224
2022-08-27T17:08:31,224,0,55,224
2022-08-27T17:17:36,224,0,55,224
2022-08-27T17:26:50,224,0,55,224
2022-08-27T17:35:55,224,0,55,224
2022-08-27T17:44:59,224,0,55,224
2022-08-27T17:54:04,224,0,55,224
2022-08-27T18:03:09,224,0,55,224
2022-08-27T18:12:14,224,0,55,224
2022-08-27T18:21:19,224,0,55,224
2022-08-27T18:30:24,224,0,55,224
2022-08-27T18:39:29,224,0,55,224
2022-08-27T18:48:34,224,0,55,224
2022-08-27T18:57:39,224,0,55,224
2022-08-27T19:06:45,224,0,55,224
2022-08-27T19:15:50,224,0,55,224
2022-08-27T19:24:55,224,0,55,224
2022-08-27T19:34:01,224,0,55,224
2022-08-27T19:43:06,224,0,56,224
2022-08-27T19:52:11,224,0,56,224
2022-08-27T20:01:16,224,0,56,224
2022-08-27T20:10:21,224,0,56,224
2022-08-27T20:19:26,224,0,56,224
2022-08-27T20:28:31,224,0,56,224
2022-08-27T20:37:45,224,0,56,224
2022-08-27T20:46:50,224,0,56,224
2022-08-27T20:55:54,224,0,56,224
2022-08-27T21:04:59,224,0,56,224
2022-08-27T21:14:04,224,0,56,224
2022-08-27T21:23:10,224,0,56,224
2022-08-27T21:32:16,224,0,56,224
2022-08-27T21:41:20,224,0,56,224
2022-08-27T21:50:25,224,0,56,224
2022-08-27T21:59:29,224,0,56,224
2022-08-27T22:08:34,224,0,56,224
2022-08-27T22:17:40,224,0,56,224
2022-08-27T22:26:54,224,0,56,224
2022-08-27T22:35:59,224,0,56,224
2022-08-27T22:45:03,224,0,56,224
2022-08-27T22:54:07,224,0,56,224
2022-08-27T23:03:13,224,0,56,224
2022-08-27T23:12:18,224,0,56,224
2022-08-27T23:21:23,224,0,56,224
2022-08-27T23:30:27,224,0,56,224
2022-08-27T23:39:31,224,0,56,224
2022-08-27T23:48:36,224,0,56,224
2022-08-27T23:57:40,224,0,56,224
2022-08-28T00:06:56,224,0,56,224
2022-08-28T00:16:04,224,0,56,224
2022-08-28T00:25:10,224,0,56,224
2022-08-28T00:34:16,224,0,56,224
2022-08-28T00:43:22,224,0,56,224
2022-08-28T00:52:29,224,0,56,224
2022-08-28T01:01:33,224,0,56,224
2022-08-28T01:10:38,224,0,56,224
2022-08-28T01:19:42,224,0,56,224
2022-08-28T01:28:47,224,0,56,224
2022-08-28T01:37:52,224,0,56,224
2022-08-28T01:46:57,224,0,56,224
2022-08-28T01:56:02,224,0,56,224
2022-08-28T02:05:07,224,0,56,224
2022-08-28T02:14:12,224,0,56,224
2022-08-28T02:23:17,224,0,56,224
2022-08-28T02:32:27,224,0,56,224
2022-08-28T02:41:42,224,0,56,224
2022-08-28T02:50:52,224,0,55,224
2022-08-28T03:00:00,224,0,55,224
2022-08-28T03:09:18,224,0,55,224
2022-08-28T03:18:28,224,0,55,224
2022-08-28T03:27:36,224,0,55,224
2022-08-28T03:36:44,224,0,55,224
2022-08-28T03:45:51,224,0,55,224
2022-08-28T03:54:58,224,0,55,224
2022-08-28T04:04:05,224,0,55,224
2022-08-28T04:13:13,224,0,55,224
2022-08-28T04:23:07,224,0,55,224
2022-08-28T04:32:39,224,0,55,224
2022-08-28T04:41:49,224,0,55,224
2022-08-28T04:50:57,224,0,55,224
2022-08-28T05:00:05,224,0,55,224
2022-08-28T05:09:17,224,0,55,224
2022-08-28T05:18:28,224,0,55,224
2022-08-28T05:27:36,224,0,55,224
2022-08-28T05:36:43,224,0,55,224
2022-08-28T05:45:50,224,0,55,224
2022-08-28T05:54:57,224,0,55,224
2022-08-28T06:04:04,224,0,55,224
2022-08-28T06:13:12,224,0,55,224
2022-08-28T06:22:19,224,0,55,224
2022-08-28T06:31:25,224,0,55,224
2022-08-28T06:40:29,224,0,55,224
2022-08-28T06:49:34,224,0,55,224
2022-08-28T06:58:39,224,0,55,224
2022-08-28T07:07:44,224,0,55,224
2022-08-28T07:16:49,224,0,55,224
2022-08-28T07:25:54,224,0,55,224
2022-08-28T07:34:59,224,0,55,224
2022-08-28T07:44:04,224,0,55,224
2022-08-28T07:53:09,224,0,55,224
2022-08-28T08:02:14,224,0,55,224
2022-08-28T08:11:19,224,0,55,224
2022-08-28T08:20:24,224,0,55,224
2022-08-28T08:29:30,224,0,55,224
2022-08-28T08:38:35,224,0,55,224
2022-08-28T08:47:39,224,0,55,224
2022-08-28T08:56:44,224,0,55,224
2022-08-28T09:05:48,224,0,55,224
2022-08-28T09:14:54,224,0,55,224
2022-08-28T09:23:59,224,0,55,224
2022-08-28T09:33:04,224,0,55,224
2022-08-28T09:42:09,224,0,56,224
2022-08-28T09:51:14,224,0,56,224
2022-08-28T10:00:18,224,0,56,224
2022-08-28T10:09:24,224,0,56,224
2022-08-28T10:18:29,224,0,56,224
2022-08-28T10:27:38,224,0,56,224
2022-08-28T10:36:52,224,0,56,224
2022-08-28T10:45:57,224,0,56,224
2022-08-28T10:55:02,224,0,56,224
2022-08-28T11:04:08,224,0,56,224
2022-08-28T11:13:13,224,0,56,224
2022-08-28T11:22:19,224,0,56,224
2022-08-28T11:31:24,224,0,56,224
2022-08-28T11:40:30,224,0,56,224
2022-08-28T11:49:35,224,0,56,224
2022-08-28T11:58:41,224,0,56,224
2022-08-28T12:07:46,224,0,56,224
2022-08-28T12:16:52,224,0,56,224
2022-08-28T12:25:58,224,0,56,224
2022-08-28T12:35:03,224,0,56,224
2022-08-28T12:44:08,224,0,56,224
2022-08-28T12:53:13,224,0,56,224
2022-08-28T13:02:18,224,0,56,224
2022-08-28T13:11:23,224,0,56,224
2022-08-28T13:20:27,224,0,56,224
2022-08-28T13:29:32,224,0,56,224
2022-08-28T13:38:48,224,0,56,224
2022-08-28T13:47:53,224,0,56,224
2022-08-28T13:56:58,224,0,56,224
2022-08-28T14:06:03,224,0,56,224
2022-08-28T14:15:07,224,0,56,224
2022-08-28T14:24:13,224,0,56,224
2022-08-28T14:33:18,224,0,56,224
2022-08-28T14:42:22,224,0,56,224
2022-08-28T14:51:27,224,0,56,224
2022-08-28T15:00:34,224,0,56,224
2022-08-28T15:09:40,224,0,56,224
2022-08-28T15:18:46,224,0,56,224
2022-08-28T15:27:51,224,0,56,224
2022-08-28T15:36:56,224,0,56,224
2022-08-28T15:46:01,224,0,56,224
2022-08-28T15:55:17,224,0,56,224
2022-08-28T16:04:22,224,0,56,224
2022-08-28T16:13:27,224,0,56,224
2022-08-28T16:22:33,224,0,57,224
2022-08-28T16:31:38,224,0,57,224
2022-08-28T16:40:43,224,0,57,224
2022-08-28T16:49:48,224,0,57,224
2022-08-28T16:58:53,224,0,57,224
2022-08-28T17:07:58,224,0,57,224
2022-08-28T17:17:03,224,0,57,224
2022-08-28T17:26:08,224,0,57,224
2022-08-28T17:35:12,224,0,57,224
2022-08-28T17:44:17,224,0,57,224
2022-08-28T17:53:22,224,0,57,224
2022-08-28T18:02:28,224,0,57,224
2022-08-28T18:11:33,224,0,57,224
2022-08-28T18:20:47,224,0,57,224
2022-08-28T18:29:52,224,0,57,224
2022-08-28T18:38:57,224,0,57,224
2022-08-28T18:48:02,224,0,57,224
2022-08-28T18:57:08,224,0,57,224
2022-08-28T19:06:15,224,0,57,224
2022-08-28T19:15:21,224,0,57,224
2022-08-28T19:24:26,224,0,57,224
2022-08-28T19:33:31,224,0,57,224
2022-08-28T19:42:36,224,0,57,224
2022-08-28T19:51:41,224,0,57,224
2022-08-28T20:00:47,224,0,57,224
2022-08-28T20:10:02,224,0,57,224
2022-08-28T20:19:09,224,0,57,224
2022-08-28T20:28:14,224,0,57,224
2022-08-28T20:37:19,224,0,57,224
2022-08-28T20:46:24,224,0,57,224
2022-08-28T20:55:29,224,0,57,224
2022-08-28T21:04:33,224,0,57,224
2022-08-28T21:13:39,224,0,57,224
2022-08-28T21:22:44,224,0,57,224
2022-08-28T21:31:49,224,0,57,224
2022-08-28T21:40:53,224,0,57,224
2022-08-28T21:49:58,224,0,58,224
2022-08-28T21:59:03,224,0,58,224
2022-08-28T22:08:08,224,0,58,224
2022-08-28T22:17:13,224,0,58,224
2022-08-28T22:26:17,224,0,58,224
2022-08-28T22:35:22,224,0,58,224
2022-08-28T22:44:27,224,0,58,224
2022-08-28T22:53:32,224,0,58,224
2022-08-28T23:02:47,224,0,58,224
2022-08-28T23:11:53,224,0,58,224
2022-08-28T23:20:59,224,0,58,224
2022-08-28T23:30:05,224,0,58,224
2022-08-28T23:39:10,224,0,58,224
2022-08-28T23:48:15,224,0,58,224
2022-08-28T23:57:20,224,0,58,224
2022-08-29T00:06:26,224,0,58,224
2022-08-29T00:15:34,224,0,58,224
2022-08-29T00:24:44,224,0,58,224
2022-08-29T00:33:52,224,0,58,224
2022-08-29T00:42:59,224,0,58,224
2022-08-29T00:52:05,224,0,58,224
2022-08-29T01:01:13,224,0,58,224
2022-08-29T01:10:21,224,0,58,224
2022-08-29T01:19:31,224,0,58,224
2022-08-29T01:28:39,224,0,58,224
2022-08-29T01:37:47,224,0,58,224
2022-08-29T01:46:54,224,0,58,224
2022-08-29T01:56:02,224,0,58,224
2022-08-29T02:05:10,224,0,58,224
2022-08-29T02:14:18,224,0,58,224
2022-08-29T02:23:34,224,0,58,224
2022-08-29T02:32:41,224,0,58,224
2022-08-29T02:41:47,224,0,58,224
2022-08-29T02:50:52,224,0,58,224
2022-08-29T02:59:57,224,0,58,224
2022-08-29T03:09:03,224,0,58,224
2022-08-29T03:18:11,224,0,58,224
2022-08-29T03:27:16,224,0,58,224
2022-08-29T03:36:23,224,0,58,224
2022-08-29T03:45:30,224,0,58,224
2022-08-29T03:54:39,224,0,58,224
2022-08-29T04:03:46,224,0,58,224
2022-08-29T04:12:53,224,0,58,224
2022-08-29T04:23:11,224,0,58,224
2022-08-29T04:32:38,224,0,58,224
2022-08-29T04:41:47,224,0,58,224
2022-08-29T04:50:56,224,0,58,224
2022-08-29T05:00:04,224,0,58,224
2022-08-29T05:09:11,224,0,58,224
2022-08-29T05:18:16,224,0,58,224
2022-08-29T05:27:22,224,0,58,224
2022-08-29T05:36:29,224,0,58,224
2022-08-29T05:45:35,224,0,58,224
2022-08-29T05:54:42,224,0,58,224
2022-08-29T06:03:49,224,0,58,224
2022-08-29T06:12:56,224,0,58,224
2022-08-29T06:22:03,224,0,58,224
2022-08-29T06:31:12,224,0,58,224
2022-08-29T06:40:18,224,0,58,224
2022-08-29T06:49:25,224,0,58,224
2022-08-29T06:58:31,224,0,58,224
2022-08-29T07:07:37,224,0,58,224
2022-08-29T07:16:43,224,0,58,224
2022-08-29T07:25:49,224,0,58,224
2022-08-29T07:34:55,224,0,58,224
2022-08-29T07:44:01,224,0,58,224
2022-08-29T07:53:07,224,0,58,224
2022-08-29T08:02:13,224,0,58,224
2022-08-29T08:11:19,224,0,58,224
2022-08-29T08:20:25,224,0,58,224
2022-08-29T08:29:32,224,0,58,224
2022-08-29T08:38:39,224,0,58,224
2022-08-29T08:47:45,224,0,58,224
2022-08-29T08:56:52,224,0,58,224
2022-08-29T09:05:58,224,0,58,224
2022-08-29T09:15:15,224,0,58,224
2022-08-29T09:24:23,224,0,58,224
2022-08-29T09:33:29,224,0,58,224
2022-08-29T09:42:36,224,0,58,224
2022-08-29T09:51:45,224,0,58,224
2022-08-29T10:00:55,224,0,58,224
2022-08-29T10:10:03,224,0,58,224
2022-08-29T10:19:11,224,0,58,224
2022-08-29T10:28:17,224,0,58,224
2022-08-29T10:37:25,224,0,58,224
2022-08-29T10:46:32,224,0,58,224
2022-08-29T10:55:51,224,0,58,224
2022-08-29T11:05:00,224,0,58,224
2022-08-29T11:14:07,224,0,58,224
2022-08-29T11:23:15,224,0,58,224
2022-08-29T11:32:24,224,0,58,224
2022-08-29T11:41:32,224,0,58,224
2022-08-29T11:50:39,224,0,58,224
2022-08-29T11:59:47,224,0,58,224
2022-08-29T12:08:54,224,0,58,224
2022-08-29T12:18:02,224,0,58,224
2022-08-29T12:27:20,224,0,58,224
2022-08-29T12:36:26,224,0,58,224
2022-08-29T12:45:33,224,0,58,224
2022-08-29T12:54:40,224,0,58,224
2022-08-29T13:03:48,224,0,58,224
2022-08-29T13:12:55,224,0,58,224
2022-08-29T13:22:03,224,0,58,224
2022-08-29T13:31:10,224,0,58,224
2022-08-29T13:40:18,224,0,58,224
2022-08-29T13:49:43,224,0,58,224
2022-08-29T13:58:50,224,0,58,224
2022-08-29T14:07:57,224,0,58,224
2022-08-29T14:17:04,224,0,58,224
2022-08-29T14:26:12,224,0,58,224
2022-08-29T14:35:22,224,0,58,224
2022-08-29T14:44:31,224,0,58,224
2022-08-29T14:53:39,224,0,58,224
2022-08-29T15:02:48,224,0,58,224
2022-08-29T15:11:56,224,0,58,224
2022-08-29T15:21:08,224,0,58,224
2022-08-29T15:30:17,224,0,58,224
2022-08-29T15:39:28,224,0,58,224
2022-08-29T15:48:47,224,0,58,224
2022-08-29T15:57:56,224,0,58,224
2022-08-29T16:07:05,224,0,58,224
2022-08-29T16:16:14,224,0,58,224
2022-08-29T16:25:22,224,0,57,224
2022-08-29T16:34:33,224,0,57,224
2022-08-29T16:43:45,224,0,57,224
2022-08-29T16:52:53,224,0,57,224
2022-08-29T17:02:01,224,0,57,224
2022-08-29T17:11:31,224,0,57,224
2022-08-29T17:20:39,224,0,57,224
2022-08-29T17:29:47,224,0,57,224
2022-08-29T17:38:55,224,0,57,224
2022-08-29T17:48:02,224,0,57,224
2022-08-29T17:57:09,224,0,57,224
2022-08-29T18:06:15,224,0,57,224
2022-08-29T18:15:22,224,0,56,224
2022-08-29T18:24:39,224,0,56,224
2022-08-29T18:33:46,224,0,56,224
2022-08-29T18:42:53,224,0,56,224
2022-08-29T18:51:59,224,0,56,224
2022-08-29T19:01:06,224,0,56,224
2022-08-29T19:10:13,224,0,56,224
2022-08-29T19:19:19,224,0,56,224
2022-08-29T19:28:26,224,0,56,224
2022-08-29T19:37:32,224,0,56,224
2022-08-29T19:46:38,224,0,56,224
2022-08-29T19:55:43,224,0,56,224
2022-08-29T20:04:49,224,0,56,224
2022-08-29T20:13:56,224,0,56,224
2022-08-29T20:23:23,224,0,56,224
2022-08-29T20:32:30,224,0,56,224
2022-08-29T20:41:35,224,0,56,224
2022-08-29T20:50:41,224,0,56,224
2022-08-29T20:59:47,224,0,56,224
2022-08-29T21:08:52,224,0,56,224
2022-08-29T21:17:58,224,0,56,224
2022-08-29T21:27:03,224,0,56,224
2022-08-29T21:36:09,224,0,56,224
2022-08-29T21:45:14,224,0,56,224
2022-08-29T21:54:30,224,0,56,224
2022-08-29T22:03:35,224,0,56,224
2022-08-29T22:12:41,224,0,56,224
2022-08-29T22:21:46,224,0,56,224
2022-08-29T22:30:52,224,0,56,224
2022-08-29T22:39:57,224,0,56,224
2022-08-29T22:49:03,224,0,56,224
2022-08-29T22:58:08,224,0,56,224
2022-08-29T23:07:25,224,0,56,224
2022-08-29T23:16:31,224,0,56,224
2022-08-29T23:25:37,224,0,56,224
2022-08-29T23:34:43,224,0,56,224
2022-08-29T23:43:48,224,0,56,224
2022-08-29T23:52:53,224,0,56,224
2022-08-30T00:02:00,224,0,56,224
2022-08-30T00:11:06,224,0,56,224
2022-08-30T00:20:19,224,0,56,224
2022-08-30T00:29:27,224,0,56,224
2022-08-30T00:38:35,224,0,56,224
2022-08-30T00:47:43,224,0,56,224
2022-08-30T00:56:53,224,0,56,224
2022-08-30T01:06:02,224,0,56,224
2022-08-30T01:15:11,224,0,56,224
2022-08-30T01:24:19,224,0,56,224
2022-08-30T01:33:27,224,0,56,224
2022-08-30T01:42:33,224,0,56,224
2022-08-30T01:51:52,224,0,56,224
2022-08-30T02:01:01,224,0,56,224
2022-08-30T02:10:08,224,0,56,224
2022-08-30T02:19:14,224,0,56,224
2022-08-30T02:28:20,224,0,56,224
2022-08-30T02:37:26,224,0,56,224
2022-08-30T02:46:32,224,0,56,224
2022-08-30T02:55:40,224,0,56,224
2022-08-30T03:04:47,224,0,56,224
2022-08-30T03:13:53,224,0,56,224
2022-08-30T03:22:58,224,0,56,224
2022-08-30T03:32:08,224,0,56,224
2022-08-30T03:41:22,224,0,56,224
2022-08-30T03:50:37,224,0,56,224
2022-08-30T03:59:51,224,0,56,224
2022-08-30T04:09:06,224,0,56,224
2022-08-30T04:21:59,224,0,56,224
2022-08-30T04:31:38,224,0,56,224
2022-08-30T04:40:56,224,0,56,224
2022-08-30T04:50:11,224,0,56,224
2022-08-30T04:59:24,224,0,56,224
2022-08-30T05:08:38,224,0,56,224
2022-08-30T05:17:50,224,0,56,224
2022-08-30T05:27:01,224,0,56,224
2022-08-30T05:36:10,224,0,56,224
2022-08-30T05:45:18,224,0,56,224
2022-08-30T05:54:27,224,0,56,224
2022-08-30T06:03:40,224,0,56,224
2022-08-30T06:12:52,224,0,56,224
2022-08-30T06:22:00,224,0,56,224
2022-08-30T06:31:09,224,0,56,224
2022-08-30T06:40:18,224,0,56,224
2022-08-30T06:49:28,224,0,56,224
2022-08-30T06:58:36,224,0,56,224
2022-08-30T07:07:48,224,0,56,224
2022-08-30T07:16:57,224,0,56,224
2022-08-30T07:26:06,224,0,56,224
2022-08-30T07:35:14,224,0,56,224
2022-08-30T07:44:23,224,0,56,224
2022-08-30T07:53:33,224,0,56,224
2022-08-30T08:02:42,224,0,56,224
2022-08-30T08:11:50,224,0,56,224
2022-08-30T08:20:57,224,0,56,224
2022-08-30T08:30:04,224,0,56,224
2022-08-30T08:39:12,224,0,56,224
2022-08-30T08:48:19,224,0,56,224
2022-08-30T08:57:26,224,0,56,224
2022-08-30T09:06:35,224,0,56,224
2022-08-30T09:15:53,224,0,56,224
2022-08-30T09:25:01,224,0,56,224
2022-08-30T09:34:10,224,0,56,224
2022-08-30T09:43:18,224,0,56,224
2022-08-30T09:52:25,224,0,56,224
2022-08-30T10:01:33,224,0,56,224
2022-08-30T10:10:41,224,0,56,224
2022-08-30T10:19:49,224,0,56,224
2022-08-30T10:28:58,224,0,56,224
2022-08-30T10:38:06,224,0,56,224
2022-08-30T10:47:25,224,0,56,224
2022-08-30T10:56:33,224,0,56,224
2022-08-30T11:05:42,224,0,56,224
2022-08-30T11:14:51,224,0,56,224
2022-08-30T11:23:59,224,0,56,224
2022-08-30T11:33:08,224,0,56,224
2022-08-30T11:42:17,224,0,56,224
2022-08-30T11:51:26,224,0,56,224
2022-08-30T12:00:33,224,0,56,224
2022-08-30T12:09:41,224,0,56,224
2022-08-30T12:18:58,224,0,56,224
2022-08-30T12:28:06,224,0,56,224
2022-08-30T12:37:13,224,0,56,224
2022-08-30T12:46:20,224,0,56,224
2022-08-30T12:55:28,224,0,56,224
2022-08-30T13:04:35,224,0,56,224
2022-08-30T13:13:42,224,0,56,224
2022-08-30T13:22:51,224,0,56,224
2022-08-30T13:32:00,224,0,56,224
2022-08-30T13:41:10,224,0,56,224
2022-08-30T13:50:18,224,0,56,224
2022-08-30T13:59:26,224,0,56,224
2022-08-30T14:08:45,224,0,56,224
2022-08-30T14:17:53,224,0,56,224
2022-08-30T14:27:00,224,0,56,224
2022-08-30T14:36:07,224,0,56,224
2022-08-30T14:45:15,224,0,55,224
2022-08-30T14:54:24,224,0,55,224
2022-08-30T15:03:32,224,0,55,224
2022-08-30T15:12:40,224,0,55,224
2022-08-30T15:21:58,224,0,55,224
2022-08-30T15:31:05,224,0,55,224
2022-08-30T15:40:15,224,0,55,224
2022-08-30T15:49:23,224,0,55,224
2022-08-30T15:58:30,224,0,55,224
2022-08-30T16:07:38,224,0,55,224
2022-08-30T16:16:45,224,0,55,224
2022-08-30T16:25:54,224,0,55,224
2022-08-30T16:35:02,224,0,55,224
2022-08-30T16:44:09,224,0,55,224
2022-08-30T16:53:16,224,0,55,224
2022-08-30T17:02:33,224,0,55,224
2022-08-30T17:11:40,224,0,55,224
2022-08-30T17:20:46,224,0,55,224
2022-08-30T17:29:53,224,0,55,224
2022-08-30T17:38:59,224,0,55,224
2022-08-30T17:48:06,224,0,55,224
2022-08-30T17:57:12,224,0,55,224
2022-08-30T18:06:20,224,0,55,224
2022-08-30T18:15:30,224,0,55,224
2022-08-30T18:24:38,224,0,55,224
2022-08-30T18:33:45,224,0,55,224
2022-08-30T18:42:51,224,0,55,224
2022-08-30T18:51:57,224,0,55,224
2022-08-30T19:01:04,224,0,55,224
2022-08-30T19:10:21,224,0,55,224
2022-08-30T19:19:28,224,0,55,224
2022-08-30T19:28:34,224,0,55,224
2022-08-30T19:37:40,224,0,55,224
2022-08-30T19:46:47,224,0,55,224
2022-08-30T19:55:53,224,0,55,224
2022-08-30T20:05:00,224,0,55,224
2022-08-30T20:14:06,224,0,56,224
2022-08-30T20:23:12,224,0,56,224
2022-08-30T20:32:18,224,0,56,224
2022-08-30T20:41:25,224,0,56,224
2022-08-30T20:50:31,224,0,56,224
2022-08-30T20:59:37,224,0,56,224
2022-08-30T21:08:44,224,0,56,224
2022-08-30T21:18:01,224,0,56,224
2022-08-30T21:27:07,224,0,56,224
2022-08-30T21:36:13,224,0,56,224
2022-08-30T21:45:20,224,0,56,224
2022-08-30T21:54:26,224,0,56,224
2022-08-30T22:03:32,224,0,56,224
2022-08-30T22:12:39,224,0,56,224
2022-08-30T22:21:45,224,0,56,224
2022-08-30T22:30:52,224,0,56,224
2022-08-30T22:39:58,224,0,56,224
2022-08-30T22:49:03,224,0,56,224
2022-08-30T22:58:09,224,0,56,224
2022-08-30T23:07:16,224,0,56,224
2022-08-30T23:16:33,224,0,56,224
2022-08-30T23:25:40,224,0,56,224
2022-08-30T23:34:45,224,0,56,224
2022-08-30T23:43:51,224,0,56,224
2022-08-30T23:52:57,224,0,56,224
2022-08-31T00:02:03,224,0,56,224
2022-08-31T00:11:11,224,0,56,224
2022-08-31T00:20:23,224,0,56,224
2022-08-31T00:29:30,224,0,56,224
2022-08-31T00:38:37,224,0,56,224
2022-08-31T00:47:44,224,0,56,224
2022-08-31T00:56:53,224,0,56,224
2022-08-31T01:06:14,224,0,56,224
2022-08-31T01:15:23,224,0,56,224
2022-08-31T01:24:33,224,0,56,224
2022-08-31T01:33:42,224,0,56,224
2022-08-31T01:42:50,224,0,56,224
2022-08-31T01:51:57,224,0,56,224
2022-08-31T02:01:04,224,0,56,224
2022-08-31T02:10:13,224,0,56,224
2022-08-31T02:19:32,224,0,56,224
2022-08-31T02:28:41,224,0,56,224
2022-08-31T02:37:50,224,0,56,224
2022-08-31T02:46:57,224,0,56,224
2022-08-31T02:56:04,224,0,56,224
2022-08-31T03:05:11,224,0,56,224
2022-08-31T03:14:17,224,0,56,224
2022-08-31T03:23:24,224,0,56,224
2022-08-31T03:32:33,224,0,56,224
2022-08-31T03:41:41,224,0,56,224
2022-08-31T03:50:50,224,0,56,224
2022-08-31T03:59:58,224,0,56,224
2022-08-31T04:09:06,224,0,56,224
2022-08-31T04:26:29,224,0,56,224
2022-08-31T04:36:02,224,0,56,224
2022-08-31T04:45:13,224,0,56,224
2022-08-31T04:54:23,224,0,56,224
2022-08-31T05:03:34,224,0,56,224
2022-08-31T05:12:43,224,0,56,224
2022-08-31T05:21:51,224,0,56,224
2022-08-31T05:30:57,224,0,56,224
2022-08-31T05:40:04,224,0,56,224
2022-08-31T05:49:11,224,0,56,224
2022-08-31T05:58:18,224,0,56,224
2022-08-31T06:07:25,224,0,56,224
2022-08-31T06:16:33,224,0,56,224
2022-08-31T06:25:40,224,0,56,224
2022-08-31T06:34:52,224,0,56,224
2022-08-31T06:43:58,224,0,56,224
2022-08-31T06:53:05,224,0,56,224
2022-08-31T07:02:12,224,0,56,224
2022-08-31T07:11:19,224,0,56,224
2022-08-31T07:20:27,224,0,56,224
2022-08-31T07:29:34,224,0,56,224
2022-08-31T07:38:41,224,0,56,224
2022-08-31T07:47:48,224,0,56,224
2022-08-31T07:56:55,224,0,56,224
2022-08-31T08:06:02,224,0,56,224
2022-08-31T08:15:09,224,0,56,224
2022-08-31T08:24:17,224,0,56,224
2022-08-31T08:33:24,224,0,56,224
2022-08-31T08:42:45,224,0,56,224
2022-08-31T08:51:52,224,0,56,224
2022-08-31T09:00:59,224,0,56,224
2022-08-31T09:10:07,224,0,56,224
2022-08-31T09:19:14,224,0,56,224
2022-08-31T09:28:22,224,0,56,224
2022-08-31T09:37:29,224,0,56,224
2022-08-31T09:46:37,224,0,56,224
2022-08-31T09:55:44,224,0,56,224
2022-08-31T10:33:05,224,0,56,224
2022-08-31T10:42:41,224,0,56,224
2022-08-31T10:51:51,224,0,56,224
2022-08-31T11:01:00,224,0,56,224
2022-08-31T11:10:09,224,0,56,224
2022-08-31T11:19:18,224,0,56,224
2022-08-31T11:28:26,224,0,56,224
2022-08-31T11:37:34,224,0,56,224
2022-08-31T11:46:43,224,0,56,224
2022-08-31T11:55:51,224,0,56,224
2022-08-31T12:05:01,224,0,56,224
2022-08-31T12:14:14,224,0,56,224
2022-08-31T12:23:30,224,0,56,224
2022-08-31T12:32:38,224,0,56,224
2022-08-31T12:41:45,224,0,56,224
2022-08-31T12:50:53,224,0,56,224
2022-08-31T13:00:00,224,0,56,224
2022-08-31T13:09:09,224,0,56,224
2022-08-31T13:18:18,224,0,56,224
2022-08-31T13:27:28,224,0,56,224
2022-08-31T13:36:35,224,0,56,224
2022-08-31T13:45:45,224,0,56,224
2022-08-31T13:54:53,224,0,56,224
2022-08-31T14:04:01,224,0,56,224
2022-08-31T14:13:10,224,0,56,224
2022-08-31T14:22:18,224,0,56,224
2022-08-31T14:31:28,224,0,56,224
2022-08-31T14:40:50,224,0,57,224
2022-08-31T14:50:01,224,0,57,224
2022-08-31T14:59:15,224,0,57,224
2022-08-31T15:08:24,224,0,57,224
2022-08-31T15:17:32,224,0,57,224
2022-08-31T15:26:44,224,0,57,224
2022-08-31T15:35:52,224,0,57,224
2022-08-31T15:45:01,224,0,57,224
2022-08-31T15:54:09,224,0,56,224
2022-08-31T16:03:19,224,0,56,224
2022-08-31T16:12:30,224,0,56,224
2022-08-31T16:21:39,224,0,56,224
2022-08-31T16:30:57,224,0,56,224
2022-08-31T16:40:06,224,0,56,224
2022-08-31T16:49:15,224,0,56,224
2022-08-31T16:58:24,224,0,56,224
2022-08-31T17:07:32,224,0,56,224
2022-08-31T17:16:41,224,0,56,224
2022-08-31T17:25:48,224,0,56,224
2022-08-31T17:34:56,224,0,56,224
2022-08-31T17:40:28,224,0,56,224
2022-08-31T17:49:35,224,0,56,224
2022-08-31T17:58:43,224,0,56,224
2022-08-31T18:07:50,224,0,56,224
2022-08-31T18:16:57,224,0,56,224
2022-08-31T18:26:04,224,0,56,224
2022-08-31T18:35:12,224,0,56,224
2022-08-31T18:44:19,224,0,56,224
2022-08-31T18:53:26,224,0,55,224
2022-08-31T19:02:45,224,0,55,224
2022-08-31T19:11:53,224,0,55,224
2022-08-31T19:21:01,224,0,55,224
2022-08-31T19:30:08,224,0,55,224
2022-08-31T19:39:15,224,0,55,224
2022-08-31T19:48:22,224,0,55,224
2022-08-31T19:57:29,224,0,55,224
2022-08-31T20:06:37,224,0,56,224
2022-08-31T20:15:44,224,0,56,224
2022-08-31T20:24:52,224,0,56,224
2022-08-31T20:33:59,224,0,56,224
2022-08-31T20:43:05,224,0,56,224
2022-08-31T20:52:12,224,0,56,224
2022-08-31T21:01:19,224,0,56,224
2022-08-31T21:10:25,224,0,56,224
2022-08-31T21:19:32,224,0,56,224
2022-08-31T21:28:51,224,0,56,224
2022-08-31T21:37:57,224,0,56,224
2022-08-31T21:47:04,224,0,56,224
2022-08-31T21:56:11,224,0,56,224
2022-08-31T22:05:18,224,0,56,224
2022-08-31T22:14:25,224,0,56,224
2022-08-31T22:23:32,224,0,56,224
2022-08-31T22:32:39,224,0,56,224
2022-08-31T22:41:46,224,0,56,224
2022-08-31T22:50:53,224,0,55,224
2022-08-31T22:59:59,224,0,55,224
2022-08-31T23:09:07,224,0,55,224
2022-08-31T23:18:14,224,0,55,224
2022-08-31T23:27:21,224,0,55,224
2022-08-31T23:36:28,224,0,55,224
2022-08-31T23:45:35,224,0,55,224
2022-08-31T23:54:41,224,0,55,224
2022-09-01T00:03:59,224,0,55,224
2022-09-01T00:13:11,224,0,55,224
2022-09-01T00:22:20,224,0,55,224
2022-09-01T00:31:27,224,0,55,224
2022-09-01T00:40:37,224,0,55,224
2022-09-01T00:49:46,224,0,55,224
2022-09-01T00:58:55,224,0,55,224
2022-09-01T01:08:05,224,0,55,224
2022-09-01T01:17:13,224,0,55,224
2022-09-01T01:26:22,224,0,55,224
2022-09-01T01:35:29,224,0,55,224
2022-09-01T01:44:34,224,0,55,224
2022-09-01T01:53:42,224,0,55,224
2022-09-01T02:02:49,224,0,55,224
2022-09-01T02:11:54,224,0,55,224
2022-09-01T02:20:58,224,0,55,224
2022-09-01T02:30:02,224,0,55,224
2022-09-01T02:39:06,224,0,55,224
2022-09-01T02:48:09,224,0,55,224
2022-09-01T02:57:12,224,0,55,224
2022-09-01T03:06:16,224,0,55,224
2022-09-01T03:15:19,224,0,55,224
2022-09-01T03:24:22,224,0,55,224
2022-09-01T03:33:25,224,0,55,224
2022-09-01T03:42:30,224,0,55,224
2022-09-01T03:51:36,224,0,55,224
2022-09-01T04:02:58,224,0,55,224
2022-09-01T04:20:40,224,0,55,224
2022-09-01T04:30:14,224,0,55,224
2022-09-01T04:39:22,224,0,55,224
2022-09-01T04:48:30,224,0,55,224
2022-09-01T04:57:38,224,0,55,224
2022-09-01T05:06:44,224,0,55,224
2022-09-01T05:15:50,224,0,55,224
2022-09-01T05:24:55,224,0,55,224
2022-09-01T05:34:01,224,0,55,224
2022-09-01T05:43:06,224,0,55,224
2022-09-01T05:52:12,224,0,55,224
2022-09-01T06:01:19,224,0,55,224
2022-09-01T06:10:25,224,0,55,224
2022-09-01T06:19:31,224,0,55,224
2022-09-01T06:28:36,224,0,55,224
2022-09-01T06:37:42,224,0,55,224
2022-09-01T06:46:46,224,0,55,224
2022-09-01T06:55:50,224,0,55,224
2022-09-01T07:04:56,224,0,55,224
2022-09-01T07:14:01,224,0,55,224
2022-09-01T07:23:06,224,0,55,224
2022-09-01T07:32:11,224,0,55,224
2022-09-01T07:41:17,224,0,55,224
2022-09-01T07:50:22,224,0,55,224
2022-09-01T07:59:29,224,0,55,224
2022-09-01T08:08:36,224,0,55,224
2022-09-01T08:17:42,224,0,55,224
2022-09-01T08:26:48,224,0,55,224
2022-09-01T08:35:55,224,0,55,224
2022-09-01T08:45:00,224,0,55,224
2022-09-01T08:54:05,224,0,55,224
2022-09-01T09:03:13,224,0,55,224
2022-09-01T09:12:18,224,0,55,224
2022-09-01T09:21:23,224,0,55,224
2022-09-01T09:30:29,224,0,55,224
2022-09-01T09:39:36,224,0,55,224
2022-09-01T09:48:42,224,0,55,224
2022-09-01T09:57:58,224,0,55,224
2022-09-01T10:07:04,224,0,55,224
2022-09-01T10:16:10,224,0,54,224
2022-09-01T10:25:16,224,0,54,224
2022-09-01T10:34:22,224,0,54,224
2022-09-01T10:43:28,224,0,54,224
2022-09-01T10:52:34,224,0,54,224
2022-09-01T11:01:40,224,0,54,224
2022-09-01T11:10:47,224,0,54,224
2022-09-01T11:19:53,224,0,54,224
2022-09-01T11:29:00,224,0,54,224
2022-09-01T11:38:17,224,0,54,224
2022-09-01T11:47:23,224,0,54,224
2022-09-01T11:56:29,224,0,54,224
2022-09-01T12:05:34,224,0,54,224
2022-09-01T12:14:41,224,0,54,224
2022-09-01T12:23:47,224,0,54,224
2022-09-01T12:32:53,224,0,54,224
2022-09-01T12:41:57,224,0,54,224
2022-09-01T12:51:03,224,0,54,224
2022-09-01T13:00:08,224,0,54,224
2022-09-01T13:09:15,224,0,54,224
2022-09-01T13:18:20,224,0,54,224
2022-09-01T13:27:39,224,0,53,224
2022-09-01T13:36:44,224,0,53,224
2022-09-01T13:45:51,224,0,53,224
2022-09-01T13:54:57,224,0,53,224
2022-09-01T14:04:04,224,0,53,224
2022-09-01T14:13:11,224,0,53,224
2022-09-01T14:22:18,224,0,53,224
2022-09-01T14:31:25,224,0,53,224
2022-09-01T14:40:33,224,0,53,224
2022-09-01T14:49:41,224,0,53,224
2022-09-01T14:58:49,224,0,53,224
2022-09-01T15:08:10,224,0,53,224
2022-09-01T15:17:17,224,0,54,224
2022-09-01T15:26:24,224,0,54,224
2022-09-01T15:35:31,224,0,54,224
2022-09-01T15:44:39,224,0,54,224
2022-09-01T15:53:48,224,0,54,224
2022-09-01T16:02:59,224,0,54,224
2022-09-01T16:12:16,224,0,54,224
2022-09-01T16:21:30,224,0,54,224
2022-09-01T16:30:46,224,0,54,224
2022-09-01T16:40:14,224,0,54,224
2022-09-01T16:49:36,224,0,54,224
2022-09-01T16:58:59,224,0,54,224
2022-09-01T17:08:26,224,0,54,224
2022-09-01T17:17:52,224,0,54,224
2022-09-01T17:27:14,224,0,54,224
2022-09-01T17:36:30,224,0,54,224
2022-09-01T17:45:47,224,0,54,224
2022-09-01T17:55:02,224,0,54,224
2022-09-01T18:04:20,224,0,54,224
2022-09-01T18:13:35,224,0,54,224
2022-09-01T18:22:52,224,0,54,224
2022-09-01T18:32:19,224,0,54,224
2022-09-01T18:41:34,224,0,54,224
2022-09-01T18:50:53,224,0,54,224
2022-09-01T19:00:08,224,0,54,224
2022-09-01T19:09:22,224,0,54,224
2022-09-01T19:18:39,224,0,54,224
2022-09-01T19:27:53,224,0,54,224
2022-09-01T19:36:59,224,0,54,224
2022-09-01T19:46:05,224,0,54,224
2022-09-01T19:55:13,224,0,54,224
2022-09-01T20:04:19,224,0,54,224
2022-09-01T20:13:24,224,0,54,224
2022-09-01T20:22:31,224,0,55,224
2022-09-01T20:31:37,224,0,54,224
2022-09-01T20:40:43,224,0,54,224
2022-09-01T20:49:49,224,0,54,224
2022-09-01T20:58:55,224,0,54,224
2022-09-01T21:08:00,224,0,54,224
2022-09-01T21:17:07,224,0,54,224
2022-09-01T21:26:29,224,0,54,224
2022-09-01T21:35:35,224,0,54,224
2022-09-01T21:44:41,224,0,54,224
2022-09-01T21:53:47,224,0,54,224
2022-09-01T22:02:53,224,0,54,224
2022-09-01T22:11:58,224,0,54,224
2022-09-01T22:21:04,224,0,54,224
2022-09-01T22:30:09,224,0,54,224
2022-09-01T22:39:14,224,0,54,224
2022-09-01T22:48:20,224,0,54,224
2022-09-01T22:57:26,224,0,54,224
2022-09-01T23:06:33,224,0,54,224
2022-09-01T23:15:39,224,0,54,224
2022-09-01T23:24:45,224,0,54,224
2022-09-01T23:33:51,224,0,54,224
2022-09-01T23:42:57,224,0,53,224
2022-09-01T23:52:03,224,0,53,224
2022-09-02T00:01:09,224,0,53,224
2022-09-02T00:10:29,224,0,53,224
2022-09-02T00:19:38,224,0,53,224
2022-09-02T00:28:46,224,0,53,224
2022-09-02T00:37:53,224,0,53,224
2022-09-02T00:47:01,224,0,53,224
2022-09-02T00:56:10,224,0,53,224
2022-09-02T01:05:19,224,0,53,224
2022-09-02T01:14:27,224,0,53,224
2022-09-02T01:23:35,224,0,53,224
2022-09-02T01:32:44,224,0,53,224
2022-09-02T01:41:51,224,0,53,224
2022-09-02T01:50:58,224,0,53,224
2022-09-02T02:00:07,224,0,53,224
2022-09-02T02:09:16,224,0,53,224
2022-09-02T02:18:24,224,0,53,224
2022-09-02T02:27:32,224,0,53,224
2022-09-02T02:36:40,224,0,53,224
2022-09-02T02:45:47,224,0,53,224
2022-09-02T02:54:58,224,0,53,224
2022-09-02T03:04:15,224,0,53,224
2022-09-02T03:13:26,224,0,53,224
2022-09-02T03:22:35,224,0,53,224
2022-09-02T03:31:44,224,0,53,224
2022-09-02T03:40:55,224,0,53,224
2022-09-02T03:50:05,224,0,53,224
2022-09-02T03:59:15,224,0,53,224
2022-09-02T04:08:26,224,0,53,224
2022-09-02T04:19:07,224,0,53,224
2022-09-02T04:28:38,224,0,53,224
2022-09-02T04:37:50,224,0,53,224
2022-09-02T04:47:03,224,0,53,224
2022-09-02T04:56:15,224,0,53,224
2022-09-02T05:05:31,224,0,53,224
2022-09-02T05:14:41,224,0,53,224
2022-09-02T05:23:51,224,0,53,224
2022-09-02T05:33:02,224,0,53,224
2022-09-02T05:42:15,224,0,53,224
2022-09-02T05:51:26,224,0,53,224
2022-09-02T06:00:35,224,0,53,224
2022-09-02T06:09:46,224,0,53,224
2022-09-02T06:18:56,224,0,53,224
2022-09-02T06:28:06,224,0,53,224
2022-09-02T06:37:15,224,0,53,224
2022-09-02T06:46:24,224,0,53,224
2022-09-02T06:55:31,224,0,53,224
2022-09-02T07:04:42,224,0,53,224
2022-09-02T07:13:52,224,0,53,224
2022-09-02T07:23:04,224,0,53,224
2022-09-02T07:32:13,224,0,53,224
2022-09-02T07:41:22,224,0,52,224
2022-09-02T07:50:30,224,0,52,224
2022-09-02T07:59:39,224,0,52,224
2022-09-02T08:08:47,224,0,52,224
2022-09-02T08:17:56,224,0,52,224
2022-09-02T08:27:06,224,0,52,224
2022-09-02T08:36:16,224,0,52,224
2022-09-02T08:45:25,224,0,52,224
2022-09-02T08:54:34,224,0,52,224
2022-09-02T09:03:44,224,0,52,224
2022-09-02T09:12:54,224,0,52,224
2022-09-02T09:22:03,224,0,52,224
2022-09-02T09:31:13,224,0,52,224
2022-09-02T09:40:34,224,0,52,224
2022-09-02T09:49:44,224,0,52,224
2022-09-02T09:58:55,224,0,52,224
2022-09-02T10:08:05,224,0,52,224
2022-09-02T10:17:15,224,0,52,224
2022-09-02T10:26:25,224,0,52,224
2022-09-02T10:35:36,224,0,52,224
2022-09-02T10:44:46,224,0,52,224
2022-09-02T10:53:57,224,0,52,224
2022-09-02T11:03:21,224,0,52,224
2022-09-02T11:12:31,224,0,52,224
2022-09-02T11:21:42,224,0,52,224
2022-09-02T11:30:52,224,0,52,224
2022-09-02T11:40:02,224,0,52,224
2022-09-02T11:49:13,224,0,52,224
2022-09-02T11:58:22,224,0,52,224
2022-09-02T12:07:33,224,0,52,224
2022-09-02T12:16:43,224,0,52,224
2022-09-02T12:25:53,224,0,52,224
2022-09-02T12:35:02,224,0,52,224
2022-09-02T12:44:25,224,0,52,224
2022-09-02T12:53:33,224,0,52,224
2022-09-02T13:02:43,224,0,52,224
2022-09-02T13:11:52,224,0,52,224
2022-09-02T13:21:03,224,0,52,224
2022-09-02T13:30:12,224,0,52,224
2022-09-02T13:39:22,224,0,52,224
2022-09-02T13:48:32,224,0,52,224
2022-09-02T13:57:42,224,0,52,224
2022-09-02T14:06:52,224,0,52,224
2022-09-02T14:16:12,224,0,52,224
2022-09-02T14:25:21,224,0,52,224
2022-09-02T14:34:30,224,0,52,224
2022-09-02T14:43:40,224,0,52,224
2022-09-02T14:52:49,224,0,52,224
2022-09-02T15:01:58,224,0,53,224
2022-09-02T15:11:07,224,0,53,224
2022-09-02T15:20:16,224,0,53,224
2022-09-02T15:29:25,224,0,53,224
2022-09-02T15:38:33,224,0,53,224
2022-09-02T15:47:56,224,0,53,224
2022-09-02T15:57:04,224,0,53,224
2022-09-02T16:06:13,224,0,53,224
2022-09-02T16:15:21,224,0,53,224
2022-09-02T16:24:30,224,0,53,224
2022-09-02T16:33:38,224,0,53,224
2022-09-02T16:42:46,224,0,53,224
2022-09-02T16:51:55,224,0,53,224
2022-09-02T17:01:03,224,0,53,224
2022-09-02T17:10:12,224,0,53,224
2022-09-02T17:19:21,224,0,53,224
2022-09-02T17:28:29,224,0,53,224
2022-09-02T17:37:48,224,0,53,224
2022-09-02T17:46:56,224,0,53,224
2022-09-02T17:56:04,224,0,53,224
2022-09-02T18:05:12,224,0,53,224
2022-09-02T18:14:21,224,0,53,224
2022-09-02T18:23:29,224,0,52,224
2022-09-02T18:32:37,224,0,52,224
2022-09-02T18:41:45,224,0,52,224
2022-09-02T18:50:53,224,0,52,224
2022-09-02T19:00:00,224,0,52,224
2022-09-02T19:09:08,224,0,52,224
2022-09-02T19:18:16,224,0,52,224
2022-09-02T19:27:26,224,0,52,224
2022-09-02T19:36:35,224,0,52,224
2022-09-02T19:45:45,224,0,52,224
2022-09-02T19:55:03,224,0,52,224
2022-09-02T20:04:13,224,0,52,224
2022-09-02T20:13:21,224,0,52,224
2022-09-02T20:22:30,224,0,52,224
2022-09-02T20:31:39,224,0,52,224
2022-09-02T20:40:48,224,0,52,224
2022-09-02T20:49:57,224,0,52,224
2022-09-02T20:59:06,224,0,52,224
2022-09-02T21:08:15,224,0,52,224
2022-09-02T21:17:24,224,0,52,224
2022-09-02T21:26:33,224,0,52,224
2022-09-02T21:35:52,224,0,52,224
2022-09-02T21:45:00,224,0,52,224
2022-09-02T21:54:09,224,0,52,224
2022-09-02T22:03:17,224,0,52,224
2022-09-02T22:12:27,224,0,52,224
2022-09-02T22:21:35,224,0,52,224
2022-09-02T22:30:43,224,0,52,224
2022-09-02T22:39:52,224,0,52,224
2022-09-02T22:49:00,224,0,52,224
2022-09-02T22:58:09,224,0,52,224
2022-09-02T23:07:21,224,0,52,224
2022-09-02T23:16:30,224,0,52,224
2022-09-02T23:25:39,224,0,52,224
2022-09-02T23:34:47,224,0,52,224
2022-09-02T23:43:57,224,0,52,224
2022-09-02T23:53:05,224,0,52,224
2022-09-03T00:02:14,224,0,52,224
2022-09-03T00:11:24,224,0,52,224
2022-09-03T00:20:51,224,0,52,224
2022-09-03T00:30:01,224,0,52,224
2022-09-03T00:39:12,224,0,52,224
2022-09-03T00:48:23,224,0,52,224
2022-09-03T00:57:34,224,0,52,224
2022-09-03T01:06:45,224,0,52,224
2022-09-03T01:16:01,224,0,52,224
2022-09-03T01:25:13,224,0,52,224
2022-09-03T01:34:25,224,0,52,224
2022-09-03T01:43:36,224,0,52,224
2022-09-03T01:52:46,224,0,52,224
2022-09-03T02:01:55,224,0,52,224
2022-09-03T02:11:05,224,0,52,224
2022-09-03T02:20:15,224,0,52,224
2022-09-03T02:29:23,224,0,52,224
2022-09-03T02:38:31,224,0,52,224
2022-09-03T02:47:39,224,0,52,224
2022-09-03T02:56:47,224,0,52,224
2022-09-03T03:05:55,224,0,52,224
2022-09-03T03:15:02,224,0,52,224
2022-09-03T03:24:09,224,0,52,224
2022-09-03T03:33:17,224,0,52,224
2022-09-03T03:42:26,224,0,52,224
2022-09-03T03:51:36,224,0,52,224
2022-09-03T04:00:46,224,0,52,224
2022-09-03T04:17:54,224,0,52,224
2022-09-03T04:27:32,224,0,52,224
2022-09-03T04:36:45,224,0,52,224
2022-09-03T04:45:56,224,0,52,224
2022-09-03T04:55:06,224,0,52,224
2022-09-03T05:04:18,224,0,52,224
2022-09-03T05:13:29,224,0,52,224
2022-09-03T05:22:40,224,0,52,224
2022-09-03T05:31:51,224,0,52,224
2022-09-03T05:41:02,224,0,52,224
2022-09-03T05:50:13,224,0,52,224
2022-09-03T05:59:24,224,0,52,224
2022-09-03T06:08:35,224,0,52,224
2022-09-03T06:17:45,224,0,52,224
2022-09-03T06:26:56,224,0,52,224
2022-09-03T06:36:07,224,0,52,224
2022-09-03T06:45:18,224,0,52,224
2022-09-03T06:54:29,224,0,52,224
2022-09-03T07:03:41,224,0,52,224
2022-09-03T07:12:52,224,0,52,224
2022-09-03T07:22:03,224,0,52,224
2022-09-03T07:31:14,224,0,52,224
2022-09-03T07:40:28,224,0,52,224
2022-09-03T07:49:40,224,0,52,224
2022-09-03T07:58:51,224,0,52,224
2022-09-03T08:08:03,224,0,52,224
2022-09-03T08:17:13,224,0,52,224
2022-09-03T08:26:24,224,0,52,224
2022-09-03T08:35:44,224,0,52,224
2022-09-03T08:44:55,224,0,52,224
2022-09-03T08:54:05,224,0,52,224
2022-09-03T09:03:16,224,0,52,224
2022-09-03T09:12:26,224,0,52,224
2022-09-03T09:21:54,224,0,52,224
2022-09-03T09:31:06,224,0,52,224
2022-09-03T09:40:15,224,0,52,224
2022-09-03T09:49:25,224,0,52,224
2022-09-03T09:58:36,224,0,52,224
2022-09-03T10:07:46,224,0,52,224
2022-09-03T10:16:55,224,0,52,224
2022-09-03T10:26:03,224,0,52,224
2022-09-03T10:35:12,224,0,52,224
2022-09-03T10:44:20,224,0,52,224
2022-09-03T10:53:39,224,0,52,224
2022-09-03T11:02:46,224,0,52,224
2022-09-03T11:11:54,224,0,52,224
2022-09-03T11:21:02,224,0,52,224
2022-09-03T11:30:09,224,0,52,224
2022-09-03T11:39:17,224,0,52,224
2022-09-03T11:48:25,224,0,52,224
2022-09-03T11:57:32,224,0,52,224
2022-09-03T12:06:39,224,0,52,224
2022-09-03T12:15:47,224,0,52,224
2022-09-03T12:24:54,224,0,52,224
2022-09-03T12:34:02,224,0,52,224
2022-09-03T12:43:09,224,0,52,224
2022-09-03T12:52:26,224,0,52,224
2022-09-03T13:01:33,224,0,52,224
2022-09-03T13:10:41,224,0,52,224
2022-09-03T13:19:50,224,0,52,224
2022-09-03T13:28:58,224,0,52,224
2022-09-03T13:38:10,224,0,52,224
2022-09-03T13:47:17,224,0,52,224
2022-09-03T13:56:25,224,0,52,224
2022-09-03T14:05:32,224,0,52,224
2022-09-03T14:14:40,224,0,52,224
2022-09-03T14:23:47,224,0,52,224
2022-09-03T14:32:54,224,0,52,224
2022-09-03T14:42:02,224,0,52,224
2022-09-03T14:51:09,224,0,52,224
2022-09-03T15:00:17,224,0,52,224
2022-09-03T15:09:24,224,0,52,224
2022-09-03T15:18:32,224,0,52,224
2022-09-03T15:27:39,224,0,52,224
2022-09-03T15:36:56,224,0,52,224
2022-09-03T15:46:04,224,0,52,224
2022-09-03T15:55:12,224,0,52,224
2022-09-03T16:04:19,224,0,52,224
2022-09-03T16:13:27,224,0,52,224
2022-09-03T16:22:34,224,0,52,224
2022-09-03T16:31:41,224,0,52,224
2022-09-03T16:40:49,224,0,52,224
2022-09-03T16:49:57,224,0,52,224
2022-09-03T16:59:04,224,0,52,224
2022-09-03T17:08:12,224,0,52,224
2022-09-03T17:17:20,224,0,52,224
2022-09-03T17:26:29,224,0,52,224
2022-09-03T17:35:37,224,0,52,224
2022-09-03T17:44:45,224,0,52,224
2022-09-03T17:53:52,224,0,52,224
2022-09-03T18:03:00,224,0,52,224
2022-09-03T18:12:08,224,0,52,224
2022-09-03T18:21:27,224,0,52,224
2022-09-03T18:30:35,224,0,52,224
2022-09-03T18:39:43,224,0,52,224
2022-09-03T18:48:51,224,0,52,224
2022-09-03T18:57:59,224,0,52,224
2022-09-03T19:07:07,224,0,52,224
2022-09-03T19:16:14,224,0,52,224
2022-09-03T19:25:22,224,0,52,224
2022-09-03T19:34:29,224,0,52,224
2022-09-03T19:43:37,224,0,52,224
2022-09-03T19:52:45,224,0,52,224
2022-09-03T20:01:53,224,0,52,224
2022-09-03T20:11:01,224,0,52,224
2022-09-03T20:20:08,224,0,52,224
2022-09-03T20:29:16,224,0,52,224
2022-09-03T20:38:23,224,0,52,224
2022-09-03T20:47:31,224,0,52,224
2022-09-03T20:56:38,224,0,52,224
2022-09-03T21:05:47,224,0,52,224
2022-09-03T21:15:05,224,0,52,224
2022-09-03T21:24:13,224,0,52,224
2022-09-03T21:33:21,224,0,52,224
2022-09-03T21:42:29,224,0,52,224
2022-09-03T21:51:36,224,0,52,224
2022-09-03T22:00:43,224,0,52,224
2022-09-03T22:09:51,224,0,52,224
2022-09-03T22:18:59,224,0,52,224
2022-09-03T22:28:06,224,0,52,224
2022-09-03T22:37:14,224,0,52,224
2022-09-03T22:46:22,224,0,52,224
2022-09-03T22:55:31,224,0,52,224
2022-09-03T23:04:39,224,0,52,224
2022-09-03T23:13:48,224,0,52,224
2022-09-03T23:22:56,224,0,52,224
2022-09-03T23:32:05,224,0,52,224
2022-09-03T23:41:13,224,0,52,224
2022-09-03T23:50:31,224,0,53,224
2022-09-03T23:59:39,224,0,52,224
2022-09-04T00:08:49,224,0,52,224
2022-09-04T00:18:03,224,0,52,224
2022-09-04T00:27:14,224,0,52,224
2022-09-04T00:36:24,224,0,52,224
2022-09-04T00:45:34,224,0,52,224
2022-09-04T00:54:45,224,0,52,224
2022-09-04T01:03:56,224,0,52,224
2022-09-04T01:13:05,224,0,52,224
2022-09-04T01:22:15,224,0,52,224
2022-09-04T01:31:24,224,0,52,224
2022-09-04T01:40:33,224,0,52,224
2022-09-04T01:49:42,224,0,52,224
2022-09-04T01:58:53,224,0,52,224
2022-09-04T02:08:04,224,0,52,224
2022-09-04T02:17:14,224,0,52,224
2022-09-04T02:26:24,224,0,52,224
2022-09-04T02:35:36,224,0,52,224
2022-09-04T02:44:45,224,0,52,224
2022-09-04T02:53:54,224,0,52,224
2022-09-04T03:03:02,224,0,52,224
2022-09-04T03:12:12,224,0,52,224
2022-09-04T03:21:22,224,0,52,224
2022-09-04T03:30:42,224,0,52,224
2022-09-04T03:39:53,224,0,52,224
2022-09-04T03:49:03,224,0,52,224
2022-09-04T03:58:13,224,0,52,224
2022-09-04T04:07:25,224,0,52,224
2022-09-04T04:19:18,224,0,52,224
2022-09-04T04:28:56,224,0,52,224
2022-09-04T04:38:09,224,0,52,224
2022-09-04T04:47:21,224,0,52,224
2022-09-04T04:56:32,224,0,52,224
2022-09-04T05:05:41,224,0,52,224
2022-09-04T05:14:50,224,0,52,224
2022-09-04T05:23:58,224,0,52,224
2022-09-04T05:33:06,224,0,52,224
2022-09-04T05:42:14,224,0,52,224
2022-09-04T05:51:23,224,0,52,224
2022-09-04T06:00:32,224,0,52,224
2022-09-04T06:09:41,224,0,52,224
2022-09-04T06:18:50,224,0,52,224
2022-09-04T06:27:59,224,0,52,224
2022-09-04T06:37:07,224,0,52,224
2022-09-04T06:46:14,224,0,52,224
2022-09-04T06:55:22,224,0,52,224
2022-09-04T07:04:31,224,0,52,224
2022-09-04T07:13:39,224,0,52,224
2022-09-04T07:22:48,224,0,52,224
2022-09-04T07:31:56,224,0,52,224
2022-09-04T07:41:05,224,0,52,224
2022-09-04T07:50:13,224,0,52,224
2022-09-04T07:59:21,224,0,52,224
2022-09-04T08:08:30,224,0,52,224
2022-09-04T08:17:38,224,0,52,224
2022-09-04T08:26:47,224,0,52,224
2022-09-04T08:35:56,224,0,52,224
2022-09-04T08:45:05,224,0,52,224
2022-09-04T08:54:13,224,0,52,224
2022-09-04T09:03:24,224,0,52,224
2022-09-04T09:12:32,224,0,52,224
2022-09-04T09:21:40,224,0,52,224
2022-09-04T09:30:48,224,0,52,224
2022-09-04T09:39:56,224,0,52,224
2022-09-04T09:49:06,224,0,52,224
2022-09-04T09:58:25,224,0,52,224
2022-09-04T10:07:36,224,0,52,224
2022-09-04T10:16:45,224,0,52,224
2022-09-04T10:25:54,224,0,52,224
2022-09-04T10:35:09,224,0,52,224
2022-09-04T10:44:25,224,0,52,224
2022-09-04T10:53:42,224,0,52,224
2022-09-04T11:02:58,224,0,52,224
2022-09-04T11:12:13,224,0,52,224
2022-09-04T11:21:30,224,0,52,224
2022-09-04T11:30:45,224,0,52,224
2022-09-04T11:40:00,224,0,52,224
2022-09-04T11:49:16,224,0,52,224
2022-09-04T11:58:31,224,0,52,224
2022-09-04T12:07:44,224,0,52,224
2022-09-04T12:16:57,224,0,52,224
2022-09-04T12:26:09,224,0,52,224
2022-09-04T12:35:17,224,0,52,224
2022-09-04T12:44:34,224,0,52,224
2022-09-04T12:53:41,224,0,52,224
2022-09-04T13:02:50,224,0,52,224
2022-09-04T13:11:58,224,0,52,224
2022-09-04T13:21:05,224,0,52,224
2022-09-04T13:30:12,224,0,52,224
2022-09-04T13:39:20,224,0,52,224
2022-09-04T13:48:27,224,0,52,224
2022-09-04T13:57:35,224,0,52,224
2022-09-04T14:06:42,224,0,52,224
2022-09-04T14:15:50,224,0,52,224
2022-09-04T14:24:58,224,0,52,224
2022-09-04T14:34:06,224,0,52,224
2022-09-04T14:43:13,224,0,52,224
2022-09-04T14:52:21,224,0,52,224
2022-09-04T15:01:29,224,0,52,224
2022-09-04T15:10:37,224,0,52,224
2022-09-04T15:19:44,224,0,52,224
2022-09-04T15:28:51,224,0,52,224
2022-09-04T15:37:58,224,0,52,224
2022-09-04T15:47:06,224,0,52,224
2022-09-04T15:56:14,224,0,52,224
2022-09-04T16:05:34,224,0,52,224
2022-09-04T16:14:42,224,0,52,224
2022-09-04T16:23:49,224,0,52,224
2022-09-04T16:32:57,224,0,52,224
2022-09-04T16:42:05,224,0,52,224
2022-09-04T16:51:13,224,0,52,224
2022-09-04T17:00:22,224,0,52,224
2022-09-04T17:09:30,224,0,52,224
2022-09-04T17:18:40,224,0,52,224
2022-09-04T17:27:48,224,0,52,224
2022-09-04T17:36:56,224,0,52,224
2022-09-04T17:46:04,224,0,52,224
2022-09-04T17:55:11,224,0,52,224
2022-09-04T18:04:19,224,0,52,224
2022-09-04T18:13:28,224,0,52,224
2022-09-04T18:22:36,224,0,52,224
2022-09-04T18:31:44,224,0,52,224
2022-09-04T18:40:52,224,0,52,224
2022-09-04T18:50:00,224,0,52,224
2022-09-04T18:59:09,224,0,52,224
2022-09-04T19:08:31,224,0,52,224
2022-09-04T19:17:41,224,0,52,224
2022-09-04T19:26:53,224,0,52,224
2022-09-04T19:36:01,224,0,52,224
2022-09-04T19:45:09,224,0,52,224
2022-09-04T19:54:16,224,0,52,224
2022-09-04T20:03:24,224,0,52,224
2022-09-04T20:12:31,224,0,52,224
2022-09-04T20:21:39,224,0,52,224
2022-09-04T20:30:46,224,0,52,224
2022-09-04T20:39:53,224,0,52,224
2022-09-04T20:49:01,224,0,52,224
2022-09-04T20:58:08,224,0,52,224
2022-09-04T21:07:16,224,0,52,224
2022-09-04T21:16:24,224,0,52,224
2022-09-04T21:25:31,224,0,52,224
2022-09-04T21:34:49,224,0,52,224
2022-09-04T21:43:56,224,0,52,224
2022-09-04T21:53:03,224,0,52,224
2022-09-04T22:02:11,224,0,52,224
2022-09-04T22:11:19,224,0,52,224
2022-09-04T22:20:27,224,0,52,224
2022-09-04T22:29:34,224,0,52,224
2022-09-04T22:38:42,224,0,52,224
2022-09-04T22:47:50,224,0,52,224
2022-09-04T22:56:58,224,0,52,224
2022-09-04T23:06:08,224,0,51,224
2022-09-04T23:15:17,224,0,51,224
2022-09-04T23:24:27,224,0,51,224
2022-09-04T23:33:36,224,0,51,224
2022-09-04T23:42:46,224,0,51,224
2022-09-04T23:51:53,224,0,51,224
2022-09-05T00:01:01,224,0,51,224
2022-09-05T00:10:23,224,0,51,224
2022-09-05T00:19:45,224,0,51,224
2022-09-05T00:29:00,224,0,51,224
2022-09-05T00:38:13,224,0,51,224
2022-09-05T00:47:22,224,0,51,224
2022-09-05T00:56:32,224,0,51,224
2022-09-05T01:05:41,224,0,51,224
2022-09-05T01:15:00,224,0,51,224
2022-09-05T01:24:11,224,0,51,224
2022-09-05T01:33:22,224,0,51,224
2022-09-05T01:42:33,224,0,51,224
2022-09-05T01:51:42,224,0,51,224
2022-09-05T02:00:52,224,0,51,224
2022-09-05T02:10:03,224,0,51,224
2022-09-05T02:19:13,224,0,51,224
2022-09-05T02:28:23,224,0,51,224
2022-09-05T02:37:32,224,0,51,224
2022-09-05T02:46:40,224,0,51,224
2022-09-05T02:55:49,224,0,51,224
2022-09-05T03:04:58,224,0,51,224
2022-09-05T03:14:18,224,0,51,224
2022-09-05T03:23:28,224,0,51,224
2022-09-05T03:32:37,224,0,51,224
2022-09-05T03:41:47,224,0,51,224
2022-09-05T03:52:49,224,0,51,224
2022-09-05T04:01:59,224,0,51,224
2022-09-05T04:11:10,224,0,51,224
2022-09-05T04:22:37,224,0,51,224
2022-09-05T04:32:13,224,0,51,224
2022-09-05T04:41:26,224,0,51,224
2022-09-05T04:50:39,224,0,51,224
2022-09-05T04:59:50,224,0,51,224
2022-09-05T05:09:00,224,0,51,224
2022-09-05T05:18:08,224,0,51,224
2022-09-05T05:27:16,224,0,51,224
2022-09-05T05:36:24,224,0,51,224
2022-09-05T05:45:32,224,0,51,224
2022-09-05T05:54:41,224,0,51,224
2022-09-05T06:03:51,224,0,51,224
2022-09-05T06:13:02,224,0,51,224
2022-09-05T06:22:11,224,0,51,224
2022-09-05T06:31:20,224,0,51,224
2022-09-05T06:40:27,224,0,51,224
2022-09-05T06:49:36,224,0,51,224
2022-09-05T06:58:43,224,0,51,224
2022-09-05T07:07:51,224,0,51,224
2022-09-05T07:16:59,224,0,51,224
2022-09-05T07:26:08,224,0,51,224
2022-09-05T07:35:17,224,0,51,224
2022-09-05T07:44:25,224,0,51,224
2022-09-05T07:53:33,224,0,51,224
2022-09-05T08:02:41,224,0,51,224
2022-09-05T08:11:52,224,0,51,224
2022-09-05T08:20:59,224,0,51,224
2022-09-05T08:30:08,224,0,51,224
2022-09-05T08:39:15,224,0,51,224
2022-09-05T08:48:23,224,0,51,224
2022-09-05T08:57:31,224,0,51,224
2022-09-05T09:06:38,224,0,51,224
2022-09-05T09:15:46,224,0,51,224
2022-09-05T09:24:54,224,0,51,224
2022-09-05T09:34:02,224,0,51,224
2022-09-05T09:43:19,224,0,51,224
2022-09-05T09:52:26,224,0,51,224
2022-09-05T10:01:34,224,0,51,224
2022-09-05T10:10:42,224,0,51,224
2022-09-05T10:19:49,224,0,51,224
2022-09-05T10:28:57,224,0,51,224
2022-09-05T10:38:05,224,0,51,224
2022-09-05T10:47:13,224,0,51,224
2022-09-05T10:56:21,224,0,51,224
2022-09-05T11:05:28,224,0,51,224
2022-09-05T11:14:36,224,0,51,224
2022-09-05T11:23:44,224,0,51,224
2022-09-05T11:32:52,224,0,51,224
2022-09-05T11:42:00,224,0,51,224
2022-09-05T11:51:08,224,0,51,224
2022-09-05T12:00:16,224,0,51,224
2022-09-05T12:09:24,224,0,51,224
2022-09-05T12:18:32,224,0,51,224
2022-09-05T12:27:54,224,0,51,224
2022-09-05T12:37:02,224,0,51,224
2022-09-05T12:46:10,224,0,51,224
2022-09-05T12:55:18,224,0,51,224
2022-09-05T13:04:26,224,0,51,224
2022-09-05T13:13:34,224,0,51,224
2022-09-05T13:22:41,224,0,51,224
2022-09-05T13:31:49,224,0,51,224
2022-09-05T13:40:58,224,0,51,224
2022-09-05T13:50:06,224,0,51,224
2022-09-05T13:59:15,224,0,51,224
2022-09-05T14:08:24,224,0,51,224
2022-09-05T14:17:32,224,0,51,224
2022-09-05T14:26:42,224,0,51,224
2022-09-05T14:35:50,224,0,51,224
2022-09-05T14:44:58,224,0,51,224
2022-09-05T14:54:06,224,0,51,224
2022-09-05T15:03:14,224,0,51,224
2022-09-05T15:12:32,224,0,51,224
2022-09-05T15:21:40,224,0,51,224
2022-09-05T15:30:48,224,0,51,224
2022-09-05T15:39:55,224,0,51,224
2022-09-05T15:49:03,224,0,51,224
2022-09-05T15:58:11,224,0,51,224
2022-09-05T16:07:19,224,0,51,224
2022-09-05T16:16:26,224,0,51,224
2022-09-05T16:25:34,224,0,51,224
2022-09-05T16:34:42,224,0,51,224
2022-09-05T16:43:49,224,0,51,224
2022-09-05T16:52:58,224,0,51,224
2022-09-05T17:02:06,224,0,51,224
2022-09-05T17:11:24,224,0,51,224
2022-09-05T17:20:32,224,0,51,224
2022-09-05T17:29:41,224,0,51,224
2022-09-05T17:38:50,224,0,51,224
2022-09-05T17:48:00,224,0,51,224
2022-09-05T17:57:09,224,0,51,224
2022-09-05T18:06:17,224,0,51,224
2022-09-05T18:15:25,224,0,51,224
2022-09-05T18:24:32,224,0,51,224
2022-09-05T18:33:40,224,0,51,224
2022-09-05T18:42:48,224,0,51,224
2022-09-05T18:51:55,224,0,51,224
2022-09-05T19:01:03,224,0,51,224
2022-09-05T19:10:11,224,0,51,224
2022-09-05T19:19:30,224,0,51,224
2022-09-05T19:28:38,224,0,51,224
2022-09-05T19:37:46,224,0,51,224
2022-09-05T19:46:54,224,0,51,224
2022-09-05T19:56:02,224,0,51,224
2022-09-05T20:05:10,224,0,51,224
2022-09-05T20:14:18,224,0,51,224
2022-09-05T20:23:26,224,0,51,224
2022-09-05T20:32:34,224,0,51,224
2022-09-05T20:41:43,224,0,51,224
2022-09-05T20:50:51,224,0,51,224
2022-09-05T20:59:59,224,0,51,224
2022-09-05T21:09:06,224,0,51,224
2022-09-05T21:18:14,224,0,51,224
2022-09-05T21:27:33,224,0,51,224
2022-09-05T21:36:41,224,0,51,224
2022-09-05T21:45:49,224,0,51,224
2022-09-05T21:54:57,224,0,51,224
2022-09-05T22:04:04,224,0,51,224
2022-09-05T22:13:13,224,0,51,224
2022-09-05T22:22:22,224,0,51,224
2022-09-05T22:31:30,224,0,51,224
2022-09-05T22:40:37,224,0,51,224
2022-09-05T22:49:45,224,0,51,224
2022-09-05T22:58:53,224,0,51,224
2022-09-05T23:08:02,224,0,51,224
2022-09-05T23:17:11,224,0,51,224
2022-09-05T23:26:19,224,0,51,224
2022-09-05T23:35:27,224,0,51,224
2022-09-05T23:44:36,224,0,51,224
2022-09-05T23:53:54,224,0,51,224
2022-09-06T00:03:04,224,0,51,224
2022-09-06T00:12:16,224,0,51,224
2022-09-06T00:21:29,224,0,51,224
2022-09-06T00:30:37,224,0,51,224
2022-09-06T00:39:48,224,0,51,224
2022-09-06T00:48:59,224,0,51,224
2022-09-06T00:58:09,224,0,51,224
2022-09-06T01:07:20,224,0,51,224
2022-09-06T01:16:29,224,0,51,224
2022-09-06T01:25:39,224,0,51,224
2022-09-06T01:34:48,224,0,51,224
2022-09-06T01:43:56,224,0,51,224
2022-09-06T01:53:06,224,0,51,224
2022-09-06T02:02:16,224,0,51,224
2022-09-06T02:11:29,224,0,51,224
2022-09-06T02:20:39,224,0,51,224
2022-09-06T02:29:58,224,0,51,224
2022-09-06T02:39:10,224,0,51,224
2022-09-06T02:48:18,224,0,51,224
2022-09-06T02:57:26,224,0,51,224
2022-09-06T03:06:35,224,0,51,224
2022-09-06T03:15:44,224,0,51,224
2022-09-06T03:24:54,224,0,51,224
2022-09-06T03:34:04,224,0,51,224
2022-09-06T03:43:14,224,0,51,224
2022-09-06T03:52:25,224,0,51,224
2022-09-06T04:01:35,224,0,51,224
2022-09-06T04:10:46,224,0,51,224
2022-09-06T04:20:29,224,0,51,224
2022-09-06T04:30:04,224,0,51,224
2022-09-06T04:39:16,224,0,51,224
2022-09-06T04:48:28,224,0,51,224
2022-09-06T04:57:39,224,0,51,224
2022-09-06T05:06:47,224,0,51,224
2022-09-06T05:15:56,224,0,51,224
2022-09-06T05:25:04,224,0,51,224
2022-09-06T05:34:12,224,0,51,224
2022-09-06T05:43:22,224,0,51,224
2022-09-06T05:52:31,224,0,51,224
2022-09-06T06:01:41,224,0,51,224
2022-09-06T06:10:50,224,0,51,224
2022-09-06T06:20:00,224,0,51,224
2022-09-06T06:29:09,224,0,51,224
2022-09-06T06:38:17,224,0,51,224
2022-09-06T06:47:25,224,0,51,224
2022-09-06T06:56:33,224,0,51,224
2022-09-06T07:05:42,224,0,51,224
2022-09-06T07:14:50,224,0,51,224
2022-09-06T07:23:59,224,0,51,224
2022-09-06T07:33:08,224,0,51,224
2022-09-06T07:42:20,224,0,51,224
2022-09-06T07:51:29,224,0,51,224
2022-09-06T08:00:37,224,0,51,224
2022-09-06T08:09:47,224,0,51,224
2022-09-06T08:18:56,224,0,51,224
2022-09-06T08:28:06,224,0,51,224
2022-09-06T08:37:16,224,0,51,224
2022-09-06T08:46:36,224,0,51,224
2022-09-06T08:55:47,224,0,51,224
2022-09-06T09:04:57,224,0,51,224
2022-09-06T09:14:06,224,0,51,224
2022-09-06T09:23:16,224,0,51,224
2022-09-06T09:32:26,224,0,51,224
2022-09-06T09:41:36,224,0,51,224
2022-09-06T09:50:46,224,0,51,224
2022-09-06T09:59:57,224,0,51,224
2022-09-06T10:09:09,224,0,51,224
2022-09-06T10:18:19,224,0,51,224
2022-09-06T10:27:30,224,0,51,224
2022-09-06T10:36:42,224,0,51,224
2022-09-06T10:46:05,224,0,51,224
2022-09-06T10:55:16,224,0,51,224
2022-09-06T11:04:26,224,0,51,224
2022-09-06T11:13:37,224,0,51,224
2022-09-06T11:22:49,224,0,51,224
2022-09-06T11:32:00,224,0,51,224
2022-09-06T11:41:12,224,0,51,224
2022-09-06T11:50:22,224,0,51,224
2022-09-06T11:59:44,224,0,51,224
2022-09-06T12:08:54,224,0,51,224
2022-09-06T12:18:04,224,0,51,224
2022-09-06T12:27:14,224,0,51,224
2022-09-06T12:36:25,224,0,51,224
2022-09-06T12:45:35,224,0,51,224
2022-09-06T12:54:45,224,0,51,224
2022-09-06T13:03:55,224,0,51,224
2022-09-06T13:13:05,224,0,51,224
2022-09-06T13:22:27,224,0,51,224
2022-09-06T13:31:37,224,0,51,224
2022-09-06T13:40:48,224,0,51,224
2022-09-06T13:49:58,224,0,51,224
2022-09-06T13:59:09,224,0,51,224
2022-09-06T14:08:20,224,0,51,224
2022-09-06T14:17:34,224,0,51,224
2022-09-06T14:26:44,224,0,51,224
2022-09-06T14:36:04,224,0,51,224
2022-09-06T14:45:14,224,0,51,224
2022-09-06T14:54:27,224,0,51,224
2022-09-06T15:03:38,224,0,51,224
2022-09-06T15:12:48,224,0,51,224
2022-09-06T15:21:59,224,0,51,224
2022-09-06T15:31:10,224,0,51,224
2022-09-06T15:40:31,224,0,51,224
2022-09-06T15:49:41,224,0,51,224
2022-09-06T15:58:53,224,0,51,224
2022-09-06T16:08:03,224,0,51,224
2022-09-06T16:17:13,224,0,51,224
2022-09-06T16:26:22,224,0,51,224
2022-09-06T16:35:44,224,0,51,224
2022-09-06T16:44:53,224,0,51,224
2022-09-06T16:54:02,224,0,51,224
2022-09-06T17:03:11,224,0,51,224
2022-09-06T17:12:21,224,0,51,224
2022-09-06T17:21:32,224,0,51,224
2022-09-06T17:30:41,224,0,51,224
2022-09-06T17:39:50,224,0,51,224
2022-09-06T17:48:59,224,0,51,224
2022-09-06T17:58:21,224,0,51,224
2022-09-06T18:07:31,224,0,51,224
2022-09-06T18:16:40,224,0,51,224
2022-09-06T18:25:50,224,0,51,224
2022-09-06T18:34:59,224,0,51,224
2022-09-06T18:44:09,224,0,51,224
2022-09-06T18:53:18,224,0,51,224
2022-09-06T19:02:28,224,0,51,224
2022-09-06T19:11:39,224,0,51,224
2022-09-06T19:20:48,224,0,51,224
2022-09-06T19:29:58,224,0,51,224
2022-09-06T19:39:18,224,0,51,224
2022-09-06T19:48:27,224,0,51,224
2022-09-06T19:57:35,224,0,51,224
2022-09-06T20:06:44,224,0,51,224
2022-09-06T20:15:54,224,0,51,224
2022-09-06T20:25:04,224,0,51,224
2022-09-06T20:34:15,224,0,51,224
2022-09-06T20:43:24,224,0,51,224
2022-09-06T20:52:33,224,0,51,224
2022-09-06T21:01:43,224,0,51,224
2022-09-06T21:11:04,224,0,51,224
2022-09-06T21:20:14,224,0,51,224
2022-09-06T21:29:23,224,0,51,224
2022-09-06T21:38:32,224,0,51,224
2022-09-06T21:47:42,224,0,51,224
2022-09-06T21:56:51,224,0,51,224
2022-09-06T22:06:02,224,0,51,224
2022-09-06T22:15:12,224,0,51,224
2022-09-06T22:24:21,224,0,51,224
2022-09-06T22:33:30,224,0,51,224
2022-09-06T22:42:39,224,0,51,224
2022-09-06T22:51:48,224,0,51,224
2022-09-06T23:01:09,224,0,51,224
2022-09-06T23:10:20,224,0,51,224
2022-09-06T23:19:29,224,0,51,224
2022-09-06T23:28:40,224,0,51,224
2022-09-06T23:37:50,224,0,51,224
2022-09-06T23:46:58,224,0,51,224
2022-09-06T23:56:08,224,0,51,224
2022-09-07T00:05:21,224,0,51,224
2022-09-07T00:14:33,224,0,51,224
2022-09-07T00:23:45,224,0,51,224
2022-09-07T00:32:56,224,0,51,224
2022-09-07T00:42:18,224,0,51,224
2022-09-07T00:51:32,224,0,51,224
2022-09-07T01:00:48,224,0,51,224
2022-09-07T01:09:59,224,0,51,224
2022-09-07T01:19:13,224,0,51,224
2022-09-07T01:28:25,224,0,51,224
2022-09-07T01:37:35,224,0,51,224
2022-09-07T01:46:45,224,0,51,224
2022-09-07T01:55:57,224,0,51,224
2022-09-07T02:05:09,224,0,51,224
2022-09-07T02:14:19,224,0,51,224
2022-09-07T02:23:29,224,0,51,224
2022-09-07T02:32:48,224,0,51,224
2022-09-07T02:41:57,224,0,51,224
2022-09-07T02:51:05,224,0,51,224
2022-09-07T03:00:14,224,0,51,224
2022-09-07T03:09:23,224,0,51,224
2022-09-07T03:18:30,224,0,51,224
2022-09-07T03:27:37,224,0,51,224
2022-09-07T03:36:45,224,0,51,224
2022-09-07T03:48:02,224,0,51,224
2022-09-07T03:57:34,224,0,51,224
2022-09-07T04:06:47,224,0,51,224
2022-09-07T04:15:59,224,0,51,224
2022-09-07T04:27:32,224,0,51,224
2022-09-07T04:37:12,224,0,51,224
2022-09-07T04:46:24,224,0,51,224
2022-09-07T04:55:35,224,0,51,224
2022-09-07T05:04:44,224,0,51,224
2022-09-07T05:13:52,224,0,51,224
2022-09-07T05:23:01,224,0,51,224
2022-09-07T05:32:09,224,0,51,224
2022-09-07T05:41:25,224,0,51,224
2022-09-07T05:50:50,224,0,51,224
2022-09-07T06:00:02,224,0,51,224
2022-09-07T06:09:13,224,0,51,224
2022-09-07T06:18:24,224,0,51,224
2022-09-07T06:27:36,224,0,51,224
2022-09-07T06:36:47,224,0,51,224
2022-09-07T06:45:59,224,0,51,224
2022-09-07T06:55:18,224,0,51,224
2022-09-07T07:04:35,224,0,51,224
2022-09-07T07:13:46,224,0,51,224
2022-09-07T07:22:56,224,0,51,224
2022-09-07T07:32:08,224,0,51,224
2022-09-07T07:41:19,224,0,51,224
2022-09-07T07:50:29,224,0,51,224
2022-09-07T07:59:40,224,0,51,224
2022-09-07T08:08:51,224,0,51,224
2022-09-07T08:18:02,224,0,51,224
2022-09-07T08:27:14,224,0,51,224
2022-09-07T08:36:26,224,0,51,224
2022-09-07T08:45:37,224,0,51,224
2022-09-07T08:54:48,224,0,51,224
2022-09-07T09:03:57,224,0,51,224
2022-09-07T09:13:08,224,0,51,224
2022-09-07T09:22:18,224,0,51,224
2022-09-07T09:31:41,224,0,51,224
2022-09-07T09:40:54,224,0,51,224
2022-09-07T09:50:05,224,0,51,224
2022-09-07T09:59:16,224,0,51,224
2022-09-07T10:08:27,224,0,51,224
2022-09-07T10:17:39,224,0,51,224
2022-09-07T10:26:51,224,0,51,224
2022-09-07T10:36:02,224,0,51,224
2022-09-07T10:45:12,224,0,51,224
2022-09-07T10:54:33,224,0,51,224
2022-09-07T11:03:45,224,0,51,224
2022-09-07T11:12:57,224,0,51,224
2022-09-07T11:22:08,224,0,51,224
2022-09-07T11:31:18,224,0,51,224
2022-09-07T11:40:29,224,0,51,224
2022-09-07T11:49:39,224,0,51,224
2022-09-07T11:58:49,224,0,51,224
2022-09-07T12:08:12,224,0,51,224
2022-09-07T12:17:21,224,0,51,224
2022-09-07T12:26:31,224,0,51,224
2022-09-07T12:35:39,224,0,51,224
2022-09-07T12:44:48,224,0,51,224
2022-09-07T12:53:57,224,0,51,224
2022-09-07T13:03:06,224,0,51,224
2022-09-07T13:12:16,224,0,51,224
2022-09-07T13:21:36,224,0,51,224
2022-09-07T13:30:45,224,0,51,224
2022-09-07T13:39:54,224,0,51,224
2022-09-07T13:49:05,224,0,51,224
2022-09-07T13:58:15,224,0,51,224
2022-09-07T14:07:28,224,0,51,224
2022-09-07T14:16:39,224,0,51,224
2022-09-07T14:26:00,224,0,50,224
2022-09-07T14:35:10,224,0,50,224
2022-09-07T14:44:21,224,0,51,224
2022-09-07T14:53:31,224,0,51,224
2022-09-07T15:02:42,224,0,51,224
2022-09-07T15:11:53,224,0,51,224
2022-09-07T15:21:04,224,0,51,224
2022-09-07T15:30:15,224,0,51,224
2022-09-07T15:39:35,224,0,51,224
2022-09-07T15:48:44,224,0,51,224
2022-09-07T15:57:54,224,0,51,224
2022-09-07T16:07:04,224,0,51,224
2022-09-07T16:16:13,224,0,51,224
2022-09-07T16:25:22,224,0,51,224
2022-09-07T16:34:33,224,0,51,224
2022-09-07T16:43:42,224,0,51,224
2022-09-07T16:52:51,224,0,51,224
2022-09-07T17:02:00,224,0,51,224
2022-09-07T17:11:09,224,0,51,224
2022-09-07T17:20:31,224,0,51,224
2022-09-07T17:29:40,224,0,51,224
2022-09-07T17:38:48,224,0,51,224
2022-09-07T17:47:57,224,0,51,224
2022-09-07T17:57:06,224,0,51,224
2022-09-07T18:06:15,224,0,51,224
2022-09-07T18:15:24,224,0,51,224
2022-09-07T18:24:32,224,0,51,224
2022-09-07T18:33:41,224,0,51,224
2022-09-07T18:42:49,224,0,51,224
2022-09-07T18:51:57,224,0,51,224
2022-09-07T19:01:15,224,0,51,224
2022-09-07T19:10:26,224,0,51,224
2022-09-07T19:19:35,224,0,51,224
2022-09-07T19:28:44,224,0,51,224
2022-09-07T19:37:54,224,0,51,224
2022-09-07T19:47:04,224,0,51,224
2022-09-07T19:56:15,224,0,51,224
2022-09-07T20:05:29,224,0,51,224
2022-09-07T20:14:54,224,0,51,224
2022-09-07T20:24:03,224,0,51,224
2022-09-07T20:33:12,224,0,51,224
2022-09-07T20:42:21,224,0,51,224
2022-09-07T20:51:30,224,0,51,224
2022-09-07T21:00:38,224,0,51,224
2022-09-07T21:09:47,224,0,51,224
2022-09-07T21:18:59,224,0,51,224
2022-09-07T21:28:08,224,0,51,224
2022-09-07T21:37:17,224,0,51,224
2022-09-07T21:46:37,224,0,51,224
2022-09-07T21:55:45,224,0,51,224
2022-09-07T22:04:55,224,0,51,224
2022-09-07T22:14:06,224,0,51,224
2022-09-07T22:23:14,224,0,51,224
2022-09-07T22:32:22,224,0,51,224
2022-09-07T22:41:31,224,0,51,224
2022-09-07T22:50:39,224,0,51,224
2022-09-07T22:59:47,224,0,51,224
2022-09-07T23:08:57,224,0,51,224
2022-09-07T23:18:18,224,0,51,224
2022-09-07T23:27:26,224,0,51,224
2022-09-07T23:36:35,224,0,51,224
2022-09-07T23:45:43,224,0,51,224
2022-09-07T23:54:50,224,0,51,224
2022-09-08T00:04:05,224,0,51,224
2022-09-08T00:13:22,224,0,51,224
2022-09-08T00:22:33,224,0,51,224
2022-09-08T00:31:43,224,0,51,224
2022-09-08T00:40:55,224,0,51,224
2022-09-08T00:50:08,224,0,51,224
2022-09-08T00:59:30,224,0,51,224
2022-09-08T01:08:40,224,0,51,224
2022-09-08T01:17:51,224,0,51,224
2022-09-08T01:27:02,224,0,51,224
2022-09-08T01:36:14,224,0,51,224
2022-09-08T01:45:25,224,0,51,224
2022-09-08T01:54:37,224,0,51,224
2022-09-08T02:03:48,224,0,51,224
2022-09-08T02:12:57,224,0,51,224
2022-09-08T02:22:05,224,0,51,224
2022-09-08T02:31:14,224,0,51,224
2022-09-08T02:40:22,224,0,51,224
2022-09-08T02:49:41,224,0,51,224
2022-09-08T02:58:49,224,0,51,224
2022-09-08T03:07:58,224,0,51,224
2022-09-08T03:17:06,224,0,51,224
2022-09-08T03:26:13,224,0,51,224
2022-09-08T03:35:21,224,0,51,224
2022-09-08T03:44:31,224,0,51,224
2022-09-08T03:53:40,224,0,51,224
2022-09-08T04:03:05,224,0,51,224
2022-09-08T04:14:29,224,0,51,224
2022-09-08T04:32:31,224,0,51,224
2022-09-08T04:41:49,224,0,51,224
2022-09-08T04:51:01,224,0,51,224
2022-09-08T05:00:13,224,0,51,224
2022-09-08T05:09:25,224,0,51,224
2022-09-08T05:18:34,224,0,51,224
2022-09-08T05:27:43,224,0,51,224
2022-09-08T05:36:53,224,0,51,224
2022-09-08T05:46:03,224,0,51,224
2022-09-08T05:55:13,224,0,51,224
2022-09-08T06:04:25,224,0,51,224
2022-09-08T06:13:38,224,0,51,224
2022-09-08T06:22:52,224,0,51,224
2022-09-08T06:32:04,224,0,51,224
2022-09-08T06:41:18,224,0,51,224
2022-09-08T06:50:37,224,0,51,224
2022-09-08T06:59:55,224,0,51,224
2022-09-08T07:09:16,224,0,51,224
2022-09-08T07:18:34,224,0,51,224
2022-09-08T07:27:55,224,0,51,224
2022-09-08T07:37:15,224,0,51,224
2022-09-08T07:46:33,224,0,51,224
2022-09-08T07:56:01,224,0,51,224
2022-09-08T08:05:18,224,0,51,224
2022-09-08T08:14:33,224,0,51,224
2022-09-08T08:23:47,224,0,51,224
2022-09-08T08:33:00,224,0,51,224
2022-09-08T08:42:11,224,0,51,224
2022-09-08T08:51:20,224,0,51,224
2022-09-08T09:00:31,224,0,51,224
2022-09-08T09:09:41,224,0,51,224
2022-09-08T09:18:53,224,0,51,224
2022-09-08T09:28:15,224,0,51,224
2022-09-08T09:37:25,224,0,51,224
2022-09-08T09:46:36,224,0,51,224
2022-09-08T09:55:47,224,0,51,224
2022-09-08T10:04:58,224,0,51,224
2022-09-08T10:14:10,224,0,51,224
2022-09-08T10:23:32,224,0,51,224
2022-09-08T10:49:59,224,0,51,224
2022-09-08T11:18:48,224,0,51,224
2022-09-08T11:35:38,224,0,51,224
2022-09-08T11:57:00,224,0,51,224
2022-09-08T12:10:22,224,0,51,224
2022-09-08T12:37:41,224,0,51,224
2022-09-08T13:20:09,224,0,51,224
2022-09-08T13:50:12,224,0,51,224
2022-09-08T14:38:46,224,0,51,224
2022-09-08T15:07:21,224,0,51,224
2022-09-08T15:49:59,224,0,51,224
2022-09-08T16:05:52,224,0,51,224
2022-09-08T16:15:39,224,0,51,224
2022-09-08T16:24:50,224,0,51,224
2022-09-08T16:34:00,224,0,51,224
2022-09-08T16:43:10,224,0,51,224
2022-09-08T16:52:20,224,0,51,224
2022-09-08T17:01:39,224,0,51,224
2022-09-08T17:10:49,224,0,51,224
2022-09-08T17:19:59,224,0,51,224
2022-09-08T17:29:08,224,0,51,224
2022-09-08T17:38:18,224,0,51,224
2022-09-08T17:47:27,224,0,51,224
2022-09-08T17:56:42,224,0,51,224
2022-09-08T18:05:51,224,0,51,224
2022-09-08T18:15:00,224,0,51,224
2022-09-08T18:24:10,224,0,51,224
2022-09-08T18:33:25,224,0,51,224
2022-09-08T18:42:34,224,0,51,224
2022-09-08T18:51:43,224,0,51,224
2022-09-08T19:00:53,224,0,51,224
2022-09-08T19:10:03,224,0,51,224
2022-09-08T19:19:12,224,0,51,224
2022-09-08T19:28:22,224,0,51,224
2022-09-08T19:37:31,224,0,51,224
2022-09-08T19:46:51,224,0,51,224
2022-09-08T19:56:00,224,0,51,224
2022-09-08T20:05:10,224,0,51,224
2022-09-08T20:14:19,224,0,51,224
2022-09-08T20:23:28,224,0,51,224
2022-09-08T20:32:38,224,0,51,224
2022-09-08T20:41:46,224,0,51,224
2022-09-08T20:50:55,224,0,51,224
2022-09-08T21:00:05,224,0,51,224
2022-09-08T21:09:32,224,0,51,224
2022-09-08T21:18:41,224,0,51,224
2022-09-08T21:27:51,224,0,51,224
2022-09-08T21:36:59,224,0,51,224
2022-09-08T21:46:08,224,0,52,224
2022-09-08T21:55:16,224,0,52,224
2022-09-08T22:04:25,224,0,52,224
2022-09-08T22:13:40,224,0,52,224
2022-09-08T22:22:49,224,0,52,224
2022-09-08T22:31:58,224,0,52,224
2022-09-08T22:41:07,224,0,52,224
2022-09-08T22:50:15,224,0,51,224
2022-09-08T22:59:24,224,0,51,224
2022-09-08T23:08:34,224,0,51,224
2022-09-08T23:17:43,224,0,51,224
2022-09-08T23:26:52,224,0,51,224
2022-09-08T23:36:01,224,0,51,224
2022-09-08T23:45:10,224,0,51,224
2022-09-08T23:54:19,224,0,51,224
2022-09-09T00:03:31,224,0,51,224
2022-09-09T00:12:43,224,0,51,224
2022-09-09T00:21:56,224,0,51,224
2022-09-09T00:31:06,224,0,51,224
2022-09-09T00:40:17,224,0,51,224
2022-09-09T00:49:28,224,0,51,224
2022-09-09T00:58:46,224,0,51,224
2022-09-09T01:07:57,224,0,51,224
2022-09-09T01:17:09,224,0,51,224
2022-09-09T01:26:26,224,0,51,224
2022-09-09T01:35:43,224,0,51,224
2022-09-09T01:44:54,224,0,51,224
2022-09-09T01:54:05,224,0,51,224
2022-09-09T02:03:15,224,0,51,224
2022-09-09T02:12:24,224,0,51,224
2022-09-09T02:21:33,224,0,51,224
2022-09-09T02:30:42,224,0,51,224
2022-09-09T02:39:51,224,0,51,224
2022-09-09T02:49:12,224,0,51,224
2022-09-09T02:58:19,224,0,51,224
2022-09-09T03:07:28,224,0,51,224
2022-09-09T03:16:42,224,0,51,224
2022-09-09T03:25:54,224,0,51,224
2022-09-09T03:35:04,224,0,51,224
2022-09-09T03:44:15,224,0,51,224
2022-09-09T03:53:26,224,0,51,224
2022-09-09T04:05:16,224,0,51,224
2022-09-09T04:19:36,224,0,51,224
2022-09-09T04:29:13,224,0,51,224
2022-09-09T04:38:26,224,0,51,224
2022-09-09T04:47:39,224,0,51,224
2022-09-09T04:56:51,224,0,51,224
2022-09-09T05:06:03,224,0,51,224
2022-09-09T05:15:16,224,0,51,224
2022-09-09T05:24:33,224,0,51,224
2022-09-09T05:33:44,224,0,51,224
2022-09-09T05:42:54,224,0,51,224
2022-09-09T05:52:05,224,0,51,224
2022-09-09T06:01:16,224,0,51,224
2022-09-09T06:10:27,224,0,51,224
2022-09-09T06:19:39,224,0,51,224
2022-09-09T06:28:50,224,0,51,224
2022-09-09T06:38:10,224,0,51,224
2022-09-09T06:47:19,224,0,51,224
2022-09-09T06:56:33,224,0,51,224
2022-09-09T07:05:42,224,0,51,224
2022-09-09T07:14:51,224,0,51,224
2022-09-09T07:23:59,224,0,51,224
2022-09-09T07:33:12,224,0,51,224
2022-09-09T07:42:22,224,0,51,224
2022-09-09T07:51:30,224,0,51,224
2022-09-09T08:00:39,224,0,51,224
2022-09-09T08:09:49,224,0,51,224
2022-09-09T08:18:58,224,0,51,224
2022-09-09T08:28:09,224,0,51,224
2022-09-09T08:37:18,224,0,51,224
2022-09-09T08:46:28,224,0,51,224
2022-09-09T08:55:39,224,0,51,224
2022-09-09T09:04:49,224,0,51,224
2022-09-09T09:13:59,224,0,51,224
2022-09-09T09:23:16,224,0,51,224
2022-09-09T09:32:26,224,0,51,224
2022-09-09T09:41:37,224,0,51,224
2022-09-09T09:51:04,224,0,51,224
2022-09-09T10:00:14,224,0,51,224
2022-09-09T10:09:25,224,0,51,224
2022-09-09T10:18:35,224,0,51,224
2022-09-09T10:27:52,224,0,51,224
2022-09-09T10:37:02,224,0,51,224
2022-09-09T10:46:12,224,0,51,224
2022-09-09T10:55:22,224,0,51,224
2022-09-09T11:04:32,224,0,51,224
2022-09-09T11:13:42,224,0,51,224
2022-09-09T11:22:55,224,0,51,224
2022-09-09T11:32:16,224,0,51,224
2022-09-09T11:41:26,224,0,51,224
2022-09-09T11:50:36,224,0,51,224
2022-09-09T11:59:46,224,0,51,224
2022-09-09T12:08:57,224,0,51,224
2022-09-09T12:18:07,224,0,51,224
2022-09-09T12:27:17,224,0,51,224
2022-09-09T12:36:37,224,0,51,224
2022-09-09T12:45:48,224,0,51,224
2022-09-09T12:54:57,224,0,51,224
2022-09-09T13:04:07,224,0,51,224
2022-09-09T13:13:29,224,0,51,224
2022-09-09T13:22:44,224,0,51,224
2022-09-09T13:31:54,224,0,51,224
2022-09-09T13:41:05,224,0,51,224
2022-09-09T13:50:15,224,0,51,224
2022-09-09T13:59:36,224,0,51,224
2022-09-09T14:08:46,224,0,51,224
2022-09-09T14:17:55,224,0,51,224
2022-09-09T14:27:06,224,0,51,224
2022-09-09T14:36:23,224,0,51,224
2022-09-09T14:45:34,224,0,51,224
2022-09-09T14:54:45,224,0,51,224
2022-09-09T15:03:56,224,0,51,224
2022-09-09T15:13:07,224,0,51,224
2022-09-09T15:22:31,224,0,51,224
2022-09-09T15:38:02,224,0,51,224
2022-09-09T15:48:02,224,0,51,224
2022-09-09T15:57:14,224,0,51,224
2022-09-09T16:06:25,224,0,51,224
2022-09-09T16:15:36,224,0,51,224
2022-09-09T16:24:47,224,0,51,224
2022-09-09T16:33:57,224,0,51,224
2022-09-09T16:43:13,224,0,51,224
2022-09-09T16:52:23,224,0,52,224
2022-09-09T17:01:44,224,0,52,224
2022-09-09T17:10:54,224,0,52,224
2022-09-09T17:20:05,224,0,52,224
2022-09-09T17:29:15,224,0,52,224
2022-09-09T17:38:25,224,0,52,224
2022-09-09T17:47:34,224,0,52,224
2022-09-09T17:56:43,224,0,52,224
2022-09-09T18:05:53,224,0,52,224
2022-09-09T18:15:13,224,0,52,224
2022-09-09T18:24:24,224,0,52,224
2022-09-09T18:33:34,224,0,52,224
2022-09-09T18:42:43,224,0,52,224
2022-09-09T18:51:52,224,0,52,224
2022-09-09T19:01:01,224,0,52,224
2022-09-09T19:10:10,224,0,52,224
2022-09-09T19:19:19,224,0,52,224
2022-09-09T19:28:46,224,0,52,224
2022-09-09T19:37:55,224,0,52,224
2022-09-09T19:47:04,224,0,52,224
2022-09-09T19:56:13,224,0,52,224
2022-09-09T20:05:22,224,0,52,224
2022-09-09T20:14:32,224,0,52,224
2022-09-09T20:23:42,224,0,52,224
2022-09-09T20:32:51,224,0,52,224
2022-09-09T20:42:06,224,0,52,224
2022-09-09T20:51:16,224,0,52,224
2022-09-09T21:00:35,224,0,52,224
2022-09-09T21:09:45,224,0,52,224
2022-09-09T21:19:00,224,0,52,224
2022-09-09T21:28:12,224,0,52,224
2022-09-09T21:37:23,224,0,52,224
2022-09-09T21:46:32,224,0,52,224
2022-09-09T21:55:41,224,0,52,224
2022-09-09T22:05:01,224,0,52,224
2022-09-09T22:14:11,224,0,52,224
2022-09-09T22:23:21,224,0,52,224
2022-09-09T22:32:31,224,0,52,224
2022-09-09T22:41:51,224,0,52,224
2022-09-09T22:51:02,224,0,52,224
2022-09-09T23:00:11,224,0,52,224
2022-09-09T23:09:22,224,0,52,224
2022-09-09T23:18:38,224,0,52,224
2022-09-09T23:27:53,224,0,52,224
2022-09-09T23:37:14,224,0,52,224
2022-09-09T23:46:23,224,0,52,224
2022-09-09T23:55:32,224,0,52,224
2022-09-10T00:04:42,224,0,52,224
2022-09-10T00:13:53,224,0,52,224
2022-09-10T00:23:15,224,0,52,224
2022-09-10T00:32:25,224,0,52,224
2022-09-10T00:41:37,224,0,52,224
2022-09-10T00:50:49,224,0,52,224
2022-09-10T01:00:08,224,0,52,224
2022-09-10T01:09:23,224,0,52,224
2022-09-10T01:18:38,224,0,52,224
2022-09-10T01:27:50,224,0,52,224
2022-09-10T01:37:04,224,0,52,224
2022-09-10T01:46:15,224,0,52,224
2022-09-10T01:55:25,224,0,52,224
2022-09-10T02:04:47,224,0,52,224
2022-09-10T02:13:57,224,0,52,224
2022-09-10T02:23:06,224,0,52,224
2022-09-10T02:32:15,224,0,52,224
2022-09-10T02:41:24,224,0,52,224
2022-09-10T02:50:33,224,0,52,224
2022-09-10T02:59:41,224,0,52,224
2022-09-10T03:08:49,224,0,52,224
2022-09-10T03:17:58,224,0,52,224
2022-09-10T03:27:06,224,0,52,224
2022-09-10T03:36:14,224,0,52,224
2022-09-10T03:45:25,224,0,52,224
2022-09-10T03:54:35,224,0,52,224
2022-09-10T04:03:46,224,0,52,224
2022-09-10T04:12:56,224,0,52,224
2022-09-10T04:22:15,224,0,52,224
2022-09-10T04:31:56,224,0,52,224
2022-09-10T04:41:10,224,0,52,224
2022-09-10T04:50:20,224,0,52,224
2022-09-10T04:59:29,224,0,52,224
2022-09-10T05:08:38,224,0,52,224
2022-09-10T05:17:46,224,0,52,224
2022-09-10T05:26:54,224,0,52,224
2022-09-10T05:36:02,224,0,52,224
2022-09-10T05:45:10,224,0,52,224
2022-09-10T05:54:19,224,0,52,224
2022-09-10T06:03:27,224,0,52,224
2022-09-10T06:12:35,224,0,52,224
2022-09-10T06:21:44,224,0,52,224
2022-09-10T06:30:52,224,0,52,224
2022-09-10T06:40:00,224,0,52,224
2022-09-10T06:49:08,224,0,52,224
2022-09-10T06:58:17,224,0,52,224
2022-09-10T07:07:25,224,0,52,224
2022-09-10T07:16:35,224,0,52,224
2022-09-10T07:25:43,224,0,52,224
2022-09-10T07:35:02,224,0,52,224
2022-09-10T07:44:11,224,0,52,224
2022-09-10T07:53:20,224,0,52,224
2022-09-10T08:02:28,224,0,52,224
2022-09-10T08:11:36,224,0,52,224
2022-09-10T08:20:45,224,0,52,224
2022-09-10T08:29:53,224,0,52,224
2022-09-10T08:39:02,224,0,52,224
2022-09-10T08:48:21,224,0,52,224
2022-09-10T08:57:30,224,0,52,224
2022-09-10T09:06:39,224,0,52,224
2022-09-10T09:15:55,224,0,52,224
2022-09-10T09:25:05,224,0,52,224
2022-09-10T09:34:17,224,0,52,224
2022-09-10T09:43:28,224,0,52,224
2022-09-10T09:52:38,224,0,52,224
2022-09-10T10:01:59,224,0,52,224
2022-09-10T10:11:09,224,0,52,224
2022-09-10T10:20:18,224,0,52,224
2022-09-10T10:29:27,224,0,52,224
2022-09-10T10:38:36,224,0,52,224
2022-09-10T10:47:46,224,0,52,224
2022-09-10T10:56:56,224,0,52,224
2022-09-10T11:06:18,224,0,52,224
2022-09-10T11:15:27,224,0,52,224
2022-09-10T11:24:36,224,0,52,224
2022-09-10T11:33:45,224,0,52,224
2022-09-10T11:43:07,224,0,52,224
2022-09-10T11:52:17,224,0,52,224
2022-09-10T12:01:26,224,0,52,224
2022-09-10T12:10:37,224,0,52,224
2022-09-10T12:19:54,224,0,52,224
2022-09-10T12:29:11,224,0,52,224
2022-09-10T12:38:30,224,0,52,224
2022-09-10T12:47:59,224,0,52,224
2022-09-10T12:57:18,224,0,52,224
2022-09-10T13:06:41,224,0,52,224
2022-09-10T13:16:00,224,0,52,224
2022-09-10T13:25:37,224,0,52,224
2022-09-10T13:34:56,224,0,52,224
2022-09-10T13:44:13,224,0,52,224
2022-09-10T13:53:27,224,0,52,224
2022-09-10T14:02:52,224,0,52,224
2022-09-10T14:12:12,224,0,52,224
2022-09-10T14:21:23,224,0,52,224
2022-09-10T14:30:35,224,0,52,224
2022-09-10T14:39:47,224,0,52,224
2022-09-10T14:48:57,224,0,52,224
2022-09-10T14:58:08,224,0,52,224
2022-09-10T15:07:20,224,0,52,224
2022-09-10T15:16:33,224,0,52,224
2022-09-10T15:25:53,224,0,52,224
2022-09-10T15:35:04,224,0,52,224
2022-09-10T15:44:16,224,0,52,224
2022-09-10T15:53:27,224,0,52,224
2022-09-10T16:02:38,224,0,52,224
2022-09-10T16:11:50,224,0,52,224
2022-09-10T16:21:06,224,0,52,224
2022-09-10T16:30:26,224,0,52,224
2022-09-10T16:39:42,224,0,52,224
2022-09-10T16:48:53,224,0,52,224
2022-09-10T16:58:03,224,0,52,224
2022-09-10T17:07:13,224,0,52,224
2022-09-10T17:16:30,224,0,52,224
2022-09-10T17:25:45,224,0,52,224
2022-09-10T17:34:54,224,0,52,224
2022-09-10T17:44:03,224,0,52,224
2022-09-10T17:53:12,224,0,52,224
2022-09-10T18:02:21,224,0,52,224
2022-09-10T18:11:31,224,0,52,224
2022-09-10T18:20:50,224,0,52,224
2022-09-10T18:30:00,224,0,52,224
2022-09-10T18:39:09,224,0,52,224
2022-09-10T18:48:18,224,0,52,224
2022-09-10T18:57:26,224,0,52,224
2022-09-10T19:06:36,224,0,52,224
2022-09-10T19:15:45,224,0,52,224
2022-09-10T19:24:54,224,0,52,224
2022-09-10T19:34:02,224,0,52,224
2022-09-10T19:43:11,224,0,52,224
2022-09-10T19:52:25,224,0,52,224
2022-09-10T20:01:34,224,0,52,224
2022-09-10T20:10:43,224,0,52,224
2022-09-10T20:19:52,224,0,52,224
2022-09-10T20:29:00,224,0,52,224
2022-09-10T20:38:09,224,0,52,224
2022-09-10T20:47:29,224,0,52,224
2022-09-10T20:56:37,224,0,52,224
2022-09-10T21:05:45,224,0,52,224
2022-09-10T21:14:54,224,0,52,224
2022-09-10T21:24:03,224,0,52,224
2022-09-10T21:33:12,224,0,52,224
2022-09-10T21:42:21,224,0,52,224
2022-09-10T21:51:30,224,0,52,224
2022-09-10T22:00:39,224,0,52,224
2022-09-10T22:09:50,224,0,52,224
2022-09-10T22:19:00,224,0,52,224
2022-09-10T22:28:11,224,0,52,224
2022-09-10T22:37:22,224,0,52,224
2022-09-10T22:46:32,224,0,52,224
2022-09-10T22:55:41,224,0,52,224
2022-09-10T23:04:51,224,0,52,224
2022-09-10T23:14:12,224,0,52,224
2022-09-10T23:29:01,224,0,52,224
2022-09-10T23:38:10,224,0,52,224
2022-09-10T23:47:19,224,0,52,224
2022-09-10T23:56:34,224,0,52,224
2022-09-11T00:05:45,224,0,52,224
2022-09-11T00:15:07,224,0,52,224
2022-09-11T00:24:19,224,0,52,224
2022-09-11T00:33:31,224,0,52,224
2022-09-11T00:42:41,224,0,52,224
2022-09-11T00:51:50,224,0,52,224
2022-09-11T01:00:59,224,0,52,224
2022-09-11T01:10:19,224,0,52,224
2022-09-11T01:19:29,224,0,52,224
2022-09-11T01:28:38,224,0,52,224
2022-09-11T01:37:46,224,0,52,224
2022-09-11T01:47:01,224,0,52,224
2022-09-11T01:56:21,224,0,52,224
2022-09-11T02:05:30,224,0,52,224
2022-09-11T02:14:39,224,0,52,224
2022-09-11T02:23:48,224,0,52,224
2022-09-11T02:33:05,224,0,52,224
2022-09-11T02:42:19,224,0,52,224
2022-09-11T02:51:33,224,0,52,224
2022-09-11T03:00:57,224,0,52,224
2022-09-11T03:10:10,224,0,52,224
2022-09-11T03:19:24,224,0,52,224
2022-09-11T03:28:37,224,0,52,224
2022-09-11T03:37:49,224,0,52,224
2022-09-11T03:47:07,224,0,52,224
2022-09-11T03:58:48,224,0,52,224
2022-09-11T04:15:51,224,0,52,224
2022-09-11T04:25:36,224,0,52,224
2022-09-11T04:34:48,224,0,52,224
2022-09-11T04:44:01,224,0,52,224
2022-09-11T04:53:13,224,0,52,224
2022-09-11T05:02:27,224,0,52,224
2022-09-11T05:11:40,224,0,52,224
2022-09-11T05:21:00,224,0,52,224
2022-09-11T05:30:13,224,0,52,224
2022-09-11T05:39:24,224,0,52,224
2022-09-11T05:48:35,224,0,52,224
2022-09-11T05:57:48,224,0,52,224
2022-09-11T06:07:00,224,0,52,224
2022-09-11T06:16:22,224,0,52,224
2022-09-11T06:25:32,224,0,52,224
2022-09-11T06:34:41,224,0,52,224
2022-09-11T06:43:49,224,0,52,224
2022-09-11T06:52:58,224,0,52,224
2022-09-11T07:02:22,224,0,52,224
2022-09-11T07:11:37,224,0,52,224
2022-09-11T07:20:46,224,0,52,224
2022-09-11T07:29:55,224,0,52,224
2022-09-11T07:39:07,224,0,52,224
2022-09-11T07:48:17,224,0,52,224
2022-09-11T07:57:27,224,0,52,224
2022-09-11T08:06:47,224,0,52,224
2022-09-11T08:15:55,224,0,52,224
2022-09-11T08:25:05,224,0,52,224
2022-09-11T08:34:15,224,0,52,224
2022-09-11T08:43:23,224,0,52,224
2022-09-11T08:52:31,224,0,52,224
2022-09-11T09:01:40,224,0,52,224
2022-09-11T09:11:03,224,0,52,224
2022-09-11T09:20:11,224,0,52,224
2022-09-11T09:29:20,224,0,52,224
2022-09-11T09:38:29,224,0,52,224
2022-09-11T09:47:38,224,0,52,224
2022-09-11T09:56:47,224,0,52,224
2022-09-11T10:06:05,224,0,52,224
2022-09-11T10:15:15,224,0,52,224
2022-09-11T10:24:26,224,0,52,224
2022-09-11T10:33:37,224,0,52,224
2022-09-11T10:42:48,224,0,52,224
2022-09-11T10:52:08,224,0,52,224
2022-09-11T11:01:18,224,0,52,224
2022-09-11T11:10:33,224,0,52,224
2022-09-11T11:19:43,224,0,52,224
2022-09-11T11:28:53,224,0,52,224
2022-09-11T11:38:03,224,0,52,224
2022-09-11T11:47:22,224,0,52,224
2022-09-11T11:56:30,224,0,52,224
2022-09-11T12:05:39,224,0,52,224
2022-09-11T12:14:47,224,0,52,224
2022-09-11T12:24:06,224,0,52,224
2022-09-11T12:33:14,224,0,52,224
2022-09-11T12:42:22,224,0,52,224
2022-09-11T12:51:31,224,0,52,224
2022-09-11T13:00:39,224,0,52,224
2022-09-11T13:09:58,224,0,52,224
2022-09-11T13:19:07,224,0,52,224
2022-09-11T13:28:15,224,0,52,224
2022-09-11T13:37:24,224,0,52,224
2022-09-11T13:46:38,224,0,52,224
2022-09-11T13:55:54,224,0,52,224
2022-09-11T14:05:13,224,0,52,224
2022-09-11T14:14:21,224,0,52,224
2022-09-11T14:23:30,224,0,52,224
2022-09-11T14:32:39,224,0,52,224
2022-09-11T14:41:48,224,0,52,224
2022-09-11T14:50:56,224,0,52,224
2022-09-11T15:00:11,224,0,52,224
2022-09-11T15:09:30,224,0,52,224
2022-09-11T15:18:38,224,0,52,224
2022-09-11T15:27:47,224,0,52,224
2022-09-11T15:36:55,224,0,52,224
2022-09-11T15:46:03,224,0,52,224
2022-09-11T15:55:22,224,0,52,224
2022-09-11T16:04:31,224,0,52,224
2022-09-11T16:13:39,224,0,52,224
2022-09-11T16:22:48,224,0,52,224
2022-09-11T16:32:03,224,0,52,224
2022-09-11T16:41:12,224,0,52,224
2022-09-11T16:50:20,224,0,52,224
2022-09-11T16:59:39,224,0,52,224
2022-09-11T17:08:54,224,0,52,224
2022-09-11T17:18:09,224,0,52,224
2022-09-11T17:27:18,224,0,52,224
2022-09-11T17:36:26,224,0,52,224
2022-09-11T17:45:45,224,0,52,224
2022-09-11T17:54:53,224,0,52,224
2022-09-11T18:04:02,224,0,52,224
2022-09-11T18:13:16,224,0,52,224
2022-09-11T18:22:25,224,0,52,224
2022-09-11T18:31:33,224,0,52,224
2022-09-11T18:40:53,224,0,52,224
2022-09-11T18:50:02,224,0,52,224
2022-09-11T18:59:10,224,0,52,224
2022-09-11T19:08:27,224,0,52,224
2022-09-11T19:17:36,224,0,52,224
2022-09-11T19:26:56,224,0,52,224
2022-09-11T19:36:05,224,0,52,224
2022-09-11T19:45:15,224,0,52,224
2022-09-11T19:54:24,224,0,52,224
2022-09-11T20:03:34,224,0,52,224
2022-09-11T20:12:43,224,0,52,224
2022-09-11T20:22:02,224,0,52,224
2022-09-11T20:31:10,224,0,52,224
2022-09-11T20:40:19,224,0,52,224
2022-09-11T20:49:34,224,0,52,224
2022-09-11T20:58:42,224,0,52,224
2022-09-11T21:07:51,224,0,52,224
2022-09-11T21:17:11,224,0,52,224
2022-09-11T21:26:20,224,0,52,224
2022-09-11T21:35:30,224,0,52,224
2022-09-11T21:44:40,224,0,52,224
2022-09-11T21:53:49,224,0,52,224
2022-09-11T22:03:08,224,0,52,224
2022-09-11T22:12:16,224,0,52,224
2022-09-11T22:21:25,224,0,52,224
2022-09-11T22:30:35,224,0,52,224
2022-09-11T22:39:55,224,0,52,224
2022-09-11T22:49:04,224,0,52,224
2022-09-11T22:58:12,224,0,52,224
2022-09-11T23:07:22,224,0,52,224
2022-09-11T23:16:42,224,0,52,224
2022-09-11T23:25:52,224,0,52,224
2022-09-11T23:35:01,224,0,52,224
2022-09-11T23:44:10,224,0,52,224
2022-09-11T23:53:19,224,0,52,224
2022-09-12T00:02:27,224,0,52,224
2022-09-12T00:11:54,224,0,52,224
2022-09-12T00:21:06,224,0,52,224
2022-09-12T00:30:24,224,0,52,224
2022-09-12T00:39:44,224,0,52,224
2022-09-12T00:48:54,224,0,52,224
2022-09-12T00:58:16,224,0,52,224
2022-09-12T01:07:25,224,0,52,224
2022-09-12T01:16:57,224,0,52,224
2022-09-12T01:26:09,224,0,52,224
2022-09-12T01:35:20,224,0,52,224
2022-09-12T01:44:31,224,0,52,224
2022-09-12T01:53:52,224,0,52,224
2022-09-12T02:03:04,224,0,52,224
2022-09-12T02:12:15,224,0,52,224
2022-09-12T02:21:33,224,0,52,224
2022-09-12T02:30:43,224,0,52,224
2022-09-12T02:39:52,224,0,52,224
2022-09-12T02:49:03,224,0,52,224
2022-09-12T02:58:12,224,0,52,224
2022-09-12T03:07:38,224,0,52,224
2022-09-12T03:16:48,224,0,52,224
2022-09-12T03:25:58,224,0,52,224
2022-09-12T03:35:13,224,0,52,224
2022-09-12T03:44:24,224,0,52,224
2022-09-12T03:53:34,224,0,52,224
2022-09-12T04:04:54,224,0,52,224
2022-09-12T04:15:15,224,0,52,224
2022-09-12T04:24:52,224,0,52,224
2022-09-12T04:34:05,224,0,52,224
2022-09-12T04:43:19,224,0,52,224
2022-09-12T04:52:30,224,0,52,224
2022-09-12T05:01:41,224,0,52,224
2022-09-12T05:11:00,224,0,52,224
2022-09-12T05:20:21,224,0,52,224
2022-09-12T05:29:36,224,0,52,224
2022-09-12T05:38:44,224,0,52,224
2022-09-12T05:47:53,224,0,52,224
2022-09-12T05:57:13,224,0,52,224
2022-09-12T06:06:24,224,0,52,224
2022-09-12T06:15:35,224,0,52,224
2022-09-12T06:24:44,224,0,52,224
2022-09-12T06:33:53,224,0,52,224
2022-09-12T06:43:03,224,0,52,224
2022-09-12T06:52:13,224,0,52,224
2022-09-12T07:01:22,224,0,52,224
2022-09-12T07:10:43,224,0,52,224
2022-09-12T07:19:52,224,0,52,224
2022-09-12T07:29:02,224,0,52,224
2022-09-12T07:38:12,224,0,52,224
2022-09-12T07:47:22,224,0,52,224
2022-09-12T07:56:31,224,0,52,224
2022-09-12T08:05:44,224,0,52,224
2022-09-12T08:14:55,224,0,52,224
2022-09-12T08:24:16,224,0,52,224
2022-09-12T08:33:26,224,0,52,224
2022-09-12T08:42:36,224,0,52,224
2022-09-12T08:51:45,224,0,52,224
2022-09-12T09:00:55,224,0,52,224
2022-09-12T09:10:06,224,0,52,224
2022-09-12T09:19:16,224,0,52,224
2022-09-12T09:28:40,224,0,52,224
2022-09-12T09:37:57,224,0,52,224
2022-09-12T09:47:11,224,0,52,224
2022-09-12T09:56:22,224,0,52,224
2022-09-12T10:05:34,224,0,52,224
2022-09-12T10:14:59,224,0,52,224
2022-09-12T10:24:09,224,0,52,224
2022-09-12T10:33:20,224,0,52,224
2022-09-12T10:42:31,224,0,52,224
2022-09-12T10:51:42,224,0,52,224
2022-09-12T11:11:42,224,0,51,224
2022-09-12T11:21:31,224,0,51,224
2022-09-12T11:30:43,224,0,51,224
2022-09-12T11:39:58,224,0,51,224
2022-09-12T11:49:09,224,0,51,224
2022-09-12T11:58:20,224,0,51,224
2022-09-12T12:07:41,224,0,51,224
2022-09-12T12:16:52,224,0,51,224
2022-09-12T12:26:09,224,0,51,224
2022-09-12T12:35:19,224,0,51,224
2022-09-12T12:44:29,224,0,51,224
2022-09-12T12:53:40,224,0,51,224
2022-09-12T13:03:01,224,0,51,224
2022-09-12T13:12:13,224,0,51,224
2022-09-12T13:21:25,224,0,51,224
2022-09-12T13:30:36,224,0,51,224
2022-09-12T13:39:48,224,0,51,224
2022-09-12T13:48:59,224,0,51,224
2022-09-12T13:58:20,224,0,51,224
2022-09-12T14:07:31,224,0,51,224
2022-09-12T14:16:44,224,0,51,224
2022-09-12T14:25:56,224,0,51,224
2022-09-12T14:35:08,224,0,51,224
2022-09-12T14:44:18,224,0,51,224
2022-09-12T14:53:30,224,0,51,224
2022-09-12T15:02:53,224,0,51,224
2022-09-12T15:12:06,224,0,51,224
2022-09-12T15:21:19,224,0,51,224
2022-09-12T15:30:31,224,0,51,224
2022-09-12T15:39:43,224,0,51,224
2022-09-12T15:49:10,224,0,51,224
2022-09-12T15:58:24,224,0,51,224
2022-09-12T16:12:46,224,0,51,224
2022-09-12T16:21:58,224,0,51,224
2022-09-12T16:31:09,224,0,51,224
2022-09-12T16:40:21,224,0,51,224
2022-09-12T16:49:43,224,0,51,224
2022-09-12T16:58:54,224,0,51,224
2022-09-12T17:08:06,224,0,51,224
2022-09-12T17:17:18,224,0,51,224
2022-09-12T17:26:39,224,0,51,224
2022-09-12T17:35:50,224,0,51,224
2022-09-12T17:45:01,224,0,51,224
2022-09-12T17:54:30,224,0,51,224
2022-09-12T18:03:42,224,0,51,224
2022-09-12T18:12:53,224,0,51,224
2022-09-12T18:22:04,224,0,51,224
2022-09-12T18:31:15,224,0,51,224
2022-09-12T18:40:37,224,0,51,224
2022-09-12T18:49:47,224,0,51,224
2022-09-12T18:59:04,224,0,51,224
2022-09-12T19:08:14,224,0,51,224
2022-09-12T19:17:37,224,0,51,224
2022-09-12T19:26:47,224,0,51,224
2022-09-12T19:35:57,224,0,51,224
2022-09-12T19:45:14,224,0,51,224
2022-09-12T19:54:35,224,0,51,224
2022-09-12T20:03:44,224,0,51,224
2022-09-12T20:12:55,224,0,51,224
2022-09-12T20:22:04,224,0,51,224
2022-09-12T20:31:25,224,0,51,224
2022-09-12T20:40:35,224,0,51,224
2022-09-12T20:49:45,224,0,51,224
2022-09-12T20:59:00,224,0,51,224
2022-09-12T21:08:10,224,0,51,224
2022-09-12T21:17:31,224,0,51,224
2022-09-12T21:26:41,224,0,51,224
2022-09-12T21:35:51,224,0,51,224
2022-09-12T21:45:01,224,0,51,224
2022-09-12T21:54:11,224,0,51,224
2022-09-12T22:03:20,224,0,51,224
2022-09-12T22:12:42,224,0,51,224
2022-09-12T22:21:52,224,0,51,224
2022-09-12T22:31:03,224,0,51,224
2022-09-12T22:40:13,224,0,51,224
2022-09-12T22:49:23,224,0,51,224
2022-09-12T22:58:33,224,0,51,224
2022-09-12T23:07:44,224,0,51,224
2022-09-12T23:17:06,224,0,51,224
2022-09-12T23:26:16,224,0,51,224
2022-09-12T23:35:27,224,0,51,224
2022-09-12T23:44:37,224,0,51,224
2022-09-12T23:53:46,224,0,51,224
2022-09-13T00:02:56,224,0,51,224
2022-09-13T00:12:25,224,0,51,224
2022-09-13T00:21:38,224,0,51,224
2022-09-13T00:30:54,224,0,51,224
2022-09-13T00:40:12,224,0,51,224
2022-09-13T00:49:24,224,0,51,224
2022-09-13T00:58:37,224,0,51,224
2022-09-13T01:07:49,224,0,51,224
2022-09-13T01:17:02,224,0,51,224
2022-09-13T01:26:13,224,0,51,224
2022-09-13T01:35:39,224,0,51,224
2022-09-13T01:44:50,224,0,51,224
2022-09-13T01:54:10,224,0,51,224
2022-09-13T02:03:22,224,0,51,224
2022-09-13T02:12:38,224,0,51,224
2022-09-13T02:21:47,224,0,51,224
2022-09-13T02:31:02,224,0,51,224
2022-09-13T02:40:12,224,0,51,224
2022-09-13T02:49:21,224,0,51,224
2022-09-13T02:58:29,224,0,51,224
2022-09-13T03:07:39,224,0,51,224
2022-09-13T03:16:58,224,0,51,224
2022-09-13T03:26:06,224,0,51,224
2022-09-13T03:35:16,224,0,52,224
2022-09-13T03:44:27,224,0,52,224
2022-09-13T03:53:39,224,0,52,224
2022-09-13T04:02:50,224,0,52,224
2022-09-13T04:12:01,224,0,52,224
2022-09-13T04:25:33,224,0,52,224
2022-09-13T04:36:15,224,0,52,224
2022-09-13T04:45:32,224,0,52,224
2022-09-13T04:54:44,224,0,52,224
2022-09-13T05:03:55,224,0,52,224
2022-09-13T05:13:06,224,0,52,224
2022-09-13T05:22:17,224,0,52,224
2022-09-13T05:31:28,224,0,52,224
2022-09-13T05:40:39,224,0,52,224
2022-09-13T05:49:50,224,0,52,224
2022-09-13T05:59:04,224,0,52,224
2022-09-13T06:08:23,224,0,52,224
2022-09-13T06:17:38,224,0,52,224
2022-09-13T06:26:52,224,0,52,224
2022-09-13T06:36:15,224,0,52,224
2022-09-13T06:45:30,224,0,52,224
2022-09-13T06:54:51,224,0,52,224
2022-09-13T07:04:06,224,0,52,224
2022-09-13T07:13:20,224,0,52,224
2022-09-13T07:22:44,224,0,52,224
2022-09-13T07:31:57,224,0,52,224
2022-09-13T07:41:17,224,0,52,224
2022-09-13T07:50:32,224,0,52,224
2022-09-13T07:59:45,224,0,52,224
2022-09-13T08:08:59,224,0,52,224
2022-09-13T08:18:13,224,0,52,224
2022-09-13T08:27:29,224,0,52,224
2022-09-13T08:36:43,224,0,52,224
2022-09-13T08:45:58,224,0,52,224
2022-09-13T08:55:29,224,0,52,224
2022-09-13T09:04:44,224,0,52,224
2022-09-13T09:13:58,224,0,52,224
2022-09-13T09:23:10,224,0,52,224
2022-09-13T09:32:22,224,0,52,224
2022-09-13T09:41:37,224,0,52,224
2022-09-13T09:51:00,224,0,52,224
2022-09-13T10:00:21,224,0,52,224
2022-09-13T10:09:34,224,0,52,224
2022-09-13T10:18:47,224,0,52,224
2022-09-13T10:28:02,224,0,51,224
2022-09-13T10:37:29,224,0,51,224
2022-09-13T10:46:47,224,0,51,224
2022-09-13T10:56:01,224,0,51,224
2022-09-13T11:05:21,224,0,51,224
2022-09-13T11:14:35,224,0,51,224
2022-09-13T11:24:00,224,0,51,224
2022-09-13T11:33:14,224,0,51,224
2022-09-13T11:42:28,224,0,51,224
2022-09-13T11:51:42,224,0,51,224
2022-09-13T12:01:05,224,0,52,224
2022-09-13T12:10:17,224,0,52,224
2022-09-13T12:19:29,224,0,51,224
2022-09-13T12:28:42,224,0,51,224
2022-09-13T12:37:54,224,0,51,224
2022-09-13T12:47:06,224,0,51,224
2022-09-13T12:56:42,224,0,51,224
2022-09-13T13:05:55,224,0,51,224
2022-09-13T13:15:08,224,0,51,224
2022-09-13T13:24:27,224,0,50,224
2022-09-13T13:33:40,224,0,50,224
2022-09-13T13:43:05,224,0,50,224
2022-09-13T13:52:18,224,0,50,224
2022-09-13T14:01:32,224,0,50,224
2022-09-13T14:10:45,224,0,50,224
2022-09-13T14:20:06,224,0,50,224
2022-09-13T14:29:20,224,0,50,224
2022-09-13T14:38:35,224,0,50,224
2022-09-13T14:48:00,224,0,50,224
2022-09-13T14:57:12,224,0,50,224
2022-09-13T15:06:25,224,0,50,224
2022-09-13T15:15:38,224,0,50,224
2022-09-13T15:24:51,224,0,50,224
2022-09-13T15:34:04,224,0,50,224
2022-09-13T15:43:28,224,0,50,224
2022-09-13T15:52:41,224,0,50,224
2022-09-13T16:01:54,224,0,50,224
2022-09-13T16:11:07,224,0,50,224
2022-09-13T16:20:19,224,0,50,224
2022-09-13T16:29:44,224,0,50,224
2022-09-13T16:38:56,224,0,50,224
2022-09-13T16:48:08,224,0,50,224
2022-09-13T16:57:20,224,0,50,224
2022-09-13T17:06:33,224,0,50,224
2022-09-13T17:15:56,224,0,50,224
2022-09-13T17:25:08,224,0,50,224
2022-09-13T17:34:19,224,0,50,224
2022-09-13T17:43:30,224,0,50,224
2022-09-13T17:52:42,224,0,50,224
2022-09-13T18:02:06,224,0,50,224
2022-09-13T18:11:18,224,0,50,224
2022-09-13T18:20:29,224,0,50,224
2022-09-13T18:29:40,224,0,50,224
2022-09-13T18:38:53,224,0,50,224
2022-09-13T18:48:03,224,0,50,224
2022-09-13T18:57:25,224,0,50,224
2022-09-13T19:06:37,224,0,50,224
2022-09-13T19:15:48,224,0,50,224
2022-09-13T19:24:59,224,0,50,224
2022-09-13T19:34:11,224,0,50,224
2022-09-13T19:43:22,224,0,50,224
2022-09-13T19:52:34,224,0,50,224
2022-09-13T20:01:56,224,0,50,224
2022-09-13T20:11:07,224,0,50,224
2022-09-13T20:20:19,224,0,50,224
2022-09-13T20:29:33,224,0,50,224
2022-09-13T20:38:44,224,0,50,224
2022-09-13T20:48:05,224,0,50,224
2022-09-13T20:57:17,224,0,50,224
2022-09-13T21:06:28,224,0,50,224
2022-09-13T21:15:40,224,0,50,224
2022-09-13T21:24:50,224,0,50,224
2022-09-13T21:34:12,224,0,49,224
2022-09-13T21:43:23,224,0,49,224
2022-09-13T21:52:34,224,0,49,224
2022-09-13T22:01:45,224,0,49,224
2022-09-13T22:10:57,224,0,49,224
2022-09-13T22:20:09,224,0,49,224
2022-09-13T22:29:20,224,0,49,224
2022-09-13T22:38:32,224,0,49,224
2022-09-13T22:47:54,224,0,49,224
2022-09-13T22:57:05,224,0,49,224
2022-09-13T23:06:17,224,0,49,224
2022-09-13T23:15:28,224,0,49,224
2022-09-13T23:24:40,224,0,49,224
2022-09-13T23:33:52,224,0,49,224
2022-09-13T23:43:04,224,0,49,224
2022-09-13T23:52:14,224,0,49,224
2022-09-14T00:01:37,224,0,49,224
2022-09-14T00:10:48,224,0,49,224
2022-09-14T00:20:03,224,0,49,224
2022-09-14T00:29:16,224,0,49,224
2022-09-14T00:38:29,224,0,49,224
2022-09-14T00:47:42,224,0,49,224
2022-09-14T00:56:55,224,0,49,224
2022-09-14T01:06:10,224,0,49,224
2022-09-14T01:15:36,224,0,49,224
2022-09-14T01:24:49,224,0,49,224
2022-09-14T01:34:04,224,0,49,224
2022-09-14T01:43:16,224,0,49,224
2022-09-14T01:52:30,224,0,49,224
2022-09-14T02:01:45,224,0,49,224
2022-09-14T02:10:56,224,0,49,224
2022-09-14T02:20:07,224,0,49,224
2022-09-14T02:29:18,224,0,49,224
2022-09-14T02:38:33,224,0,49,224
2022-09-14T02:47:46,224,0,49,224
2022-09-14T02:57:09,224,0,49,224
2022-09-14T03:06:21,224,0,49,224
2022-09-14T03:15:33,224,0,49,224
2022-09-14T03:24:45,224,0,49,224
2022-09-14T03:33:57,224,0,49,224
2022-09-14T03:43:11,224,0,49,224
2022-09-14T03:52:24,224,0,49,224
2022-09-14T04:01:36,224,0,49,224
2022-09-14T04:10:49,224,0,49,224
2022-09-14T04:24:46,224,0,49,224
2022-09-14T04:34:18,224,0,49,224
2022-09-14T04:43:33,224,0,49,224
2022-09-14T04:52:48,224,0,49,224
2022-09-14T05:02:02,224,0,49,224
2022-09-14T05:11:17,224,0,49,224
2022-09-14T05:20:30,224,0,49,224
2022-09-14T05:29:43,224,0,49,224
2022-09-14T05:38:56,224,0,49,224
2022-09-14T05:48:09,224,0,49,224
2022-09-14T05:57:24,224,0,49,224
2022-09-14T06:06:35,224,0,49,224
2022-09-14T06:15:45,224,0,49,224
2022-09-14T06:24:55,224,0,49,224
2022-09-14T06:34:15,224,0,49,224
2022-09-14T06:43:26,224,0,49,224
2022-09-14T06:52:36,224,0,49,224
2022-09-14T07:01:48,224,0,49,224
2022-09-14T07:11:00,224,0,49,224
2022-09-14T07:20:10,224,0,49,224
2022-09-14T07:29:21,224,0,49,224
2022-09-14T07:38:33,224,0,49,224
2022-09-14T07:47:45,224,0,49,224
2022-09-14T07:56:58,224,0,49,224
2022-09-14T08:06:14,224,0,49,224
2022-09-14T08:15:30,224,0,49,224
2022-09-14T08:24:46,224,0,49,224
2022-09-14T08:34:17,224,3,49,227
2022-09-14T08:43:36,224,3,49,227
2022-09-14T08:52:56,224,3,49,227
2022-09-14T09:02:14,224,3,49,227
2022-09-14T09:11:32,224,3,49,227
2022-09-14T09:20:51,224,3,49,227
2022-09-14T09:30:06,224,3,49,227
2022-09-14T09:39:31,224,3,49,227
2022-09-14T09:48:44,224,3,49,227
2022-09-14T09:57:58,224,3,49,227
2022-09-14T10:07:10,224,3,49,227
2022-09-14T10:16:24,224,3,49,227
2022-09-14T10:25:36,224,3,49,227
2022-09-14T10:34:49,224,3,49,227
2022-09-14T10:44:02,224,3,49,227
2022-09-14T10:53:25,224,3,49,227
2022-09-14T11:02:42,224,3,49,227
2022-09-14T11:11:59,224,3,49,227
2022-09-14T11:21:12,224,3,49,227
2022-09-14T11:30:26,224,3,49,227
2022-09-14T11:39:41,224,3,49,227
2022-09-14T11:48:56,224,3,49,227
2022-09-14T11:58:09,224,3,49,227
2022-09-14T12:07:32,224,3,49,227
2022-09-14T12:16:45,224,3,49,227
2022-09-14T12:25:59,224,3,49,227
2022-09-14T12:35:11,224,3,49,227
2022-09-14T12:44:24,224,3,49,227
2022-09-14T12:53:36,224,3,49,227
2022-09-14T13:02:58,224,3,49,227
2022-09-14T13:12:10,224,3,49,227
2022-09-14T13:21:23,224,3,49,227
2022-09-14T13:30:35,224,3,49,227
2022-09-14T13:39:50,224,3,49,227
2022-09-14T13:49:11,224,3,49,227
2022-09-14T13:58:39,224,3,49,227
2022-09-14T14:07:55,224,3,49,227
2022-09-14T14:17:14,224,3,49,227
2022-09-14T14:26:27,224,3,49,227
2022-09-14T14:35:40,224,3,49,227
2022-09-14T14:44:53,224,3,49,227
2022-09-14T14:54:18,224,3,49,227
2022-09-14T15:03:30,224,3,49,227
2022-09-14T15:12:43,224,3,49,227
2022-09-14T15:21:56,224,3,49,227
2022-09-14T15:31:08,224,3,49,227
2022-09-14T15:40:21,224,3,49,227
2022-09-14T15:49:33,224,3,49,227
2022-09-14T15:58:46,224,3,49,227
2022-09-14T16:08:08,224,3,49,227
2022-09-14T16:17:20,224,3,49,227
2022-09-14T16:26:32,224,3,49,227
2022-09-14T16:35:44,224,3,49,227
2022-09-14T16:44:57,224,3,49,227
2022-09-14T16:54:09,224,3,49,227
2022-09-14T17:03:24,224,3,49,227
2022-09-14T17:12:36,224,3,49,227
2022-09-14T17:21:48,224,3,49,227
2022-09-14T17:31:14,224,3,49,227
2022-09-14T17:40:26,224,3,48,227
2022-09-14T17:49:37,224,3,48,227
2022-09-14T17:58:49,224,3,48,227
2022-09-14T18:08:01,224,3,48,227
2022-09-14T18:17:13,224,3,48,227
2022-09-14T18:26:25,224,3,48,227
2022-09-14T18:35:36,224,3,48,227
2022-09-14T18:44:58,223,4,48,227
2022-09-14T18:54:10,223,4,48,227
2022-09-14T19:03:22,223,4,48,227
2022-09-14T19:12:34,223,4,48,227
2022-09-14T19:21:46,223,4,48,227
2022-09-14T19:30:58,223,4,47,227
2022-09-14T19:40:11,223,4,47,227
2022-09-14T19:49:23,223,4,47,227
2022-09-14T19:58:46,223,4,47,227
2022-09-14T20:08:04,223,4,47,227
2022-09-14T20:17:19,223,4,47,227
2022-09-14T20:26:32,223,4,47,227
2022-09-14T20:35:44,223,4,47,227
2022-09-14T20:44:55,223,4,47,227
2022-09-14T20:54:06,223,4,47,227
2022-09-14T21:03:28,223,4,47,227
2022-09-14T21:12:39,223,4,47,227
2022-09-14T21:21:51,223,4,47,227
2022-09-14T21:31:02,223,4,47,227
2022-09-14T21:40:14,223,4,47,227
2022-09-14T21:49:25,223,4,47,227
2022-09-14T21:58:37,223,4,47,227
2022-09-14T22:07:51,223,4,47,227
2022-09-14T22:17:16,223,4,47,227
2022-09-14T22:26:30,223,4,47,227
2022-09-14T22:35:48,227,0,43,227
2022-09-14T22:45:02,227,0,43,227
2022-09-14T22:54:12,227,0,43,227
2022-09-14T23:03:23,227,0,43,227
2022-09-14T23:12:35,227,0,43,227
2022-09-14T23:21:47,227,0,43,227
2022-09-14T23:31:08,227,0,43,227
2022-09-14T23:40:18,227,0,43,227
2022-09-14T23:49:29,227,0,43,227
2022-09-14T23:58:40,227,0,43,227
2022-09-15T00:07:52,227,0,43,227
2022-09-15T00:17:11,227,0,43,227
2022-09-15T00:26:23,227,0,43,227
2022-09-15T00:35:34,227,0,43,227
2022-09-15T00:44:59,227,0,43,227
2022-09-15T00:54:11,227,0,43,227
2022-09-15T01:03:21,227,0,43,227
2022-09-15T01:12:33,227,0,43,227
2022-09-15T01:21:44,227,0,43,227
2022-09-15T01:30:58,227,0,43,227
2022-09-15T01:40:11,227,0,43,227
2022-09-15T01:49:23,227,0,43,227
2022-09-15T01:58:35,227,0,43,227
2022-09-15T02:07:48,227,0,42,227
2022-09-15T02:16:59,227,0,43,227
2022-09-15T02:26:10,227,0,43,227
2022-09-15T02:35:23,227,0,43,227
2022-09-15T02:44:34,227,0,43,227
2022-09-15T02:53:54,227,0,43,227
2022-09-15T03:03:05,227,0,43,227
2022-09-15T03:12:15,227,0,43,227
2022-09-15T03:21:25,227,0,43,227
2022-09-15T03:30:35,227,0,43,227
2022-09-15T03:39:45,227,0,43,227
2022-09-15T03:49:02,227,0,43,227
2022-09-15T03:58:16,227,0,43,227
2022-09-15T04:07:29,227,0,43,227
2022-09-15T04:43:31,227,0,43,227
2022-09-15T04:52:46,227,0,43,227
2022-09-15T05:02:02,227,0,43,227
2022-09-15T05:11:16,227,0,43,227
2022-09-15T05:20:29,227,0,43,227
2022-09-15T05:29:43,227,0,43,227
2022-09-15T05:38:55,227,0,43,227
2022-09-15T05:48:08,227,0,43,227
2022-09-15T05:57:24,227,0,43,227
2022-09-15T06:06:37,227,0,43,227
2022-09-15T06:15:51,227,0,43,227
2022-09-15T06:25:03,227,0,43,227
2022-09-15T06:34:16,227,0,43,227
2022-09-15T06:43:30,227,0,43,227
2022-09-15T06:52:43,227,0,43,227
2022-09-15T07:01:54,227,0,43,227
2022-09-15T07:11:06,227,0,43,227
2022-09-15T07:20:17,227,0,43,227
2022-09-15T07:29:38,227,0,43,227
2022-09-15T07:38:50,227,0,43,227
2022-09-15T07:48:02,227,0,43,227
2022-09-15T07:57:15,227,0,43,227
2022-09-15T08:06:27,227,0,43,227
2022-09-15T08:15:43,227,0,43,227
2022-09-15T08:24:56,227,0,43,227
2022-09-15T08:34:13,227,0,43,227
2022-09-15T08:43:26,227,0,43,227
2022-09-15T08:52:38,227,0,43,227
2022-09-15T09:01:51,227,0,43,227
2022-09-15T09:11:05,226,1,43,227
2022-09-15T09:20:18,226,1,43,227
2022-09-15T09:29:44,226,1,43,227
2022-09-15T09:38:56,226,1,43,227
2022-09-15T09:48:10,226,1,43,227
2022-09-15T09:57:23,226,1,43,227
2022-09-15T10:06:36,226,1,43,227
2022-09-15T10:15:50,226,1,43,227
2022-09-15T10:25:04,226,1,43,227
2022-09-15T10:34:17,226,1,43,227
2022-09-15T10:43:41,226,1,43,227
2022-09-15T10:52:54,226,1,43,227
2022-09-15T11:02:08,226,1,43,227
2022-09-15T11:11:21,226,1,43,227
2022-09-15T11:20:35,226,1,43,227
2022-09-15T11:30:00,226,1,43,227
2022-09-15T11:39:13,226,1,43,227
2022-09-15T11:48:27,226,1,43,227
2022-09-15T11:57:41,226,1,43,227
2022-09-15T12:07:05,226,1,43,227
2022-09-15T12:16:18,226,1,42,227
2022-09-15T12:25:30,226,1,42,227
2022-09-15T12:34:43,226,1,42,227
2022-09-15T12:43:58,226,1,42,227
2022-09-15T12:53:22,226,1,42,227
2022-09-15T13:02:35,226,1,42,227
2022-09-15T13:11:47,226,1,42,227
2022-09-15T13:21:00,226,1,42,227
2022-09-15T13:30:12,226,1,42,227
2022-09-15T13:39:25,226,1,42,227
2022-09-15T13:48:51,226,1,42,227
2022-09-15T13:58:08,226,1,42,227
2022-09-15T14:07:22,226,1,42,227
2022-09-15T14:16:35,226,1,42,227
2022-09-15T14:25:48,226,1,42,227
2022-09-15T14:35:13,226,1,42,227
2022-09-15T14:44:28,226,1,42,227
2022-09-15T14:53:46,226,1,42,227
2022-09-15T15:03:12,226,1,42,227
2022-09-15T15:12:39,226,1,42,227
2022-09-15T15:22:18,226,1,42,227
2022-09-15T15:31:47,226,1,42,227
2022-09-15T15:41:16,226,1,42,227
2022-09-15T15:50:43,226,1,42,227
2022-09-15T16:00:06,226,1,42,227
2022-09-15T16:09:44,226,1,42,227
2022-09-15T16:19:04,226,1,42,227
2022-09-15T16:28:27,226,1,42,227
2022-09-15T16:37:51,226,1,42,227
2022-09-15T16:47:15,226,1,42,227
2022-09-15T16:56:51,226,1,42,227
2022-09-15T17:06:14,226,1,42,227
2022-09-15T17:15:38,226,1,42,227
2022-09-15T17:25:03,226,1,42,227
2022-09-15T17:34:28,226,1,42,227
2022-09-15T17:44:02,226,1,42,227
2022-09-15T17:53:24,226,1,42,227
2022-09-15T18:02:40,226,1,42,227
2022-09-15T18:11:55,226,1,42,227
2022-09-15T18:21:09,226,1,42,227
2022-09-15T18:30:22,226,1,42,227
2022-09-15T18:39:44,226,1,42,227
2022-09-15T18:48:56,226,1,42,227
2022-09-15T18:58:08,226,1,42,227
2022-09-15T19:07:22,226,1,42,227
2022-09-15T19:16:33,226,1,42,227
2022-09-15T19:25:45,226,1,42,227
2022-09-15T19:35:06,226,1,42,227
2022-09-15T19:44:18,226,1,42,227
2022-09-15T19:53:29,226,1,42,227
2022-09-15T20:02:41,226,1,42,227
2022-09-15T20:11:52,226,1,42,227
2022-09-15T20:21:03,226,1,42,227
2022-09-15T20:30:14,226,1,42,227
2022-09-15T20:39:26,226,1,42,227
2022-09-15T20:48:48,226,1,42,227
2022-09-15T20:57:59,226,1,42,227
2022-09-15T21:07:10,226,1,42,227
2022-09-15T21:16:23,226,1,42,227
2022-09-15T21:25:34,226,1,42,227
2022-09-15T21:34:46,226,1,42,227
2022-09-15T21:43:57,226,1,42,227
2022-09-15T21:53:08,226,1,42,227
2022-09-15T22:02:30,226,1,41,227
2022-09-15T22:11:42,226,1,41,227
2022-09-15T22:20:53,226,1,41,227
2022-09-15T22:30:05,227,0,40,227
2022-09-15T22:39:17,227,0,40,227
2022-09-15T22:48:28,227,0,40,227
2022-09-15T22:57:40,227,0,40,227
2022-09-15T23:06:51,227,0,40,227
2022-09-15T23:16:14,227,0,40,227
2022-09-15T23:25:25,227,0,40,227
2022-09-15T23:34:37,227,0,40,227
2022-09-15T23:43:48,227,0,40,227
2022-09-15T23:52:59,227,0,40,227
2022-09-16T00:02:10,227,0,40,227
2022-09-16T00:11:22,227,0,40,227
2022-09-16T00:20:36,227,0,40,227
2022-09-16T00:29:49,227,0,40,227
2022-09-16T00:39:02,227,0,40,227
2022-09-16T00:48:16,227,0,40,227
2022-09-16T00:57:39,227,0,40,227
2022-09-16T01:06:54,227,0,40,227
2022-09-16T01:16:07,227,0,40,227
2022-09-16T01:25:20,227,0,40,227
2022-09-16T01:34:33,227,0,40,227
2022-09-16T01:43:46,227,0,40,227
2022-09-16T01:53:02,227,0,40,227
2022-09-16T02:02:16,227,0,40,227
2022-09-16T02:11:28,227,0,40,227
2022-09-16T02:20:39,227,0,40,227
2022-09-16T02:29:50,227,0,40,227
2022-09-16T02:39:05,227,0,40,227
2022-09-16T02:48:19,227,0,40,227
2022-09-16T02:57:32,227,0,40,227
2022-09-16T03:06:45,227,0,40,227
2022-09-16T03:15:58,227,0,40,227
2022-09-16T03:25:09,227,0,40,227
2022-09-16T03:34:21,227,0,40,227
2022-09-16T03:43:45,227,0,40,227
2022-09-16T03:52:58,227,0,40,227
2022-09-16T04:02:11,227,0,40,227
2022-09-16T04:11:25,227,0,40,227
2022-09-16T04:27:24,227,0,40,227
2022-09-16T04:37:07,227,0,40,227
2022-09-16T04:46:24,227,0,40,227
2022-09-16T04:55:39,227,0,40,227
2022-09-16T05:04:56,227,0,40,227
2022-09-16T05:14:10,227,0,40,227
2022-09-16T05:23:24,227,0,40,227
2022-09-16T05:32:37,227,0,40,227
2022-09-16T05:41:50,227,0,40,227
2022-09-16T05:51:03,227,0,40,227
2022-09-16T06:00:15,227,0,40,227
2022-09-16T06:09:28,227,0,40,227
2022-09-16T06:18:40,227,0,40,227
2022-09-16T06:27:55,227,0,40,227
2022-09-16T06:37:06,227,0,40,227
2022-09-16T06:46:17,227,0,40,227
2022-09-16T06:55:28,227,0,40,227
2022-09-16T07:04:40,227,0,40,227
2022-09-16T07:13:52,227,0,40,227
2022-09-16T07:23:04,227,0,40,227
2022-09-16T07:32:16,227,0,40,227
2022-09-16T07:41:27,227,0,40,227
2022-09-16T07:50:40,227,0,40,227
2022-09-16T08:00:02,227,0,40,227
2022-09-16T08:09:16,227,0,40,227
2022-09-16T08:18:30,227,0,40,227
2022-09-16T08:27:43,227,0,40,227
2022-09-16T08:36:56,227,0,40,227
2022-09-16T08:46:09,227,0,40,227
2022-09-16T08:55:26,227,0,40,227
2022-09-16T09:04:39,227,0,40,227
2022-09-16T09:13:52,227,0,40,227
2022-09-16T09:23:06,227,0,40,227
2022-09-16T09:32:24,227,0,40,227
2022-09-16T09:41:37,227,0,40,227
2022-09-16T09:50:56,227,0,40,227
2022-09-16T10:00:11,227,0,40,227
2022-09-16T10:09:35,227,0,40,227
2022-09-16T10:18:50,227,0,40,227
2022-09-16T10:28:06,227,0,40,227
2022-09-16T10:37:19,227,0,40,227
2022-09-16T10:46:36,227,0,40,227
2022-09-16T10:55:50,227,0,40,227
2022-09-16T11:05:05,227,0,40,227
2022-09-16T11:14:19,227,0,40,227
2022-09-16T11:23:33,227,0,40,227
2022-09-16T11:32:59,227,0,40,227
2022-09-16T11:42:13,227,0,40,227
2022-09-16T11:51:27,227,0,40,227
2022-09-16T12:00:40,227,0,40,227
2022-09-16T12:09:54,227,0,40,227
2022-09-16T12:19:10,227,0,40,227
2022-09-16T12:28:28,227,0,40,227
2022-09-16T12:37:55,227,0,40,227
2022-09-16T12:47:15,227,0,40,227
2022-09-16T12:56:35,227,0,41,227
2022-09-16T13:05:58,227,0,41,227
2022-09-16T13:15:18,227,0,41,227
2022-09-16T13:24:35,227,0,41,227
2022-09-16T13:33:49,227,0,41,227
2022-09-16T13:43:03,227,0,41,227
2022-09-16T13:52:17,227,0,41,227
2022-09-16T14:01:45,227,0,41,227
2022-09-16T14:10:59,227,0,41,227
2022-09-16T14:20:14,227,0,41,227
2022-09-16T14:29:29,227,0,41,227
2022-09-16T14:38:44,227,0,40,227
2022-09-16T14:47:59,227,0,40,227
2022-09-16T14:57:24,227,0,40,227
2022-09-16T15:06:42,227,0,40,227
2022-09-16T15:15:59,227,0,40,227
2022-09-16T15:25:13,227,0,40,227
2022-09-16T15:34:26,227,0,40,227
2022-09-16T15:43:40,227,0,40,227
2022-09-16T15:52:52,227,0,40,227
2022-09-16T16:02:04,227,0,40,227
2022-09-16T16:11:16,227,0,40,227
2022-09-16T16:20:39,227,0,40,227
2022-09-16T16:29:52,227,0,40,227
2022-09-16T16:39:04,226,1,40,227
2022-09-16T16:48:16,226,1,40,227
2022-09-16T16:57:28,226,1,40,227
2022-09-16T17:06:41,226,1,40,227
2022-09-16T17:15:54,226,1,40,227
2022-09-16T17:25:17,226,1,40,227
2022-09-16T17:34:29,226,1,40,227
2022-09-16T17:43:41,226,1,40,227
2022-09-16T17:52:53,226,1,40,227
2022-09-16T18:02:05,226,1,40,227
2022-09-16T18:11:17,226,1,40,227
2022-09-16T18:20:28,226,1,40,227
2022-09-16T18:29:40,226,1,40,227
2022-09-16T18:39:02,226,1,40,227
2022-09-16T18:48:13,226,1,40,227
2022-09-16T18:57:24,226,1,40,227
2022-09-16T19:06:36,226,1,40,227
2022-09-16T19:15:47,226,1,40,227
2022-09-16T19:24:59,226,1,40,227
2022-09-16T19:34:10,226,1,40,227
2022-09-16T19:43:22,226,1,40,227
2022-09-16T19:52:45,226,1,40,227
2022-09-16T20:02:03,226,1,40,227
2022-09-16T20:11:19,226,1,40,227
2022-09-16T20:20:31,226,1,40,227
2022-09-16T20:29:43,226,1,40,227
2022-09-16T20:38:54,226,1,40,227
2022-09-16T20:48:05,226,1,40,227
2022-09-16T20:57:17,226,1,40,227
2022-09-16T21:06:28,226,1,40,227
2022-09-16T21:15:39,226,1,40,227
2022-09-16T21:25:01,226,1,40,227
2022-09-16T21:34:13,226,1,40,227
2022-09-16T21:43:24,226,1,40,227
2022-09-16T21:52:35,226,1,40,227
2022-09-16T22:01:46,226,1,40,227
2022-09-16T22:10:57,226,1,40,227
2022-09-16T22:20:09,226,1,40,227
2022-09-16T22:29:31,227,0,39,227
2022-09-16T22:38:41,227,0,39,227
2022-09-16T22:47:53,227,0,39,227
2022-09-16T22:57:05,227,0,39,227
2022-09-16T23:06:18,227,0,39,227
2022-09-16T23:15:31,227,0,39,227
2022-09-16T23:24:43,227,0,39,227
2022-09-16T23:33:55,227,0,39,227
2022-09-16T23:43:07,227,0,39,227
2022-09-16T23:52:19,227,0,39,227
2022-09-17T00:01:32,227,0,39,227
2022-09-17T00:10:47,227,0,39,227
2022-09-17T00:20:18,227,0,39,227
2022-09-17T00:29:31,227,0,39,227
2022-09-17T00:39:25,227,0,39,227
2022-09-17T00:48:41,227,0,39,227
2022-09-17T00:57:57,227,0,39,227
2022-09-17T01:07:11,227,0,39,227
2022-09-17T01:16:26,227,0,39,227
2022-09-17T01:25:41,227,0,39,227
2022-09-17T01:34:55,227,0,39,227
2022-09-17T01:44:08,227,0,39,227
2022-09-17T01:53:23,227,0,39,227
2022-09-17T02:02:46,227,0,39,227
2022-09-17T02:11:59,227,0,39,227
2022-09-17T02:21:10,227,0,39,227
2022-09-17T02:30:20,227,0,39,227
2022-09-17T02:39:32,227,0,39,227
2022-09-17T02:48:44,227,0,39,227
2022-09-17T02:57:54,227,0,39,227
2022-09-17T03:07:05,227,0,39,227
2022-09-17T03:16:16,227,0,39,227
2022-09-17T03:25:27,227,0,39,227
2022-09-17T03:34:38,227,0,39,227
2022-09-17T03:43:52,227,0,39,227
2022-09-17T03:53:49,227,0,39,227
2022-09-17T04:05:07,227,0,39,227
2022-09-17T04:17:25,227,0,39,227
2022-09-17T04:27:07,227,0,39,227
2022-09-17T04:36:23,227,0,39,227
2022-09-17T04:45:38,227,0,39,227
2022-09-17T04:54:51,227,0,39,227
2022-09-17T05:04:03,227,0,39,227
2022-09-17T05:13:13,227,0,39,227
2022-09-17T05:22:26,227,0,39,227
2022-09-17T05:32:16,227,0,39,227
2022-09-17T05:41:31,227,0,39,227
2022-09-17T05:50:48,227,0,39,227
2022-09-17T06:00:02,227,0,39,227
2022-09-17T06:09:15,227,0,39,227
2022-09-17T06:18:29,227,0,39,227
2022-09-17T06:27:42,227,0,39,227
2022-09-17T06:36:56,227,0,39,227
2022-09-17T06:46:10,227,0,39,227
2022-09-17T06:55:24,227,0,39,227
2022-09-17T07:04:46,227,0,39,227
2022-09-17T07:14:00,227,0,39,227
2022-09-17T07:23:14,227,0,39,227
2022-09-17T07:32:28,227,0,39,227
2022-09-17T07:41:42,227,0,39,227
2022-09-17T07:50:55,227,0,39,227
2022-09-17T08:00:09,227,0,39,227
2022-09-17T08:09:34,227,0,39,227
2022-09-17T08:18:48,227,0,39,227
2022-09-17T08:28:02,227,0,39,227
2022-09-17T08:37:16,227,0,39,227
2022-09-17T08:46:30,227,0,39,227
2022-09-17T08:55:43,227,0,39,227
2022-09-17T09:04:57,227,0,39,227
2022-09-17T09:14:11,227,0,39,227
2022-09-17T09:23:25,227,0,39,227
2022-09-17T09:32:38,227,0,39,227
2022-09-17T09:41:52,227,0,39,227
2022-09-17T09:51:16,227,0,39,227
2022-09-17T10:00:29,227,0,39,227
2022-09-17T10:09:42,227,0,39,227
2022-09-17T10:18:56,227,0,39,227
2022-09-17T10:28:09,227,0,39,227
2022-09-17T10:37:22,227,0,39,227
2022-09-17T10:46:34,227,0,39,227
2022-09-17T10:55:46,227,0,39,227
2022-09-17T11:04:58,227,0,39,227
2022-09-17T11:14:10,227,0,39,227
2022-09-17T11:23:33,227,0,38,227
2022-09-17T11:32:45,227,0,38,227
2022-09-17T11:41:57,227,0,38,227
2022-09-17T11:51:09,227,0,38,227
2022-09-17T12:00:21,227,0,38,227
2022-09-17T12:09:33,227,0,38,227
2022-09-17T12:18:44,227,0,38,227
2022-09-17T12:27:56,227,0,38,227
2022-09-17T12:37:08,227,0,38,227
2022-09-17T12:46:19,227,0,38,227
2022-09-17T12:55:41,227,0,38,227
2022-09-17T13:04:53,227,0,38,227
2022-09-17T13:14:06,227,0,38,227
2022-09-17T13:23:17,227,0,38,227
2022-09-17T13:32:30,227,0,38,227
2022-09-17T13:41:41,227,0,38,227
2022-09-17T13:50:52,227,0,38,227
2022-09-17T14:00:04,227,0,39,227
2022-09-17T14:09:19,227,0,39,227
2022-09-17T14:18:40,227,0,39,227
2022-09-17T14:27:51,227,0,39,227
2022-09-17T14:37:03,227,0,39,227
2022-09-17T14:46:14,227,0,39,227
2022-09-17T14:55:26,227,0,39,227
2022-09-17T15:04:38,227,0,39,227
2022-09-17T15:13:50,227,0,39,227
2022-09-17T15:23:02,227,0,39,227
2022-09-17T15:32:13,227,0,39,227
2022-09-17T15:41:24,227,0,39,227
2022-09-17T15:50:35,227,0,39,227
2022-09-17T15:59:57,227,0,39,227
2022-09-17T16:09:07,227,0,39,227
2022-09-17T16:18:18,227,0,39,227
2022-09-17T16:27:30,227,0,39,227
2022-09-17T16:36:41,227,0,39,227
2022-09-17T16:45:53,227,0,39,227
2022-09-17T16:55:04,227,0,39,227
2022-09-17T17:04:15,227,0,39,227
2022-09-17T17:13:27,227,0,39,227
2022-09-17T17:22:49,227,0,39,227
2022-09-17T17:32:00,227,0,39,227
2022-09-17T17:41:12,227,0,39,227
2022-09-17T17:50:24,227,0,39,227
2022-09-17T17:59:35,227,0,39,227
2022-09-17T18:08:46,227,0,39,227
2022-09-17T18:17:58,227,0,39,227
2022-09-17T18:27:09,227,0,39,227
2022-09-17T18:36:20,227,0,39,227
2022-09-17T18:45:32,227,0,39,227
2022-09-17T18:54:43,227,0,39,227
2022-09-17T19:04:05,227,0,39,227
2022-09-17T19:13:17,227,0,39,227
2022-09-17T19:22:29,227,0,39,227
2022-09-17T19:31:41,227,0,39,227
2022-09-17T19:40:52,227,0,39,227
2022-09-17T19:50:04,227,0,39,227
2022-09-17T19:59:15,227,0,39,227
2022-09-17T20:08:27,227,0,39,227
2022-09-17T20:17:38,227,0,39,227
2022-09-17T20:26:51,227,0,39,227
2022-09-17T20:36:13,227,0,39,227
2022-09-17T20:45:24,227,0,39,227
2022-09-17T20:54:37,227,0,39,227
2022-09-17T21:03:56,227,0,39,227
2022-09-17T21:13:14,227,0,39,227
2022-09-17T21:22:33,227,0,39,227
2022-09-17T21:31:52,227,0,39,227
2022-09-17T21:41:11,227,0,39,227
2022-09-17T21:50:30,227,0,39,227
2022-09-17T21:59:49,227,0,39,227
2022-09-17T22:09:20,227,0,39,227
2022-09-17T22:18:40,227,0,39,227
2022-09-17T22:27:57,227,0,39,227
2022-09-17T22:37:12,227,0,39,227
2022-09-17T22:46:27,227,0,39,227
2022-09-17T22:55:41,227,0,39,227
2022-09-17T23:04:52,227,0,39,227
2022-09-17T23:14:04,227,0,39,227
2022-09-17T23:23:16,227,0,39,227
2022-09-17T23:32:27,227,0,39,227
2022-09-17T23:41:39,227,0,39,227
2022-09-17T23:51:01,227,0,39,227
2022-09-18T00:00:12,227,0,39,227
2022-09-18T00:09:24,227,0,39,227
2022-09-18T00:18:36,227,0,39,227
2022-09-18T00:27:48,227,0,39,227
2022-09-18T00:47:58,227,0,39,227
2022-09-18T00:57:11,227,0,39,227
2022-09-18T01:06:22,227,0,39,227
2022-09-18T01:15:32,227,0,39,227
2022-09-18T01:24:43,227,0,39,227
2022-09-18T01:33:53,227,0,39,227
2022-09-18T01:43:04,227,0,39,227
2022-09-18T01:52:16,227,0,39,227
2022-09-18T02:01:27,227,0,39,227
2022-09-18T02:10:47,227,0,39,227
2022-09-18T02:19:57,227,0,39,227
2022-09-18T02:29:07,227,0,39,227
2022-09-18T02:38:17,227,0,39,227
2022-09-18T02:47:27,227,0,39,227
2022-09-18T02:56:37,227,0,39,227
2022-09-18T03:05:47,227,0,39,227
2022-09-18T03:14:59,227,0,39,227
2022-09-18T03:24:14,227,0,39,227
2022-09-18T03:33:28,227,0,39,227
2022-09-18T03:42:43,227,0,39,227
2022-09-18T03:51:57,227,0,39,227
2022-09-18T04:01:12,227,0,39,227
2022-09-18T04:10:27,227,0,39,227
2022-09-18T04:26:19,227,0,39,227
2022-09-18T04:36:05,227,0,39,227
2022-09-18T04:45:20,227,0,39,227
2022-09-18T04:54:36,227,0,39,227
2022-09-18T05:03:52,227,0,39,227
2022-09-18T05:13:07,227,0,39,227
2022-09-18T05:22:20,227,0,39,227
2022-09-18T05:31:35,227,0,39,227
2022-09-18T05:40:49,227,0,39,227
2022-09-18T05:50:04,227,0,39,227
2022-09-18T05:59:17,227,0,39,227
2022-09-18T06:08:31,227,0,39,227
2022-09-18T06:17:45,227,0,39,227
2022-09-18T06:26:59,227,0,39,227
2022-09-18T06:36:12,227,0,39,227
2022-09-18T06:45:26,227,0,39,227
2022-09-18T06:54:39,227,0,39,227
2022-09-18T07:03:51,227,0,39,227
2022-09-18T07:13:03,227,0,39,227
2022-09-18T07:22:15,227,0,39,227
2022-09-18T07:31:27,227,0,39,227
2022-09-18T07:40:47,227,0,39,227
2022-09-18T07:49:59,227,0,39,227
2022-09-18T07:59:10,227,0,39,227
2022-09-18T08:08:21,227,0,39,227
2022-09-18T08:17:34,227,0,39,227
2022-09-18T08:26:47,227,0,39,227
2022-09-18T08:36:00,227,0,39,227
2022-09-18T08:45:12,227,0,39,227
2022-09-18T08:54:25,227,0,39,227
2022-09-18T09:03:37,227,0,39,227
2022-09-18T09:12:49,227,0,39,227
2022-09-18T09:22:00,227,0,39,227
2022-09-18T09:31:13,227,0,39,227
2022-09-18T09:40:25,227,0,39,227
2022-09-18T09:49:48,227,0,39,227
2022-09-18T09:59:00,227,0,39,227
2022-09-18T10:08:36,227,0,39,227
2022-09-18T10:17:50,227,0,39,227
2022-09-18T10:27:12,227,0,39,227
2022-09-18T10:36:27,227,0,39,227
2022-09-18T10:45:42,227,0,39,227
2022-09-18T10:54:55,227,0,39,227
2022-09-18T11:04:08,227,0,39,227
2022-09-18T11:13:22,227,0,39,227
2022-09-18T11:22:34,227,0,39,227
2022-09-18T11:31:47,227,0,39,227
2022-09-18T11:41:00,227,0,39,227
2022-09-18T11:50:23,227,0,39,227
2022-09-18T11:59:36,227,0,39,227
2022-09-18T12:08:49,227,0,39,227
2022-09-18T12:18:01,227,0,39,227
2022-09-18T12:27:13,227,0,39,227
2022-09-18T12:36:26,227,0,39,227
2022-09-18T12:45:38,227,0,39,227
2022-09-18T12:54:50,227,0,39,227
2022-09-18T13:04:03,227,0,39,227
2022-09-18T13:13:25,227,0,39,227
2022-09-18T13:22:37,227,0,39,227
2022-09-18T13:31:49,227,0,39,227
2022-09-18T13:41:02,227,0,39,227
2022-09-18T13:50:14,227,0,39,227
2022-09-18T13:59:26,227,0,39,227
2022-09-18T14:08:37,227,0,39,227
2022-09-18T14:17:50,227,0,39,227
2022-09-18T14:27:02,227,0,39,227
2022-09-18T14:36:23,227,0,39,227
2022-09-18T14:45:34,227,0,39,227
2022-09-18T14:54:47,227,0,39,227
2022-09-18T15:03:59,227,0,39,227
2022-09-18T15:13:11,227,0,39,227
2022-09-18T15:22:22,227,0,39,227
2022-09-18T15:31:34,227,0,39,227
2022-09-18T15:40:46,227,0,39,227
2022-09-18T15:49:58,227,0,39,227
2022-09-18T15:59:18,227,0,39,227
2022-09-18T16:08:31,227,0,39,227
2022-09-18T16:17:44,227,0,39,227
2022-09-18T16:26:56,227,0,39,227
2022-09-18T16:36:08,227,0,39,227
2022-09-18T16:45:20,227,0,39,227
2022-09-18T16:54:32,227,0,39,227
2022-09-18T17:04:31,227,0,39,227
2022-09-18T17:13:47,227,0,39,227
2022-09-18T17:23:11,227,0,39,227
2022-09-18T17:32:24,227,0,39,227
2022-09-18T17:41:38,227,0,39,227
2022-09-18T17:50:51,227,0,39,227
2022-09-18T18:00:03,227,0,39,227
2022-09-18T18:09:17,227,0,39,227
2022-09-18T18:18:29,227,0,39,227
2022-09-18T18:27:42,227,0,39,227
2022-09-18T18:37:05,227,0,39,227
2022-09-18T18:46:18,227,0,39,227
2022-09-18T18:55:30,227,0,39,227
2022-09-18T19:04:44,227,0,39,227
2022-09-18T19:14:00,227,0,39,227
2022-09-18T19:23:13,227,0,39,227
2022-09-18T19:32:25,227,0,39,227
2022-09-18T19:41:38,227,0,39,227
2022-09-18T19:50:51,227,0,39,227
2022-09-18T20:00:14,227,0,39,227
2022-09-18T20:09:27,227,0,39,227
2022-09-18T20:18:39,227,0,39,227
2022-09-18T20:27:51,227,0,39,227
2022-09-18T20:37:03,227,0,39,227
2022-09-18T20:46:15,227,0,39,227
2022-09-18T20:55:26,227,0,39,227
2022-09-18T21:04:38,227,0,39,227
2022-09-18T21:14:01,227,0,39,227
2022-09-18T21:23:13,227,0,39,227
2022-09-18T21:32:25,227,0,39,227
2022-09-18T21:41:36,227,0,39,227
2022-09-18T21:50:49,227,0,39,227
2022-09-18T22:00:03,227,0,39,227
2022-09-18T22:09:16,227,0,39,227
2022-09-18T22:18:33,227,0,39,227
2022-09-18T22:27:52,227,0,39,227
2022-09-18T22:37:15,227,0,39,227
2022-09-18T22:46:27,227,0,39,227
2022-09-18T22:55:39,227,0,39,227
2022-09-18T23:04:52,227,0,39,227
2022-09-18T23:14:05,227,0,39,227
2022-09-18T23:23:18,227,0,39,227
2022-09-18T23:32:30,227,0,39,227
2022-09-18T23:41:43,227,0,39,227
2022-09-18T23:51:04,227,0,39,227
2022-09-19T00:00:17,227,0,39,227
2022-09-19T00:09:31,227,0,39,227
2022-09-19T00:18:48,227,0,39,227
2022-09-19T00:28:05,227,0,39,227
2022-09-19T00:37:20,227,0,39,227
2022-09-19T00:46:33,227,0,39,227
2022-09-19T00:55:46,227,0,39,227
2022-09-19T01:04:59,227,0,39,227
2022-09-19T01:14:16,227,0,39,227
2022-09-19T01:23:40,227,0,39,227
2022-09-19T01:32:55,227,0,39,227
2022-09-19T01:42:09,227,0,39,227
2022-09-19T01:51:22,227,0,39,227
2022-09-19T02:00:36,227,0,39,227
2022-09-19T02:09:50,227,0,39,227
2022-09-19T02:19:03,227,0,39,227
2022-09-19T02:28:16,227,0,39,227
2022-09-19T02:37:29,227,0,39,227
2022-09-19T02:46:41,227,0,39,227
2022-09-19T02:55:52,227,0,39,227
2022-09-19T03:05:04,227,0,39,227
2022-09-19T03:14:16,227,0,39,227
2022-09-19T03:23:28,227,0,39,227
2022-09-19T03:32:42,227,0,39,227
2022-09-19T03:41:56,227,0,39,227
2022-09-19T03:51:10,227,0,39,227
2022-09-19T04:02:36,227,0,39,227
2022-09-19T04:19:44,227,0,39,227
2022-09-19T04:29:24,227,0,39,227
2022-09-19T04:38:39,227,0,39,227
2022-09-19T04:47:56,227,0,39,227
2022-09-19T04:57:12,227,0,39,227
2022-09-19T05:06:28,227,0,39,227
2022-09-19T05:15:40,227,0,39,227
2022-09-19T05:24:51,227,0,39,227
2022-09-19T05:34:03,227,0,39,227
2022-09-19T05:43:14,227,0,39,227
2022-09-19T05:52:26,227,0,39,227
2022-09-19T06:01:39,227,0,39,227
2022-09-19T06:10:53,227,0,39,227
2022-09-19T06:20:07,227,0,39,227
2022-09-19T06:29:19,227,0,39,227
2022-09-19T06:38:30,227,0,39,227
2022-09-19T06:47:42,227,0,39,227
2022-09-19T06:56:57,227,0,39,227
2022-09-19T07:06:10,227,0,39,227
2022-09-19T07:15:22,227,0,39,227
2022-09-19T07:24:34,227,0,39,227
2022-09-19T07:33:46,227,0,39,227
2022-09-19T07:42:58,227,0,39,227
2022-09-19T07:52:11,227,0,39,227
2022-09-19T08:01:35,227,0,39,227
2022-09-19T08:10:48,227,0,39,227
2022-09-19T08:20:28,227,0,39,227
2022-09-19T08:29:44,227,0,39,227
2022-09-19T08:38:58,227,0,39,227
2022-09-19T08:48:13,227,0,39,227
2022-09-19T08:57:29,227,0,39,227
2022-09-19T09:06:47,227,0,39,227
2022-09-19T09:16:07,227,0,39,227
2022-09-19T09:25:25,227,0,39,227
2022-09-19T09:34:54,227,0,39,227
2022-09-19T09:44:12,227,0,39,227
2022-09-19T09:53:31,227,0,39,227
2022-09-19T10:02:51,227,0,39,227
2022-09-19T10:12:09,227,0,39,227
2022-09-19T10:21:27,227,0,40,227
2022-09-19T10:30:47,227,0,40,227
2022-09-19T10:40:17,227,0,40,227
2022-09-19T10:49:36,227,0,40,227
2022-09-19T10:59:25,227,0,40,227
2022-09-19T11:08:44,227,0,40,227
2022-09-19T11:18:02,227,0,40,227
2022-09-19T11:27:31,227,0,40,227
2022-09-19T11:36:48,227,0,40,227
2022-09-19T11:46:06,227,0,40,227
2022-09-19T11:55:24,227,0,40,227
2022-09-19T12:04:42,227,0,40,227
2022-09-19T12:14:10,227,0,40,227
2022-09-19T12:23:26,227,0,40,227
2022-09-19T12:32:42,227,0,40,227
2022-09-19T12:41:58,227,0,40,227
2022-09-19T12:51:14,227,0,40,227
2022-09-19T13:00:42,227,0,40,227
2022-09-19T13:09:58,227,0,40,227
2022-09-19T13:20:20,227,0,40,227
2022-09-19T13:29:43,227,0,40,227
2022-09-19T13:39:02,227,0,40,227
2022-09-19T13:48:34,227,0,40,227
2022-09-19T13:57:51,227,0,40,227
2022-09-19T14:07:08,227,0,40,227
2022-09-19T14:16:24,227,0,40,227
2022-09-19T14:25:52,227,0,40,227
2022-09-19T14:35:08,227,0,40,227
2022-09-19T14:44:25,227,0,40,227
2022-09-19T14:53:41,227,0,40,227
2022-09-19T15:02:58,227,0,40,227
2022-09-19T15:12:26,227,0,40,227
2022-09-19T15:21:42,227,0,40,227
2022-09-19T15:30:57,227,0,40,227
2022-09-19T15:40:13,227,0,40,227
2022-09-19T15:49:46,227,0,40,227
2022-09-19T15:59:04,227,0,40,227
2022-09-19T16:08:21,227,0,40,227
2022-09-19T16:17:36,227,0,40,227
2022-09-19T16:26:54,227,0,40,227
2022-09-19T16:36:11,227,0,40,227
2022-09-19T16:45:38,227,0,40,227
2022-09-19T16:54:57,227,0,40,227
2022-09-19T17:04:22,227,0,40,227
2022-09-19T17:14:05,227,0,40,227
2022-09-19T17:23:20,227,0,40,227
2022-09-19T17:32:36,227,0,40,227
2022-09-19T17:41:51,227,0,40,227
2022-09-19T17:51:06,227,0,40,227
2022-09-19T18:00:31,227,0,40,227
2022-09-19T18:09:45,227,0,40,227
2022-09-19T18:18:59,227,0,40,227
2022-09-19T18:28:13,227,0,40,227
2022-09-19T18:37:26,227,0,41,227
2022-09-19T18:46:40,227,0,41,227
2022-09-19T18:56:05,227,0,41,227
2022-09-19T19:05:19,227,0,41,227
2022-09-19T19:14:33,227,0,41,227
2022-09-19T19:23:46,227,0,41,227
2022-09-19T19:33:00,227,0,41,227
2022-09-19T19:42:14,227,0,41,227
2022-09-19T19:51:28,227,0,41,227
2022-09-19T20:00:45,227,0,41,227
2022-09-19T20:10:10,227,0,41,227
2022-09-19T20:19:23,227,0,41,227
2022-09-19T20:28:36,227,0,41,227
2022-09-19T20:37:50,227,0,41,227
2022-09-19T20:47:03,227,0,41,227
2022-09-19T20:56:17,227,0,41,227
2022-09-19T21:05:41,227,0,41,227
2022-09-19T21:14:54,227,0,41,227
2022-09-19T21:24:09,227,0,41,227
2022-09-19T21:33:22,227,0,41,227
2022-09-19T21:42:35,227,0,41,227
2022-09-19T21:51:49,227,0,41,227
2022-09-19T22:01:13,227,0,41,227
2022-09-19T22:10:27,227,0,41,227
2022-09-19T22:19:41,227,0,41,227
2022-09-19T22:28:55,227,0,41,227
2022-09-19T22:38:08,227,0,41,227
2022-09-19T22:47:21,227,0,41,227
2022-09-19T22:56:34,227,0,41,227
2022-09-19T23:06:00,227,0,41,227
2022-09-19T23:15:14,227,0,41,227
2022-09-19T23:24:28,227,0,41,227
2022-09-19T23:33:40,227,0,41,227
2022-09-19T23:42:53,227,0,41,227
2022-09-19T23:52:07,227,0,41,227
2022-09-20T00:01:21,227,0,41,227
2022-09-20T00:10:45,227,0,41,227
2022-09-20T00:20:04,227,0,41,227
2022-09-20T00:29:17,227,0,41,227
2022-09-20T00:38:31,227,0,41,227
2022-09-20T00:47:45,227,0,41,227
2022-09-20T00:57:05,227,0,41,227
2022-09-20T01:06:20,227,0,41,227
2022-09-20T01:15:33,227,0,41,227
2022-09-20T01:24:46,227,0,41,227
2022-09-20T01:34:01,227,0,41,227
2022-09-20T01:43:14,227,0,41,227
2022-09-20T01:52:38,227,0,41,227
2022-09-20T02:01:51,227,0,41,227
2022-09-20T02:11:03,227,0,41,227
2022-09-20T02:20:15,227,0,41,227
2022-09-20T02:29:26,227,0,41,227
2022-09-20T02:38:38,227,0,41,227
2022-09-20T02:47:49,227,0,41,227
2022-09-20T02:57:00,227,0,41,227
2022-09-20T03:06:13,227,0,41,227
2022-09-20T03:15:27,227,0,41,227
2022-09-20T03:24:42,227,0,41,227
2022-09-20T03:33:56,227,0,41,227
2022-09-20T03:43:10,227,0,41,227
2022-09-20T03:52:24,227,0,41,227
2022-09-20T04:01:38,227,0,41,227
2022-09-20T04:10:52,227,0,41,227
2022-09-20T04:29:35,227,0,41,227
2022-09-20T04:39:18,227,0,41,227
2022-09-20T04:48:34,227,0,41,227
2022-09-20T04:57:49,227,0,41,227
2022-09-20T05:07:05,227,0,41,227
2022-09-20T05:16:19,227,0,41,227
2022-09-20T05:25:33,227,0,41,227
2022-09-20T05:34:47,227,0,41,227
2022-09-20T05:44:02,227,0,41,227
2022-09-20T05:53:16,227,0,41,227
2022-09-20T06:02:32,227,0,41,227
2022-09-20T06:11:49,227,0,41,227
2022-09-20T06:21:04,227,0,41,227
2022-09-20T06:30:16,227,0,41,227
2022-09-20T06:39:28,227,0,41,227
2022-09-20T06:48:39,227,0,41,227
2022-09-20T06:57:54,227,0,41,227
2022-09-20T07:07:06,227,0,41,227
2022-09-20T07:16:18,227,0,41,227
2022-09-20T07:25:48,227,0,41,227
2022-09-20T07:35:02,227,0,41,227
2022-09-20T07:44:16,227,0,41,227
2022-09-20T07:53:29,227,0,41,227
2022-09-20T08:02:42,227,0,41,227
2022-09-20T08:11:55,227,0,41,227
2022-09-20T08:21:09,227,0,41,227
2022-09-20T08:30:23,227,0,41,227
2022-09-20T08:39:37,227,0,41,227
2022-09-20T08:48:51,227,0,41,227
2022-09-20T08:58:17,227,0,41,227
2022-09-20T09:07:32,227,33,41,260
2022-09-20T09:16:46,227,33,41,260
2022-09-20T09:26:01,231,29,38,260
2022-09-20T09:35:17,234,26,38,260
2022-09-20T09:44:32,234,26,37,260
2022-09-20T09:53:47,234,26,36,260
2022-09-20T10:03:25,234,26,36,260
2022-09-20T10:12:40,235,25,36,260
2022-09-20T10:23:11,236,24,35,260
2022-09-20T10:32:31,240,20,33,260
2022-09-20T10:42:01,240,20,33,260
2022-09-20T10:51:18,242,18,30,260
2022-09-20T11:00:35,245,15,30,260
2022-09-20T11:09:52,245,15,30,260
2022-09-20T11:19:09,246,14,29,260
2022-09-20T11:28:35,246,14,29,260
2022-09-20T11:37:51,248,12,28,260
2022-09-20T11:47:08,248,12,28,260
2022-09-20T11:56:24,248,12,28,260
2022-09-20T12:05:51,248,12,28,260
2022-09-20T12:15:06,248,12,28,260
2022-09-20T12:24:22,248,12,28,260
2022-09-20T12:33:37,249,11,28,260
2022-09-20T12:42:53,249,11,28,260
2022-09-20T12:52:19,249,11,28,260
2022-09-20T13:01:34,249,11,28,260
2022-09-20T13:10:50,250,10,27,260
2022-09-20T13:20:05,251,9,27,260
2022-09-20T13:29:21,250,10,26,260
2022-09-20T13:38:49,250,10,26,260
2022-09-20T13:48:04,250,10,26,260
2022-09-20T13:57:20,250,10,26,260
2022-09-20T14:06:36,250,10,25,260
2022-09-20T14:16:03,250,10,25,260
2022-09-20T14:25:18,251,9,25,260
2022-09-20T14:34:33,252,8,25,260
2022-09-20T14:43:48,252,8,25,260
2022-09-20T14:53:15,252,8,24,260
2022-09-20T15:02:31,252,8,24,260
2022-09-20T15:11:46,252,8,23,260
2022-09-20T15:21:02,252,8,23,260
2022-09-20T15:30:17,253,7,23,260
2022-09-20T15:39:44,253,7,23,260
2022-09-20T15:48:59,253,7,23,260
2022-09-20T15:58:14,253,7,23,260
2022-09-20T16:07:29,253,7,23,260
2022-09-20T16:16:43,253,7,23,260
2022-09-20T16:26:08,253,7,23,260
2022-09-20T16:35:24,253,7,23,260
2022-09-20T16:44:38,253,7,23,260
2022-09-20T16:53:52,253,7,23,260
2022-09-20T17:03:06,253,7,23,260
2022-09-20T17:12:33,253,7,23,260
2022-09-20T17:21:47,253,7,23,260
2022-09-20T17:31:01,254,6,23,260
2022-09-20T17:40:15,255,5,22,260
2022-09-20T17:49:29,255,5,22,260
2022-09-20T17:59:50,254,6,22,260
2022-09-20T18:09:07,254,6,22,260
2022-09-20T18:18:23,254,6,22,260
2022-09-20T18:27:39,254,6,22,260
2022-09-20T18:36:53,254,6,22,260
2022-09-20T18:46:19,254,6,22,260
2022-09-20T18:55:33,254,6,22,260
2022-09-20T19:04:48,254,6,22,260
2022-09-20T19:14:02,254,6,22,260
2022-09-20T19:23:14,254,6,22,260
2022-09-20T19:32:39,253,7,22,260
2022-09-20T19:41:52,253,7,22,260
2022-09-20T19:51:05,253,7,22,260
2022-09-20T20:00:18,254,6,22,260
2022-09-20T20:09:31,254,6,22,260
2022-09-20T20:18:44,254,6,22,260
2022-09-20T20:28:08,254,6,22,260
2022-09-20T20:37:21,254,6,22,260
2022-09-20T20:46:33,254,6,22,260
2022-09-20T20:55:46,254,6,22,260
2022-09-20T21:05:00,254,6,22,260
2022-09-20T21:14:12,254,6,22,260
2022-09-20T21:23:45,254,6,22,260
2022-09-20T21:32:57,254,6,22,260
2022-09-20T21:42:09,254,6,22,260
2022-09-20T21:51:22,254,6,22,260
2022-09-20T22:00:47,254,6,22,260
2022-09-20T22:10:00,254,6,22,260
2022-09-20T22:19:13,254,6,22,260
2022-09-20T22:28:26,256,4,20,260
2022-09-20T22:37:52,256,4,20,260
2022-09-20T22:47:05,256,4,20,260
2022-09-20T22:56:18,256,4,19,260
2022-09-20T23:05:31,256,4,19,260
2022-09-20T23:15:04,256,4,19,260
2022-09-20T23:24:18,256,4,19,260
2022-09-20T23:33:31,256,4,19,260
2022-09-20T23:42:44,256,4,19,260
2022-09-20T23:51:56,256,4,19,260
2022-09-21T00:01:09,256,4,19,260
2022-09-21T00:10:22,256,4,19,260
2022-09-21T00:19:39,257,3,19,260
2022-09-21T00:29:03,257,3,19,260
2022-09-21T00:38:18,257,3,19,260
2022-09-21T00:47:32,257,3,19,260
2022-09-21T00:56:47,257,3,19,260
2022-09-21T01:06:01,257,3,19,260
2022-09-21T01:15:16,257,3,19,260
2022-09-21T01:24:30,257,3,19,260
2022-09-21T01:33:46,257,3,19,260
2022-09-21T01:43:19,257,3,19,260
2022-09-21T01:52:33,257,3,19,260
2022-09-21T02:01:45,257,3,19,260
2022-09-21T02:10:57,257,3,19,260
2022-09-21T02:20:09,257,3,19,260
2022-09-21T02:29:21,257,3,19,260
2022-09-21T02:38:32,257,3,19,260
2022-09-21T02:47:44,257,3,19,260
2022-09-21T02:56:57,257,3,19,260
2022-09-21T03:06:09,257,3,19,260
2022-09-21T03:15:20,257,3,19,260
2022-09-21T03:24:30,257,3,19,260
2022-09-21T03:33:41,257,3,19,260
2022-09-21T03:42:55,257,3,19,260
2022-09-21T03:52:11,257,3,19,260
2022-09-21T04:01:26,257,3,19,260
2022-09-21T04:17:21,257,3,19,260
2022-09-21T04:27:03,257,3,19,260
2022-09-21T04:36:19,257,3,19,260
2022-09-21T04:45:34,257,3,19,260
2022-09-21T04:54:49,257,3,19,260
2022-09-21T05:04:04,257,3,19,260
2022-09-21T05:13:19,257,3,19,260
2022-09-21T05:22:35,257,3,19,260
2022-09-21T05:33:44,257,3,19,260
2022-09-21T05:43:00,257,3,19,260
2022-09-21T05:52:17,257,3,19,260
2022-09-21T06:01:32,257,3,19,260
2022-09-21T06:10:48,257,3,19,260
2022-09-21T06:20:03,257,3,19,260
2022-09-21T06:29:18,257,3,19,260
2022-09-21T06:38:32,257,3,19,260
2022-09-21T06:47:47,257,3,19,260
2022-09-21T06:57:00,257,3,19,260
2022-09-21T07:06:13,257,3,19,260
2022-09-21T07:15:36,258,2,19,260
2022-09-21T07:24:48,258,2,19,260
2022-09-21T07:34:02,258,2,19,260
2022-09-21T07:43:15,257,3,19,260
2022-09-21T07:52:28,257,3,19,260
2022-09-21T08:01:41,257,3,19,260
2022-09-21T08:10:54,257,3,18,260
2022-09-21T08:20:07,257,3,18,260
2022-09-21T08:29:22,257,3,18,260
2022-09-21T08:38:36,257,3,18,260
2022-09-21T08:47:49,257,3,18,260
2022-09-21T08:57:03,257,3,18,260
2022-09-21T09:06:30,257,3,18,260
2022-09-21T09:16:59,257,3,18,260
2022-09-21T09:26:18,257,3,18,260
2022-09-21T09:35:36,257,3,18,260
2022-09-21T09:44:54,258,2,18,260
2022-09-21T09:54:22,258,2,18,260
2022-09-21T10:03:43,258,2,18,260
2022-09-21T10:13:02,258,2,18,260
2022-09-21T10:22:21,258,2,18,260
2022-09-21T10:31:50,258,2,18,260
2022-09-21T10:41:09,258,2,18,260
2022-09-21T10:50:27,258,2,18,260
2022-09-21T10:59:45,258,2,18,260
2022-09-21T11:09:13,258,2,18,260
2022-09-21T11:18:31,258,2,18,260
2022-09-21T11:27:49,258,2,18,260
2022-09-21T11:37:18,259,1,18,260
2022-09-21T11:46:35,259,1,18,260
2022-09-21T11:55:52,259,1,18,260
2022-09-21T12:05:12,259,1,18,260
2022-09-21T12:14:42,259,1,18,260
2022-09-21T12:24:00,259,1,18,260
2022-09-21T12:33:18,259,1,18,260
2022-09-21T12:42:48,259,1,18,260
2022-09-21T12:52:05,259,1,18,260
2022-09-21T13:01:22,259,1,19,260
2022-09-21T13:10:49,259,1,18,260
2022-09-21T13:20:06,259,1,18,260
2022-09-21T13:29:25,259,1,18,260
2022-09-21T13:38:43,259,1,18,260
2022-09-21T13:48:11,259,1,18,260
2022-09-21T13:57:28,259,1,18,260
2022-09-21T14:06:46,259,1,18,260
2022-09-21T14:16:14,259,1,18,260
2022-09-21T14:25:33,259,1,18,260
2022-09-21T14:34:53,259,1,18,260
2022-09-21T14:44:23,259,1,18,260
2022-09-21T14:53:42,259,1,18,260
2022-09-21T15:02:59,259,1,18,260
2022-09-21T15:12:18,259,1,18,260
2022-09-21T15:21:45,259,1,18,260
2022-09-21T15:31:02,259,1,18,260
2022-09-21T15:40:20,259,1,18,260
2022-09-21T15:49:48,259,1,18,260
2022-09-21T15:59:06,259,1,18,260
2022-09-21T16:08:23,259,1,19,260
2022-09-21T16:17:52,259,1,19,260
2022-09-21T16:27:09,259,1,19,260
2022-09-21T16:36:25,259,1,19,260
2022-09-21T16:45:45,259,1,19,260
2022-09-21T16:55:16,259,1,19,260
2022-09-21T17:04:35,259,1,19,260
2022-09-21T17:13:56,259,1,19,260
2022-09-21T17:23:25,259,1,19,260
2022-09-21T17:32:42,259,1,19,260
2022-09-21T17:41:59,259,1,19,260
2022-09-21T17:51:27,259,1,19,260
2022-09-21T18:00:43,259,1,20,260
2022-09-21T18:09:58,259,1,20,260
2022-09-21T18:19:14,259,1,20,260
2022-09-21T18:28:28,259,1,20,260
2022-09-21T18:37:53,259,1,20,260
2022-09-21T18:47:08,259,1,20,260
2022-09-21T18:56:24,259,1,20,260
2022-09-21T19:05:39,259,1,20,260
2022-09-21T19:15:05,259,1,20,260
2022-09-21T19:25:26,259,1,20,260
2022-09-21T19:34:45,259,1,20,260
2022-09-21T19:44:03,259,1,20,260
2022-09-21T19:53:33,259,1,20,260
2022-09-21T20:02:50,259,1,20,260
2022-09-21T20:12:07,259,1,20,260
2022-09-21T20:21:33,259,1,20,260
2022-09-21T20:30:49,259,1,20,260
2022-09-21T20:40:05,259,1,21,260
2022-09-21T20:49:33,259,1,21,260
2022-09-21T20:58:49,259,1,21,260
2022-09-21T21:08:04,259,1,21,260
2022-09-21T21:17:21,259,1,21,260
2022-09-21T21:26:48,259,1,21,260
2022-09-21T21:36:03,259,1,21,260
2022-09-21T21:45:19,258,2,21,260
2022-09-21T21:54:35,258,2,21,260
2022-09-21T22:04:02,258,2,20,260
2022-09-21T22:13:18,258,2,20,260
2022-09-21T22:22:34,258,2,20,260
2022-09-21T22:32:02,259,1,18,260
2022-09-21T22:41:19,259,1,18,260
2022-09-21T22:50:33,259,1,18,260
2022-09-21T22:59:49,258,2,18,260
2022-09-21T23:09:20,258,2,18,260
2022-09-21T23:18:36,258,2,18,260
2022-09-21T23:27:52,258,2,17,260
2022-09-21T23:37:19,258,2,17,260
2022-09-21T23:46:35,258,2,17,260
2022-09-21T23:55:49,258,2,17,260
2022-09-22T00:05:13,258,2,17,260
2022-09-22T00:14:52,258,2,17,260
2022-09-22T00:24:09,258,2,17,260
2022-09-22T00:33:25,258,2,17,260
2022-09-22T00:42:42,258,2,17,260
2022-09-22T00:52:12,258,2,17,260
2022-09-22T01:01:30,258,2,17,260
2022-09-22T01:10:51,258,2,17,260
2022-09-22T01:25:08,258,2,17,260
2022-09-22T01:34:24,258,2,17,260
2022-09-22T01:43:38,258,2,17,260
2022-09-22T01:53:03,258,2,17,260
2022-09-22T02:02:18,258,2,17,260
2022-09-22T02:11:32,258,2,17,260
2022-09-22T02:20:44,258,2,17,260
2022-09-22T02:29:57,258,2,17,260
2022-09-22T02:39:10,258,2,17,260
2022-09-22T02:48:22,258,2,17,260
2022-09-22T02:57:36,258,2,17,260
2022-09-22T03:06:52,258,2,17,260
2022-09-22T03:16:07,258,2,17,260
2022-09-22T03:25:33,258,2,17,260
2022-09-22T03:34:48,258,2,17,260
2022-09-22T03:44:03,258,2,17,260
2022-09-22T03:53:18,258,2,17,260
2022-09-22T04:02:32,258,2,17,260
2022-09-22T04:20:47,258,2,17,260
2022-09-22T04:31:35,258,2,17,260
2022-09-22T04:40:51,258,2,17,260
2022-09-22T04:50:07,258,2,17,260
2022-09-22T04:59:22,258,2,17,260
2022-09-22T05:08:39,258,2,17,260
2022-09-22T05:17:53,258,2,17,260
2022-09-22T05:27:08,258,2,17,260
2022-09-22T05:36:23,258,2,17,260
2022-09-22T05:45:39,258,2,17,260
2022-09-22T05:54:55,258,2,17,260
2022-09-22T06:04:11,258,2,17,260
2022-09-22T06:13:26,258,2,17,260
2022-09-22T06:22:42,258,2,17,260
2022-09-22T06:31:56,258,2,17,260
2022-09-22T06:41:09,258,2,17,260
2022-09-22T06:50:22,258,2,17,260
2022-09-22T06:59:35,258,2,17,260
2022-09-22T07:08:50,258,2,17,260
2022-09-22T07:18:05,258,2,17,260
2022-09-22T07:27:30,258,2,17,260
2022-09-22T07:36:47,258,2,17,260
2022-09-22T07:46:14,258,2,17,260
2022-09-22T07:55:31,258,2,17,260
2022-09-22T08:04:50,258,2,17,260
2022-09-22T08:14:07,258,2,17,260
2022-09-22T08:23:36,258,2,17,260
2022-09-22T08:32:56,258,2,17,260
2022-09-22T08:42:16,258,2,17,260
2022-09-22T08:51:44,258,2,17,260
2022-09-22T09:01:04,258,2,17,260
2022-09-22T09:10:24,258,2,17,260
2022-09-22T09:19:44,258,2,17,260
2022-09-22T09:29:16,258,2,17,260
2022-09-22T09:38:37,258,2,17,260
2022-09-22T09:48:08,258,2,17,260
2022-09-22T09:57:28,258,2,17,260
2022-09-22T10:07:00,258,2,17,260
2022-09-22T10:16:21,258,2,17,260
2022-09-22T10:25:42,258,2,17,260
2022-09-22T10:35:15,258,2,17,260
2022-09-22T10:44:35,258,2,17,260
2022-09-22T10:54:08,258,2,17,260
2022-09-22T11:03:29,258,2,17,260
2022-09-22T11:12:47,258,2,17,260
2022-09-22T11:22:19,258,2,17,260
2022-09-22T11:31:43,258,2,17,260
2022-09-22T11:41:18,258,2,17,260
2022-09-22T11:49:49,258,2,17,260
2022-09-22T11:59:25,258,2,17,260
2022-09-22T12:08:50,258,2,18,260
2022-09-22T12:18:27,258,2,18,260
2022-09-22T12:27:54,258,2,18,260
2022-09-22T12:37:21,258,2,18,260
2022-09-22T12:46:58,258,2,18,260
2022-09-22T12:56:23,257,3,18,260
2022-09-22T13:05:58,257,3,18,260
2022-09-22T13:15:22,257,3,18,260
2022-09-22T13:24:43,257,3,18,260
2022-09-22T13:34:14,257,3,18,260
2022-09-22T13:43:34,257,3,18,260
2022-09-22T13:52:54,257,3,18,260
2022-09-22T14:02:27,257,3,18,260
2022-09-22T14:11:50,257,3,18,260
2022-09-22T14:21:20,257,3,18,260
2022-09-22T14:30:42,257,3,18,260
2022-09-22T14:40:13,257,3,18,260
2022-09-22T14:49:36,257,3,18,260
2022-09-22T14:58:58,257,3,18,260
2022-09-22T15:08:34,257,3,18,260
2022-09-22T15:17:55,257,3,18,260
2022-09-22T15:27:49,257,3,18,260
2022-09-22T15:37:25,257,3,18,260
2022-09-22T15:46:50,257,3,18,260
2022-09-22T15:56:27,257,3,18,260
2022-09-22T16:05:48,257,3,19,260
2022-09-22T16:15:06,257,3,19,260
2022-09-22T16:24:41,257,3,19,260
2022-09-22T16:34:00,257,3,19,260
2022-09-22T16:43:17,257,3,19,260
2022-09-22T16:52:35,257,3,19,260
2022-09-22T17:02:03,257,3,19,260
2022-09-22T17:11:22,257,3,19,260
2022-09-22T17:20:42,257,3,19,260
2022-09-22T17:30:10,257,3,19,260
2022-09-22T17:39:27,257,3,19,260
2022-09-22T17:48:44,257,3,19,260
2022-09-22T17:58:01,257,3,19,260
2022-09-22T18:07:32,257,3,19,260
2022-09-22T18:16:50,257,3,19,260
2022-09-22T18:26:06,257,3,19,260
2022-09-22T18:35:23,257,3,19,260
2022-09-22T18:44:50,257,3,19,260
2022-09-22T18:54:06,257,3,19,260
2022-09-22T19:03:21,257,3,19,260
2022-09-22T19:12:37,257,3,19,260
2022-09-22T19:22:03,257,3,19,260
2022-09-22T19:31:18,257,3,19,260
2022-09-22T19:40:33,257,3,19,260
2022-09-22T19:49:49,257,3,19,260
2022-09-22T19:59:03,257,3,19,260
2022-09-22T20:08:30,257,3,19,260
2022-09-22T20:17:45,257,3,19,260
2022-09-22T20:27:00,257,3,19,260
2022-09-22T20:36:14,257,3,19,260
2022-09-22T20:45:29,257,3,19,260
2022-09-22T20:54:45,257,3,19,260
2022-09-22T21:04:13,257,3,19,260
2022-09-22T21:13:28,257,3,19,260
2022-09-22T21:22:43,257,3,19,260
2022-09-22T21:32:03,257,3,19,260
2022-09-22T21:41:33,257,3,19,260
2022-09-22T21:50:50,257,3,19,260
2022-09-22T22:00:22,257,3,19,260
2022-09-22T22:09:44,257,3,19,260
2022-09-22T22:19:10,257,3,19,260
2022-09-22T22:28:46,260,0,16,260
2022-09-22T22:38:18,260,0,16,260
2022-09-22T22:47:47,260,0,16,260
2022-09-22T22:57:13,260,0,16,260
2022-09-22T23:06:50,260,0,16,260
2022-09-22T23:16:32,260,0,16,260
2022-09-22T23:26:05,260,0,16,260
2022-09-22T23:35:34,260,0,16,260
2022-09-22T23:45:03,260,0,16,260
2022-09-22T23:54:30,260,0,16,260
2022-09-23T00:03:55,260,0,16,260
2022-09-23T00:13:25,260,0,16,260
2022-09-23T00:23:03,260,0,16,260
2022-09-23T00:32:28,260,0,16,260
2022-09-23T00:41:49,260,0,16,260
2022-09-23T00:51:10,260,0,16,260
2022-09-23T01:00:30,260,0,16,260
2022-09-23T01:09:45,260,0,16,260
2022-09-23T01:19:01,260,0,16,260
2022-09-23T01:28:17,260,0,16,260
2022-09-23T01:37:33,260,0,16,260
2022-09-23T01:46:48,260,0,16,260
2022-09-23T01:56:01,260,0,16,260
2022-09-23T02:05:13,260,0,16,260
2022-09-23T02:14:25,260,0,16,260
2022-09-23T02:23:37,260,0,16,260
2022-09-23T02:33:01,260,0,16,260
2022-09-23T02:42:13,260,0,16,260
2022-09-23T02:51:24,260,0,16,260
2022-09-23T03:00:37,260,0,16,260
2022-09-23T03:09:52,260,0,16,260
2022-09-23T03:19:06,260,0,16,260
2022-09-23T03:28:20,260,0,16,260
2022-09-23T03:37:34,260,0,16,260
2022-09-23T03:46:49,260,0,16,260
2022-09-23T03:58:36,260,0,16,260
2022-09-23T04:07:53,260,0,16,260
2022-09-23T04:20:14,260,0,16,260
2022-09-23T04:29:58,260,0,16,260
2022-09-23T04:39:15,260,0,16,260
2022-09-23T04:48:32,260,0,16,260
2022-09-23T04:57:49,260,0,16,260
2022-09-23T05:07:05,260,0,16,260
2022-09-23T05:16:19,260,0,16,260
2022-09-23T05:25:34,260,0,16,260
2022-09-23T05:34:49,260,0,16,260
2022-09-23T05:44:04,260,0,16,260
2022-09-23T05:53:20,260,0,16,260
2022-09-23T06:02:38,260,0,16,260
2022-09-23T06:11:56,260,0,16,260
2022-09-23T06:21:10,260,0,16,260
2022-09-23T06:30:23,260,0,16,260
2022-09-23T06:39:36,260,0,16,260
2022-09-23T06:48:48,260,0,16,260
2022-09-23T06:58:00,260,0,16,260
2022-09-23T07:07:14,260,0,16,260
2022-09-23T07:16:28,260,0,16,260
2022-09-23T07:25:42,260,0,16,260
2022-09-23T07:34:59,260,0,16,260
2022-09-23T07:44:19,260,0,16,260
2022-09-23T07:53:35,260,0,16,260
2022-09-23T08:02:51,260,0,16,260
2022-09-23T08:12:16,260,0,16,260
2022-09-23T08:21:31,260,0,16,260
2022-09-23T08:30:47,260,0,16,260
2022-09-23T08:40:03,260,0,16,260
2022-09-23T08:49:21,260,0,16,260
2022-09-23T08:58:50,260,0,16,260
2022-09-23T09:08:08,260,0,16,260
2022-09-23T09:17:25,260,0,16,260
2022-09-23T09:26:47,260,0,16,260
2022-09-23T09:36:20,260,0,16,260
2022-09-23T09:45:39,260,0,16,260
2022-09-23T09:55:02,260,0,16,260
2022-09-23T10:04:30,260,0,16,260
2022-09-23T10:13:47,260,0,16,260
2022-09-23T10:23:05,260,0,17,260
2022-09-23T10:32:34,260,0,17,260
2022-09-23T10:41:57,260,0,17,260
2022-09-23T10:51:17,260,0,17,260
2022-09-23T11:00:52,260,0,17,260
2022-09-23T11:10:11,260,0,17,260
2022-09-23T11:19:29,260,0,17,260
2022-09-23T11:28:57,260,0,17,260
2022-09-23T11:38:16,260,0,17,260
2022-09-23T11:47:35,260,0,17,260
2022-09-23T11:57:03,260,0,17,260
2022-09-23T12:06:21,260,0,17,260
2022-09-23T12:15:42,260,0,17,260
2022-09-23T12:25:13,260,0,17,260
2022-09-23T12:34:36,260,0,17,260
2022-09-23T12:43:55,260,0,17,260
2022-09-23T12:53:30,260,0,17,260
2022-09-23T13:02:51,260,0,17,260
2022-09-23T13:12:09,260,0,17,260
2022-09-23T13:21:39,260,0,18,260
2022-09-23T13:30:58,260,0,18,260
2022-09-23T13:40:15,260,0,18,260
2022-09-23T13:49:45,260,0,18,260
2022-09-23T13:59:02,260,0,18,260
2022-09-23T14:08:19,260,0,18,260
2022-09-23T14:17:35,260,0,18,260
2022-09-23T14:27:03,260,0,18,260
2022-09-23T14:36:20,260,0,18,260
2022-09-23T14:45:42,260,0,18,260
2022-09-23T14:54:59,260,0,18,260
2022-09-23T15:04:28,260,0,18,260
2022-09-23T15:13:46,260,0,18,260
2022-09-23T15:23:01,259,1,18,260
2022-09-23T15:32:17,259,1,18,260
2022-09-23T15:41:43,259,1,18,260
2022-09-23T15:50:59,259,1,18,260
2022-09-23T16:00:16,259,1,18,260
2022-09-23T16:09:30,259,1,20,260
2022-09-23T16:18:57,259,1,21,260
2022-09-23T16:28:12,259,1,21,260
2022-09-23T16:37:26,259,1,21,260
2022-09-23T16:46:41,259,1,21,260
2022-09-23T16:55:56,259,1,21,260
2022-09-23T17:05:22,259,1,21,260
2022-09-23T17:14:36,259,1,21,260
2022-09-23T17:23:49,259,1,21,260
2022-09-23T17:33:03,259,1,21,260
2022-09-23T17:42:17,259,1,21,260
2022-09-23T17:51:30,259,1,21,260
2022-09-23T18:00:55,259,1,21,260
2022-09-23T18:10:09,259,1,21,260
2022-09-23T18:19:22,259,1,21,260
2022-09-23T18:28:36,259,1,21,260
2022-09-23T18:37:49,259,1,21,260
2022-09-23T18:47:02,259,1,21,260
2022-09-23T18:56:15,259,1,21,260
2022-09-23T19:05:29,259,1,21,260
2022-09-23T19:14:42,259,1,21,260
2022-09-23T19:23:54,259,1,21,260
2022-09-23T19:33:18,259,1,21,260
2022-09-23T19:42:31,259,1,21,260
2022-09-23T19:51:44,259,1,21,260
2022-09-23T20:00:57,258,2,21,260
2022-09-23T20:10:10,258,2,21,260
2022-09-23T20:19:22,258,2,21,260
2022-09-23T20:28:35,258,2,21,260
2022-09-23T20:37:47,258,2,21,260
2022-09-23T20:47:00,258,2,21,260
2022-09-23T20:56:23,258,2,21,260
2022-09-23T21:05:35,258,2,21,260
2022-09-23T21:14:49,258,2,21,260
2022-09-23T21:24:01,258,2,21,260
2022-09-23T21:33:14,258,2,21,260
2022-09-23T21:42:26,258,2,21,260
2022-09-23T21:51:37,258,2,21,260
2022-09-23T22:00:50,258,2,21,260
2022-09-23T22:10:02,258,2,21,260
2022-09-23T22:19:15,258,2,21,260
2022-09-23T22:28:27,260,0,19,260
2022-09-23T22:37:52,260,0,19,260
2022-09-23T22:47:05,260,0,19,260
2022-09-23T22:56:17,260,0,19,260
2022-09-23T23:05:30,260,0,19,260
2022-09-23T23:14:43,260,0,19,260
2022-09-23T23:23:57,260,0,19,260
2022-09-23T23:33:10,260,0,19,260
2022-09-23T23:42:23,260,0,19,260
2022-09-23T23:51:37,260,0,19,260
2022-09-24T00:00:50,260,0,19,260
2022-09-24T00:10:05,260,0,19,260
2022-09-24T00:19:23,260,0,19,260
2022-09-24T00:28:37,260,0,19,260
2022-09-24T00:37:53,260,0,19,260
2022-09-24T00:47:08,260,0,19,260
2022-09-24T00:56:24,260,0,19,260
2022-09-24T01:05:50,260,0,19,260
2022-09-24T01:15:06,260,0,19,260
2022-09-24T01:24:20,260,0,19,260
2022-09-24T01:33:35,260,0,19,260
2022-09-24T01:42:49,260,0,19,260
2022-09-24T01:52:01,260,0,19,260
2022-09-24T02:01:15,260,0,19,260
2022-09-24T02:10:27,260,0,19,260
2022-09-24T02:19:39,260,0,19,260
2022-09-24T02:28:51,260,0,19,260
2022-09-24T02:38:04,260,0,19,260
2022-09-24T02:47:16,260,0,19,260
2022-09-24T02:56:29,260,0,19,260
2022-09-24T03:05:40,260,0,19,260
2022-09-24T03:14:52,260,0,19,260
2022-09-24T03:24:03,260,0,19,260
2022-09-24T03:33:14,260,0,19,260
2022-09-24T03:42:28,260,0,19,260
2022-09-24T03:51:55,260,0,19,260
2022-09-24T04:03:24,260,0,19,260
2022-09-24T04:12:39,260,0,19,260
2022-09-24T04:25:26,260,0,19,260
2022-09-24T04:35:07,260,0,19,260
2022-09-24T04:44:23,260,0,19,260
2022-09-24T04:53:35,260,0,19,260
2022-09-24T05:02:50,260,0,19,260
2022-09-24T05:12:06,260,0,19,260
2022-09-24T05:21:49,260,0,19,260
2022-09-24T05:31:04,260,0,19,260
2022-09-24T05:40:20,260,0,19,260
2022-09-24T05:49:35,260,0,19,260
2022-09-24T05:58:50,260,0,19,260
2022-09-24T06:08:05,260,0,19,260
2022-09-24T06:17:21,260,0,19,260
2022-09-24T06:26:35,260,0,19,260
2022-09-24T06:35:50,260,0,19,260
2022-09-24T06:45:05,260,0,19,260
2022-09-24T06:54:19,260,0,19,260
2022-09-24T07:03:38,260,0,19,260
2022-09-24T07:12:53,260,0,19,260
2022-09-24T07:22:09,260,0,19,260
2022-09-24T07:31:27,260,0,19,260
2022-09-24T07:40:42,260,0,19,260
2022-09-24T07:49:58,260,0,19,260
2022-09-24T07:59:13,260,0,19,260
2022-09-24T08:08:28,260,0,19,260
2022-09-24T08:17:43,260,0,19,260
2022-09-24T08:26:58,260,0,19,260
2022-09-24T08:36:12,260,0,19,260
2022-09-24T08:45:27,260,0,19,260
2022-09-24T08:54:42,260,0,19,260
2022-09-24T09:03:56,260,0,19,260
2022-09-24T09:13:12,260,0,19,260
2022-09-24T09:22:27,260,0,19,260
2022-09-24T09:31:41,260,0,19,260
2022-09-24T09:40:55,260,0,19,260
2022-09-24T09:50:10,260,0,19,260
2022-09-24T09:59:25,260,0,19,260
2022-09-24T10:08:40,260,0,19,260
2022-09-24T10:17:55,260,0,19,260
2022-09-24T10:27:09,260,0,19,260
2022-09-24T10:36:21,260,0,19,260
2022-09-24T10:45:34,260,0,19,260
2022-09-24T10:54:46,260,0,19,260
2022-09-24T11:03:59,260,0,19,260
2022-09-24T11:13:12,260,0,19,260
2022-09-24T11:22:24,260,0,19,260
2022-09-24T11:31:47,260,0,19,260
2022-09-24T11:41:00,260,0,19,260
2022-09-24T11:50:13,260,0,19,260
2022-09-24T11:59:26,260,0,19,260
2022-09-24T12:08:39,260,0,19,260
2022-09-24T12:17:51,260,0,19,260
2022-09-24T12:27:04,260,0,19,260
2022-09-24T12:36:16,260,0,19,260
2022-09-24T12:45:29,260,0,19,260
2022-09-24T12:54:42,260,0,19,260
2022-09-24T13:03:54,260,0,19,260
2022-09-24T13:13:06,260,0,19,260
2022-09-24T13:22:19,260,0,19,260
2022-09-24T13:31:32,260,0,19,260
2022-09-24T13:40:45,260,0,19,260
2022-09-24T13:49:57,260,0,19,260
2022-09-24T13:59:10,260,0,19,260
2022-09-24T14:08:22,260,0,19,260
2022-09-24T14:17:35,260,0,19,260
2022-09-24T14:26:47,260,0,19,260
2022-09-24T14:36:08,260,0,19,260
2022-09-24T14:45:21,260,0,19,260
2022-09-24T14:54:34,260,0,19,260
2022-09-24T15:03:47,260,0,19,260
2022-09-24T15:13:00,260,0,19,260
2022-09-24T15:22:14,260,0,19,260
2022-09-24T15:31:26,260,0,19,260
2022-09-24T15:40:40,260,0,19,260
2022-09-24T15:49:54,260,0,19,260
2022-09-24T15:59:07,260,0,19,260
2022-09-24T16:08:19,260,0,19,260
2022-09-24T16:17:31,260,0,19,260
2022-09-24T16:26:43,260,0,19,260
2022-09-24T16:35:56,260,0,19,260
2022-09-24T16:45:08,260,0,18,260
2022-09-24T16:54:20,260,0,18,260
2022-09-24T17:03:44,260,0,18,260
2022-09-24T17:12:57,260,0,18,260
2022-09-24T17:22:10,260,0,18,260
2022-09-24T17:31:23,260,0,18,260
2022-09-24T17:40:36,260,0,18,260
2022-09-24T17:49:48,260,0,18,260
2022-09-24T17:59:01,260,0,18,260
2022-09-24T18:08:13,260,0,18,260
2022-09-24T18:17:26,260,0,18,260
2022-09-24T18:26:39,260,0,18,260
2022-09-24T18:35:52,260,0,18,260
2022-09-24T18:45:04,260,0,18,260
2022-09-24T18:54:17,260,0,18,260
2022-09-24T19:03:30,260,0,18,260
2022-09-24T19:12:42,260,0,18,260
2022-09-24T19:21:55,260,0,18,260
2022-09-24T19:31:08,260,0,18,260
2022-09-24T19:40:21,260,0,18,260
2022-09-24T19:49:44,260,0,18,260
2022-09-24T19:58:56,260,0,18,260
2022-09-24T20:08:08,260,0,18,260
2022-09-24T20:17:21,260,0,18,260
2022-09-24T20:26:33,260,0,18,260
2022-09-24T20:35:45,260,0,18,260
2022-09-24T20:44:58,260,0,18,260
2022-09-24T20:54:10,260,0,18,260
2022-09-24T21:03:22,260,0,18,260
2022-09-24T21:12:34,260,0,18,260
2022-09-24T21:21:47,260,0,18,260
2022-09-24T21:31:00,260,0,18,260
2022-09-24T21:40:12,260,0,18,260
2022-09-24T21:49:25,260,0,18,260
2022-09-24T21:58:37,260,0,18,260
2022-09-24T22:07:59,260,0,18,260
2022-09-24T22:17:12,260,0,18,260
2022-09-24T22:26:24,260,0,18,260
2022-09-24T22:35:36,260,0,18,260
2022-09-24T22:44:48,260,0,18,260
2022-09-24T22:53:59,260,0,18,260
2022-09-24T23:03:11,260,0,18,260
2022-09-24T23:12:25,260,0,18,260
2022-09-24T23:21:37,260,0,18,260
2022-09-24T23:30:49,260,0,18,260
2022-09-24T23:40:01,260,0,18,260
2022-09-24T23:49:13,260,0,18,260
2022-09-24T23:58:25,260,0,18,260
2022-09-25T00:07:39,260,0,18,260
2022-09-25T00:16:55,260,0,18,260
2022-09-25T00:26:09,260,0,18,260
2022-09-25T00:35:23,260,0,18,260
2022-09-25T00:44:36,260,0,18,260
2022-09-25T00:53:48,260,0,18,260
2022-09-25T01:03:00,260,0,18,260
2022-09-25T01:12:12,260,0,18,260
2022-09-25T01:21:24,260,0,18,260
2022-09-25T01:30:36,260,0,18,260
2022-09-25T01:39:47,260,0,18,260
2022-09-25T01:49:00,260,0,18,260
2022-09-25T01:58:11,260,0,18,260
2022-09-25T02:07:24,260,0,18,260
2022-09-25T02:16:35,260,0,18,260
2022-09-25T02:25:47,260,0,18,260
2022-09-25T02:35:01,260,0,18,260
2022-09-25T02:44:18,260,0,18,260
2022-09-25T02:53:35,260,0,18,260
2022-09-25T03:02:52,260,0,18,260
2022-09-25T03:12:14,260,0,18,260
2022-09-25T03:21:28,260,0,18,260
2022-09-25T03:30:44,260,0,18,260
2022-09-25T03:40:01,260,0,18,260
2022-09-25T03:49:16,260,0,18,260
2022-09-25T03:58:56,260,0,18,260
2022-09-25T04:17:53,260,0,18,260
2022-09-25T04:27:33,260,0,18,260
2022-09-25T04:36:50,260,0,18,260
2022-09-25T04:46:07,260,0,18,260
2022-09-25T04:55:23,260,0,18,260
2022-09-25T05:04:39,260,0,18,260
2022-09-25T05:13:55,260,0,18,260
2022-09-25T05:23:08,260,0,18,260
2022-09-25T05:32:21,260,0,18,260
2022-09-25T05:41:36,260,0,18,260
2022-09-25T05:50:50,260,0,18,260
2022-09-25T06:00:05,260,0,18,260
2022-09-25T06:09:19,260,0,18,260
2022-09-25T06:18:32,260,0,18,260
2022-09-25T06:27:45,260,0,18,260
2022-09-25T06:36:56,260,0,18,260
2022-09-25T06:46:08,260,0,18,260
2022-09-25T06:55:21,260,0,18,260
2022-09-25T07:04:33,260,0,18,260
2022-09-25T07:13:45,260,0,18,260
2022-09-25T07:22:57,260,0,18,260
2022-09-25T07:32:10,260,0,18,260
2022-09-25T07:41:24,260,0,18,260
2022-09-25T07:50:36,260,0,18,260
2022-09-25T07:59:49,260,0,18,260
2022-09-25T08:09:01,260,0,18,260
2022-09-25T08:18:13,260,0,18,260
2022-09-25T08:27:27,260,0,18,260
2022-09-25T08:36:39,260,0,18,260
2022-09-25T08:45:50,260,0,18,260
2022-09-25T08:55:02,259,1,18,260
2022-09-25T09:04:17,259,1,18,260
2022-09-25T09:13:28,259,1,18,260
2022-09-25T09:22:40,259,1,18,260
2022-09-25T09:31:52,259,1,18,260
2022-09-25T09:41:04,259,1,18,260
2022-09-25T09:50:16,259,1,18,260
2022-09-25T09:59:29,259,1,18,260
2022-09-25T10:08:41,259,1,18,260
2022-09-25T10:17:54,259,1,18,260
2022-09-25T10:27:07,259,1,18,260
2022-09-25T10:36:20,259,1,18,260
2022-09-25T10:58:33,259,1,18,260
2022-09-25T11:07:46,259,1,18,260
2022-09-25T11:16:58,259,1,18,260
2022-09-25T11:26:11,259,1,18,260
2022-09-25T11:35:26,259,1,18,260
2022-09-25T11:44:40,259,1,18,260
2022-09-25T11:54:03,259,1,18,260
2022-09-25T12:03:16,259,1,18,260
2022-09-25T12:12:30,259,1,18,260
2022-09-25T12:21:45,259,1,18,260
2022-09-25T12:30:59,259,1,18,260
2022-09-25T12:40:12,259,1,18,260
2022-09-25T12:49:24,259,1,18,260
2022-09-25T12:58:37,259,1,18,260
2022-09-25T13:07:53,259,1,18,260
2022-09-25T13:17:06,259,1,18,260
2022-09-25T13:26:19,259,1,18,260
2022-09-25T13:35:47,259,1,18,260
2022-09-25T13:45:06,259,1,18,260
2022-09-25T13:54:26,259,1,18,260
2022-09-25T14:03:46,259,1,18,260
2022-09-25T14:13:06,259,1,18,260
2022-09-25T14:22:25,259,1,18,260
2022-09-25T14:31:44,259,1,18,260
2022-09-25T14:41:03,259,1,18,260
2022-09-25T14:50:23,259,1,18,260
2022-09-25T14:59:43,259,1,18,260
2022-09-25T15:09:00,259,1,18,260
2022-09-25T15:18:16,259,1,18,260
2022-09-25T15:27:42,259,1,18,260
2022-09-25T15:36:55,259,1,18,260
2022-09-25T15:46:08,259,1,18,260
2022-09-25T15:55:21,259,1,18,260
2022-09-25T16:04:34,259,1,18,260
2022-09-25T16:13:47,259,1,18,260
2022-09-25T16:23:00,259,1,18,260
2022-09-25T16:32:13,259,1,18,260
2022-09-25T16:41:26,259,1,18,260
2022-09-25T16:50:38,259,1,18,260
2022-09-25T17:00:01,259,1,18,260
2022-09-25T17:09:13,259,1,18,260
2022-09-25T17:18:26,259,1,18,260
2022-09-25T17:27:39,259,1,18,260
2022-09-25T17:36:53,259,1,18,260
2022-09-25T17:46:06,259,1,18,260
2022-09-25T17:55:20,259,1,18,260
2022-09-25T18:04:33,259,1,18,260
2022-09-25T18:13:57,259,1,18,260
2022-09-25T18:23:11,259,1,17,260
2022-09-25T18:32:25,259,1,17,260
2022-09-25T18:41:37,259,1,17,260
2022-09-25T18:50:50,259,1,18,260
2022-09-25T19:00:03,259,1,18,260
2022-09-25T19:09:18,259,1,18,260
2022-09-25T19:18:32,259,1,18,260
2022-09-25T19:27:46,259,1,18,260
2022-09-25T19:37:00,259,1,18,260
2022-09-25T19:46:22,259,1,18,260
2022-09-25T19:55:35,259,1,18,260
2022-09-25T20:04:48,259,1,18,260
2022-09-25T20:14:01,259,1,18,260
2022-09-25T20:23:14,259,1,18,260
2022-09-25T20:32:27,259,1,18,260
2022-09-25T20:41:39,259,1,18,260
2022-09-25T20:50:52,259,1,18,260
2022-09-25T21:00:05,259,1,18,260
2022-09-25T21:09:18,259,1,19,260
2022-09-25T21:18:41,259,1,19,260
2022-09-25T21:27:55,259,1,19,260
2022-09-25T21:37:09,259,1,19,260
2022-09-25T21:46:23,259,1,19,260
2022-09-25T21:55:36,259,1,19,260
2022-09-25T22:04:49,259,1,19,260
2022-09-25T22:14:03,259,1,19,260
2022-09-25T22:23:17,259,1,19,260
2022-09-25T22:32:30,260,0,18,260
2022-09-25T22:41:54,260,0,18,260
2022-09-25T22:51:07,259,1,18,260
2022-09-25T23:00:20,259,1,18,260
2022-09-25T23:09:35,259,1,18,260
2022-09-25T23:18:48,259,1,18,260
2022-09-25T23:28:03,259,1,18,260
2022-09-25T23:37:17,259,1,18,260
2022-09-25T23:46:41,259,1,18,260
2022-09-25T23:55:54,258,2,18,260
2022-09-26T00:05:08,258,2,18,260
2022-09-26T00:14:24,258,2,18,260
2022-09-26T00:23:39,258,2,18,260
2022-09-26T00:32:53,258,2,18,260
2022-09-26T00:42:11,258,2,18,260
2022-09-26T00:51:26,258,2,18,260
2022-09-26T01:00:39,258,2,18,260
2022-09-26T01:09:57,259,1,18,260
2022-09-26T01:19:14,259,1,18,260
2022-09-26T01:28:30,259,1,18,260
2022-09-26T01:37:45,259,1,18,260
2022-09-26T01:46:59,259,1,18,260
2022-09-26T01:56:14,259,1,18,260
2022-09-26T02:05:38,259,1,18,260
2022-09-26T02:14:53,259,1,18,260
2022-09-26T02:24:06,259,1,18,260
2022-09-26T02:33:20,259,1,18,260
2022-09-26T02:42:34,259,1,18,260
2022-09-26T02:51:47,259,1,18,260
2022-09-26T03:01:00,259,1,18,260
2022-09-26T03:10:13,259,1,18,260
2022-09-26T03:19:27,259,1,18,260
2022-09-26T03:28:40,259,1,18,260
2022-09-26T03:37:54,259,1,18,260
2022-09-26T03:47:09,259,1,18,260
2022-09-26T03:58:13,259,1,18,260
2022-09-26T04:21:54,259,1,18,260
2022-09-26T04:31:17,259,1,18,260
2022-09-26T04:40:34,259,1,18,260
2022-09-26T04:49:50,259,1,18,260
2022-09-26T04:59:05,259,1,18,260
2022-09-26T05:08:19,259,1,18,260
2022-09-26T05:17:32,259,1,18,260
2022-09-26T05:26:44,259,1,18,260
2022-09-26T05:35:56,259,1,18,260
2022-09-26T05:45:08,259,1,18,260
2022-09-26T05:54:22,259,1,18,260
2022-09-26T06:03:36,259,1,18,260
2022-09-26T06:12:50,259,1,18,260
2022-09-26T06:22:04,259,1,18,260
2022-09-26T06:31:18,259,1,18,260
2022-09-26T06:40:31,259,1,18,260
2022-09-26T06:49:46,259,1,18,260
2022-09-26T06:58:59,259,1,18,260
2022-09-26T07:08:14,259,1,18,260
2022-09-26T07:17:28,259,1,18,260
2022-09-26T07:26:41,259,1,18,260
2022-09-26T07:35:56,259,1,18,260
2022-09-26T07:45:12,259,1,18,260
2022-09-26T07:54:26,259,1,18,260
2022-09-26T08:03:40,259,1,18,260
2022-09-26T08:12:55,259,1,18,260
2022-09-26T08:22:10,259,1,18,260
2022-09-26T08:31:26,259,1,18,260
2022-09-26T08:40:52,259,1,18,260
2022-09-26T08:50:09,259,1,18,260
2022-09-26T08:59:35,259,1,18,260
2022-09-26T09:08:53,259,1,18,260
2022-09-26T09:18:23,259,1,18,260
2022-09-26T09:27:40,259,1,18,260
2022-09-26T09:36:56,259,1,18,260
2022-09-26T09:46:13,259,1,18,260
2022-09-26T09:55:42,259,1,18,260
2022-09-26T10:05:01,259,1,18,260
2022-09-26T10:14:19,259,1,18,260
2022-09-26T10:23:36,259,1,18,260
2022-09-26T10:33:06,259,1,18,260
2022-09-26T10:42:22,258,2,18,260
2022-09-26T10:51:39,258,2,18,260
2022-09-26T11:01:08,258,2,18,260
2022-09-26T11:10:25,258,2,18,260
2022-09-26T11:19:41,258,2,18,260
2022-09-26T11:29:10,258,2,18,260
2022-09-26T11:38:27,259,1,18,260
2022-09-26T11:47:44,259,1,18,260
2022-09-26T11:57:12,259,1,18,260
2022-09-26T12:06:29,259,1,18,260
2022-09-26T12:15:45,259,1,18,260
2022-09-26T12:25:02,259,1,18,260
2022-09-26T12:34:28,259,1,18,260
2022-09-26T12:43:45,259,1,18,260
2022-09-26T12:53:02,259,1,18,260
2022-09-26T13:02:21,259,1,17,260
2022-09-26T13:11:50,259,1,17,260
2022-09-26T13:21:08,259,1,17,260
2022-09-26T13:30:27,259,1,17,260
2022-09-26T13:39:48,259,1,17,260
2022-09-26T13:49:05,259,1,17,260
2022-09-26T13:58:39,259,1,17,260
2022-09-26T14:07:56,259,1,17,260
2022-09-26T14:17:18,259,1,17,260
2022-09-26T14:26:39,259,1,17,260
2022-09-26T14:35:57,259,1,17,260
2022-09-26T14:45:14,259,1,17,260
2022-09-26T14:54:44,259,1,17,260
2022-09-26T15:04:01,259,1,17,260
2022-09-26T15:13:18,259,1,17,260
2022-09-26T15:22:36,259,1,17,260
2022-09-26T15:31:55,259,1,17,260
2022-09-26T15:41:31,259,1,17,260
2022-09-26T15:50:52,259,1,17,260
2022-09-26T16:00:11,259,1,17,260
2022-09-26T16:09:31,259,1,18,260
2022-09-26T16:18:59,259,1,18,260
2022-09-26T16:28:15,259,1,18,260
2022-09-26T16:37:31,259,1,18,260
2022-09-26T16:46:47,259,1,18,260
2022-09-26T16:56:15,259,1,18,260
2022-09-26T17:05:31,259,1,18,260
2022-09-26T17:14:47,259,1,18,260
2022-09-26T17:24:02,259,1,19,260
2022-09-26T17:33:16,259,1,19,260
2022-09-26T17:42:42,259,1,20,260
2022-09-26T17:51:57,259,1,20,260
2022-09-26T18:01:12,259,1,20,260
2022-09-26T18:10:27,259,1,20,260
2022-09-26T18:19:52,259,1,19,260
2022-09-26T18:29:07,259,1,19,260
2022-09-26T18:38:20,259,1,20,260
2022-09-26T18:47:35,259,1,20,260
2022-09-26T18:56:48,259,1,20,260
2022-09-26T19:06:03,259,1,20,260
2022-09-26T19:15:29,259,1,20,260
2022-09-26T19:24:42,259,1,20,260
2022-09-26T19:33:57,259,1,20,260
2022-09-26T19:43:11,259,1,20,260
2022-09-26T19:52:25,259,1,20,260
2022-09-26T20:01:39,259,1,20,260
2022-09-26T20:10:53,259,1,20,260
2022-09-26T20:20:18,259,1,20,260
2022-09-26T20:29:32,259,1,20,260
2022-09-26T20:38:45,259,1,20,260
2022-09-26T20:47:59,259,1,20,260
2022-09-26T20:57:12,259,1,20,260
2022-09-26T21:06:26,259,1,20,260
2022-09-26T21:15:39,259,1,20,260
2022-09-26T21:25:04,259,1,20,260
2022-09-26T21:34:17,259,1,20,260
2022-09-26T21:43:31,259,1,20,260
2022-09-26T21:52:44,259,1,20,260
2022-09-26T22:01:56,259,1,20,260
2022-09-26T22:11:10,259,1,20,260
2022-09-26T22:20:23,259,1,20,260
2022-09-26T22:29:36,260,0,19,260
2022-09-26T22:39:01,260,0,19,260
2022-09-26T22:48:14,260,0,19,260
2022-09-26T22:57:27,260,0,19,260
2022-09-26T23:06:41,260,0,19,260
2022-09-26T23:15:55,260,0,19,260
2022-09-26T23:25:09,260,0,19,260
2022-09-26T23:34:23,260,0,19,260
2022-09-26T23:43:36,260,0,19,260
2022-09-26T23:52:50,260,0,19,260
2022-09-27T00:02:05,260,0,19,260
2022-09-27T00:11:33,260,0,19,260
2022-09-27T00:20:50,260,0,19,260
2022-09-27T00:30:05,260,0,19,260
2022-09-27T00:39:21,260,0,19,260
2022-09-27T00:48:37,260,0,19,260
2022-09-27T00:57:53,260,0,19,260
2022-09-27T01:07:08,260,0,19,260
2022-09-27T01:16:22,260,0,19,260
2022-09-27T01:25:36,260,0,19,260
2022-09-27T01:34:52,260,0,19,260
2022-09-27T01:44:06,260,0,19,260
2022-09-27T01:53:19,260,0,19,260
2022-09-27T02:02:32,260,0,19,260
2022-09-27T02:11:44,260,0,19,260
2022-09-27T02:20:57,260,0,19,260
2022-09-27T02:30:10,260,0,19,260
2022-09-27T02:39:23,260,0,19,260
2022-09-27T02:48:34,260,0,19,260
2022-09-27T02:57:47,260,0,19,260
2022-09-27T03:06:59,260,0,19,260
2022-09-27T03:16:11,260,0,19,260
2022-09-27T03:25:22,260,0,19,260
2022-09-27T03:34:34,260,0,19,260
2022-09-27T03:43:48,260,0,19,260
2022-09-27T03:53:02,260,0,19,260
2022-09-27T04:04:00,260,0,19,260
2022-09-27T04:14:04,260,0,19,260
2022-09-27T04:30:18,260,0,19,260
2022-09-27T04:40:00,260,0,19,260
2022-09-27T04:49:18,260,0,19,260
2022-09-27T04:58:35,260,0,19,260
2022-09-27T05:07:52,260,0,19,260
2022-09-27T05:17:06,260,0,19,260
2022-09-27T05:26:19,260,0,19,260
2022-09-27T05:35:36,260,0,19,260
2022-09-27T05:44:52,260,0,19,260
2022-09-27T05:54:06,260,0,19,260
2022-09-27T06:03:21,260,0,19,260
2022-09-27T06:12:37,260,0,19,260
2022-09-27T06:21:52,260,0,19,260
2022-09-27T06:31:08,260,0,19,260
2022-09-27T06:40:22,260,0,19,260
2022-09-27T06:49:38,260,0,19,260
2022-09-27T06:58:53,260,0,19,260
2022-09-27T07:08:10,260,0,19,260
2022-09-27T07:17:28,260,0,19,260
2022-09-27T07:26:44,260,0,19,260
2022-09-27T07:36:00,260,0,19,260
2022-09-27T07:45:15,260,0,19,260
2022-09-27T07:54:31,260,0,19,260
2022-09-27T08:03:46,260,0,19,260
2022-09-27T08:13:01,260,0,19,260
2022-09-27T08:22:16,260,0,19,260
2022-09-27T08:31:33,260,0,19,260
2022-09-27T08:40:48,260,0,19,260
2022-09-27T08:50:14,260,0,19,260
2022-09-27T08:59:32,260,0,19,260
2022-09-27T09:08:49,260,0,19,260
2022-09-27T09:18:05,260,0,19,260
2022-09-27T09:27:22,260,0,19,260
2022-09-27T09:36:44,260,0,19,260
2022-09-27T09:46:03,260,0,19,260
2022-09-27T09:55:21,260,0,19,260
2022-09-27T10:04:48,260,0,19,260
2022-09-27T10:14:06,260,0,19,260
2022-09-27T10:23:23,260,0,19,260
2022-09-27T10:32:41,260,0,19,260
2022-09-27T10:41:58,260,0,19,260
2022-09-27T10:51:29,260,0,19,260
2022-09-27T11:00:48,260,0,19,260
2022-09-27T11:10:07,260,0,19,260
2022-09-27T11:19:24,260,0,19,260
2022-09-27T11:28:51,260,0,19,260
2022-09-27T11:38:09,260,0,19,260
2022-09-27T11:47:26,260,0,19,260
2022-09-27T11:56:43,260,0,19,260
2022-09-27T12:06:00,260,0,19,260
2022-09-27T12:15:29,260,0,19,260
2022-09-27T12:24:47,260,0,19,260
2022-09-27T12:34:06,260,0,19,260
2022-09-27T12:43:23,260,0,19,260
2022-09-27T12:52:40,260,0,19,260
2022-09-27T13:02:08,260,0,19,260
2022-09-27T13:11:26,260,0,19,260
2022-09-27T13:20:46,260,0,19,260
2022-09-27T13:30:04,260,0,19,260
2022-09-27T13:39:23,260,0,19,260
2022-09-27T13:48:53,260,0,19,260
2022-09-27T13:58:12,260,0,19,260
2022-09-27T14:07:36,260,0,19,260
2022-09-27T14:16:59,260,0,19,260
2022-09-27T14:26:29,260,0,19,260
2022-09-27T14:35:46,260,0,19,260
2022-09-27T14:45:03,260,0,19,260
2022-09-27T14:54:20,260,0,19,260
2022-09-27T15:03:48,260,0,19,260
2022-09-27T15:13:07,260,0,19,260
2022-09-27T15:22:25,260,0,18,260
2022-09-27T15:31:43,260,0,18,260
2022-09-27T15:41:11,260,0,18,260
2022-09-27T15:50:28,260,0,18,260
2022-09-27T15:59:45,260,0,18,260
2022-09-27T16:09:00,260,0,18,260
2022-09-27T16:18:30,260,0,18,260
2022-09-27T16:27:47,260,0,18,260
2022-09-27T16:37:05,260,0,18,260
2022-09-27T16:46:22,260,0,18,260
2022-09-27T16:55:39,260,0,18,260
2022-09-27T17:05:07,260,0,18,260
2022-09-27T17:14:25,260,0,18,260
2022-09-27T17:23:40,260,0,18,260
2022-09-27T17:32:56,260,0,18,260
2022-09-27T17:42:12,260,0,18,260
2022-09-27T17:51:28,260,0,18,260
2022-09-27T18:00:55,260,0,18,260
2022-09-27T18:10:12,260,0,18,260
2022-09-27T18:19:29,260,0,18,260
2022-09-27T18:28:45,260,0,18,260
2022-09-27T18:38:01,260,0,18,260
2022-09-27T18:47:17,260,0,18,260
2022-09-27T18:56:33,260,0,18,260
2022-09-27T19:05:59,260,0,18,260
2022-09-27T19:15:15,260,0,18,260
2022-09-27T19:24:30,260,0,18,260
2022-09-27T19:33:45,260,0,18,260
2022-09-27T19:43:00,260,0,18,260
2022-09-27T19:52:15,260,0,18,260
2022-09-27T20:01:42,260,0,18,260
2022-09-27T20:10:57,260,0,18,260
2022-09-27T20:20:13,260,0,18,260
2022-09-27T20:29:28,260,0,18,260
2022-09-27T20:38:43,260,0,18,260
2022-09-27T20:47:58,260,0,18,260
2022-09-27T20:57:12,260,0,18,260
2022-09-27T21:06:27,260,0,18,260
2022-09-27T21:15:41,260,0,18,260
2022-09-27T21:24:56,260,0,18,260
2022-09-27T21:34:22,260,0,18,260
2022-09-27T21:43:37,260,0,18,260
2022-09-27T21:52:52,260,0,18,260
2022-09-27T22:02:07,260,0,18,260
2022-09-27T22:11:22,260,0,18,260
2022-09-27T22:20:37,260,0,18,260
2022-09-27T22:29:52,260,0,18,260
2022-09-27T22:39:07,260,0,19,260
2022-09-27T22:48:22,260,0,19,260
2022-09-27T22:57:48,260,0,19,260
2022-09-27T23:07:03,260,0,19,260
2022-09-27T23:16:19,260,0,19,260
2022-09-27T23:25:34,260,0,19,260
2022-09-27T23:34:49,260,0,19,260
2022-09-27T23:44:03,260,0,19,260
2022-09-27T23:53:17,260,0,19,260
2022-09-28T00:02:31,260,0,19,260
2022-09-28T00:11:47,260,0,18,260
2022-09-28T00:21:03,260,0,19,260
2022-09-28T00:30:19,260,0,19,260
2022-09-28T00:39:35,260,0,19,260
2022-09-28T00:49:03,260,0,19,260
2022-09-28T00:58:19,260,0,19,260
2022-09-28T01:07:35,260,0,19,260
2022-09-28T01:16:52,260,0,19,260
2022-09-28T01:26:09,260,0,19,260
2022-09-28T01:35:26,260,0,19,260
2022-09-28T01:44:42,260,0,19,260
2022-09-28T01:53:56,260,0,19,260
2022-09-28T02:03:10,260,0,19,260
2022-09-28T02:12:26,260,0,19,260
2022-09-28T02:21:44,260,0,19,260
2022-09-28T02:31:00,260,0,19,260
2022-09-28T02:40:17,260,0,19,260
2022-09-28T02:49:33,260,0,19,260
2022-09-28T02:58:49,260,0,19,260
2022-09-28T03:08:04,260,0,19,260
2022-09-28T03:17:18,260,0,19,260
2022-09-28T03:26:32,260,0,19,260
2022-09-28T03:35:47,260,0,19,260
2022-09-28T03:45:04,260,0,19,260
2022-09-28T03:54:21,260,0,19,260
2022-09-28T04:03:37,260,0,19,260
2022-09-28T04:20:35,260,0,19,260
2022-09-28T04:30:16,260,0,19,260
2022-09-28T04:39:33,260,0,19,260
2022-09-28T04:48:50,260,0,19,260
2022-09-28T04:58:08,260,0,19,260
2022-09-28T05:07:25,260,0,19,260
2022-09-28T05:16:40,260,0,19,260
2022-09-28T05:25:53,260,0,19,260
2022-09-28T05:35:06,260,0,19,260
2022-09-28T05:44:20,260,0,19,260
2022-09-28T05:53:34,260,0,19,260
2022-09-28T06:02:48,260,0,19,260
2022-09-28T06:12:03,260,0,19,260
2022-09-28T06:21:18,260,0,19,260
2022-09-28T06:30:31,260,0,19,260
2022-09-28T06:39:45,260,0,19,260
2022-09-28T06:48:59,260,0,19,260
2022-09-28T06:58:13,260,0,19,260
2022-09-28T07:07:28,260,0,19,260
2022-09-28T07:16:43,260,0,19,260
2022-09-28T07:25:57,260,0,19,260
2022-09-28T07:35:15,260,0,19,260
2022-09-28T07:44:32,260,0,19,260
2022-09-28T07:53:47,260,0,18,260
2022-09-28T08:03:03,260,0,18,260
2022-09-28T08:12:18,260,0,18,260
2022-09-28T08:21:33,260,0,18,260
2022-09-28T08:30:49,260,0,17,260
2022-09-28T08:40:05,260,0,17,260
2022-09-28T08:49:22,260,0,17,260
2022-09-28T08:58:40,260,0,17,260
2022-09-28T09:08:22,260,0,17,260
2022-09-28T09:17:40,260,0,17,260
2022-09-28T09:26:57,260,0,17,260
2022-09-28T09:36:14,260,0,17,260
2022-09-28T09:45:33,260,0,18,260
2022-09-28T09:54:53,260,0,18,260
2022-09-28T10:04:13,260,0,18,260
2022-09-28T10:13:44,260,0,18,260
2022-09-28T10:23:03,260,0,18,260
2022-09-28T10:32:21,260,0,18,260
2022-09-28T10:41:40,260,0,18,260
2022-09-28T10:50:58,260,0,18,260
2022-09-28T11:00:20,260,0,18,260
2022-09-28T11:09:51,260,0,18,260
2022-09-28T11:19:10,260,0,18,260
2022-09-28T11:28:29,260,0,18,260
2022-09-28T11:37:48,260,0,18,260
2022-09-28T11:47:04,260,0,17,260
2022-09-28T11:56:34,260,0,17,260
2022-09-28T12:05:52,260,0,17,260
2022-09-28T12:15:09,260,0,17,260
2022-09-28T12:24:26,260,0,17,260
2022-09-28T12:33:43,260,0,17,260
2022-09-28T12:43:11,260,0,17,260
2022-09-28T12:52:27,260,0,17,260
2022-09-28T13:01:45,260,0,17,260
2022-09-28T13:11:03,260,0,17,260
2022-09-28T13:20:20,260,0,17,260
2022-09-28T13:29:48,260,0,17,260
2022-09-28T13:39:07,260,0,17,260
2022-09-28T13:48:26,260,0,17,260
2022-09-28T13:57:45,260,0,17,260
2022-09-28T14:07:02,260,0,17,260
2022-09-28T14:16:19,260,0,17,260
2022-09-28T14:25:36,260,0,17,260
2022-09-28T14:35:04,260,0,17,260
2022-09-28T14:44:20,260,0,17,260
2022-09-28T14:53:37,260,0,17,260
2022-09-28T15:02:54,260,0,17,260
2022-09-28T15:12:10,260,0,17,260
2022-09-28T15:21:28,260,0,17,260
2022-09-28T15:30:44,260,0,17,260
2022-09-28T15:40:00,260,0,17,260
2022-09-28T15:49:28,260,0,17,260
2022-09-28T15:58:45,260,0,17,260
2022-09-28T16:08:01,260,0,17,260
2022-09-28T16:17:17,260,0,17,260
2022-09-28T16:26:32,260,0,17,260
2022-09-28T16:35:48,260,0,17,260
2022-09-28T16:45:14,260,0,17,260
2022-09-28T16:54:31,260,0,17,260
2022-09-28T17:03:47,260,0,17,260
2022-09-28T17:13:03,260,0,17,260
2022-09-28T17:22:18,260,0,17,260
2022-09-28T17:31:33,260,0,17,260
2022-09-28T17:40:59,260,0,17,260
2022-09-28T17:50:15,260,0,17,260
2022-09-28T17:59:31,260,0,17,260
2022-09-28T18:08:47,260,0,17,260
2022-09-28T18:18:02,260,0,17,260
2022-09-28T18:27:17,260,0,17,260
2022-09-28T18:36:35,260,0,17,260
2022-09-28T18:45:50,260,0,17,260
2022-09-28T18:55:15,260,0,17,260
2022-09-28T19:04:30,260,0,17,260
2022-09-28T19:13:44,260,0,17,260
2022-09-28T19:22:58,260,0,17,260
2022-09-28T19:32:12,260,0,17,260
2022-09-28T19:41:26,260,0,17,260
2022-09-28T19:50:40,260,0,17,260
2022-09-28T19:59:55,260,0,17,260
2022-09-28T20:09:11,260,0,17,260
2022-09-28T20:18:36,260,0,17,260
2022-09-28T20:27:51,260,0,17,260
2022-09-28T20:37:05,260,0,17,260
2022-09-28T20:46:19,260,0,17,260
2022-09-28T20:55:33,260,0,17,260
2022-09-28T21:04:47,260,0,17,260
2022-09-28T21:14:02,260,0,17,260
2022-09-28T21:23:17,260,0,17,260
2022-09-28T21:32:32,260,0,17,260
2022-09-28T21:41:47,260,0,17,260
2022-09-28T21:51:02,260,0,17,260
2022-09-28T22:00:26,260,0,17,260
2022-09-28T22:09:41,260,0,17,260
2022-09-28T22:18:55,260,0,17,260
2022-09-28T22:28:10,260,0,17,260
2022-09-28T22:37:23,260,0,17,260
2022-09-28T22:46:36,260,0,17,260
2022-09-28T22:55:50,260,0,17,260
2022-09-28T23:05:04,260,0,17,260
2022-09-28T23:14:19,260,0,17,260
2022-09-28T23:23:32,260,0,17,260
2022-09-28T23:32:58,260,0,17,260
2022-09-28T23:42:12,260,0,17,260
2022-09-28T23:51:26,260,0,17,260
2022-09-29T00:00:40,260,0,18,260
2022-09-29T00:09:56,260,0,18,260
2022-09-29T00:19:17,260,0,18,260
2022-09-29T00:28:33,260,0,18,260
2022-09-29T00:37:50,260,0,18,260
2022-09-29T00:47:06,260,0,18,260
2022-09-29T00:56:23,260,0,18,260
2022-09-29T01:05:40,260,0,18,260
2022-09-29T01:14:56,260,0,18,260
2022-09-29T01:24:10,260,0,18,260
2022-09-29T01:33:25,260,0,18,260
2022-09-29T01:42:40,260,0,18,260
2022-09-29T01:51:54,260,0,18,260
2022-09-29T02:01:18,260,0,18,260
2022-09-29T02:10:31,260,0,18,260
2022-09-29T02:19:44,260,0,18,260
2022-09-29T02:28:58,260,0,18,260
2022-09-29T02:38:14,260,0,18,260
2022-09-29T02:47:27,260,0,18,260
2022-09-29T02:56:42,260,0,18,260
2022-09-29T03:05:55,260,0,18,260
2022-09-29T03:15:08,260,0,18,260
2022-09-29T03:24:20,260,0,18,260
2022-09-29T03:33:33,260,0,18,260
2022-09-29T03:42:46,260,0,18,260
2022-09-29T03:54:21,260,0,18,260
2022-09-29T04:03:42,260,0,18,260
2022-09-29T04:16:03,260,0,18,260
2022-09-29T04:25:43,260,0,17,260
2022-09-29T04:35:00,260,0,17,260
2022-09-29T04:44:19,260,0,17,260
2022-09-29T04:53:37,260,0,17,260
2022-09-29T05:02:54,260,0,17,260
2022-09-29T05:12:12,260,0,17,260
2022-09-29T05:21:34,260,0,17,260
2022-09-29T05:30:51,260,0,17,260
2022-09-29T05:40:08,260,0,17,260
2022-09-29T05:49:24,260,0,17,260
2022-09-29T05:58:41,260,0,17,260
2022-09-29T06:07:57,260,0,17,260
2022-09-29T06:17:12,260,0,17,260
2022-09-29T06:26:28,260,0,17,260
2022-09-29T06:35:41,260,0,17,260
2022-09-29T06:44:56,260,0,17,260
2022-09-29T06:54:13,260,0,17,260
2022-09-29T07:03:29,260,0,17,260
2022-09-29T07:12:45,260,0,17,260
2022-09-29T07:22:00,260,0,17,260
2022-09-29T07:31:15,260,0,17,260
2022-09-29T07:40:31,260,0,17,260
2022-09-29T07:49:48,260,0,17,260
2022-09-29T07:59:04,260,0,17,260
2022-09-29T08:08:20,260,0,17,260
2022-09-29T08:17:36,260,0,17,260
2022-09-29T08:26:51,260,0,17,260
2022-09-29T08:36:18,260,0,17,260
2022-09-29T08:45:37,260,0,17,260
2022-09-29T08:54:53,260,0,17,260
2022-09-29T09:04:09,260,0,17,260
2022-09-29T09:13:24,260,0,17,260
2022-09-29T09:22:40,260,0,17,260
2022-09-29T09:32:06,260,0,17,260
2022-09-29T09:41:22,260,0,17,260
2022-09-29T09:50:39,260,0,17,260
2022-09-29T09:59:55,260,0,17,260
2022-09-29T10:09:14,260,0,17,260
2022-09-29T10:18:31,260,0,17,260
2022-09-29T10:28:01,260,0,17,260
2022-09-29T10:37:17,260,0,17,260
2022-09-29T10:46:33,260,0,17,260
2022-09-29T10:55:50,260,0,17,260
2022-09-29T11:05:08,260,0,17,260
2022-09-29T11:15:09,260,0,17,260
2022-09-29T11:24:37,260,0,17,260
2022-09-29T11:33:54,260,0,17,260
2022-09-29T11:43:11,260,0,17,260
2022-09-29T11:52:27,260,0,18,260
2022-09-29T12:01:44,260,0,18,260
2022-09-29T12:11:00,260,0,18,260
2022-09-29T12:20:16,260,0,18,260
2022-09-29T12:29:45,260,0,18,260
2022-09-29T12:39:01,260,0,18,260
2022-09-29T12:48:16,260,0,18,260
2022-09-29T12:57:32,260,0,18,260
2022-09-29T13:06:47,260,0,18,260
2022-09-29T13:16:04,260,0,18,260
2022-09-29T13:25:21,260,0,18,260
2022-09-29T13:34:38,260,0,18,260
2022-09-29T13:44:07,260,0,18,260
2022-09-29T13:53:27,260,0,18,260
2022-09-29T14:02:48,260,0,18,260
2022-09-29T14:12:06,260,0,18,260
2022-09-29T14:21:24,260,0,19,260
2022-09-29T14:30:42,260,0,19,260
2022-09-29T14:40:00,260,0,19,260
2022-09-29T14:49:29,260,0,19,260
2022-09-29T14:58:45,260,0,19,260
2022-09-29T15:08:02,260,0,19,260
2022-09-29T15:17:21,260,0,19,260
2022-09-29T15:26:39,260,0,19,260
2022-09-29T15:35:57,260,0,19,260
2022-09-29T15:45:14,260,0,19,260
2022-09-29T15:54:41,259,1,18,260
2022-09-29T16:03:59,259,1,18,260
2022-09-29T16:13:16,259,1,18,260
2022-09-29T16:22:31,259,1,18,260
2022-09-29T16:31:46,259,1,18,260
2022-09-29T16:41:02,259,1,18,260
2022-09-29T16:50:18,259,1,18,260
2022-09-29T16:59:45,259,1,18,260
2022-09-29T17:09:00,259,1,19,260
2022-09-29T17:18:16,259,1,19,260
2022-09-29T17:27:30,259,1,19,260
2022-09-29T17:36:45,259,1,19,260
2022-09-29T17:45:59,259,1,19,260
2022-09-29T17:55:14,259,1,19,260
2022-09-29T18:04:28,259,1,19,260
2022-09-29T18:13:42,259,1,19,260
2022-09-29T18:23:08,259,1,19,260
2022-09-29T18:32:23,259,1,19,260
2022-09-29T18:41:37,259,1,19,260
2022-09-29T18:50:51,259,1,19,260
2022-09-29T19:00:05,259,1,19,260
2022-09-29T19:09:20,259,1,19,260
2022-09-29T19:18:34,259,1,19,260
2022-09-29T19:27:48,259,1,19,260
2022-09-29T19:37:02,259,1,19,260
2022-09-29T19:46:15,259,1,19,260
2022-09-29T19:55:30,259,1,19,260
2022-09-29T20:04:55,259,1,19,260
2022-09-29T20:14:09,259,1,19,260
2022-09-29T20:23:23,259,1,19,260
2022-09-29T20:32:36,259,1,19,260
2022-09-29T20:41:50,259,1,19,260
2022-09-29T20:51:04,259,1,19,260
2022-09-29T21:00:29,259,1,19,260
2022-09-29T21:09:43,259,1,19,260
2022-09-29T21:18:57,259,1,19,260
2022-09-29T21:28:11,259,1,19,260
2022-09-29T21:37:25,259,1,19,260
2022-09-29T21:46:40,259,1,19,260
2022-09-29T21:55:54,259,1,19,260
2022-09-29T22:05:08,259,1,19,260
2022-09-29T22:14:23,259,1,19,260
2022-09-29T22:23:36,259,1,19,260
2022-09-29T22:32:50,259,1,19,260
2022-09-29T22:42:16,259,1,19,260
2022-09-29T22:51:30,259,1,19,260
2022-09-29T23:00:44,259,1,19,260
2022-09-29T23:09:59,259,1,19,260
2022-09-29T23:19:12,259,1,19,260
2022-09-29T23:28:26,259,1,19,260
2022-09-29T23:37:39,259,1,19,260
2022-09-29T23:46:53,259,1,19,260
2022-09-29T23:56:06,259,1,19,260
2022-09-30T00:05:20,259,1,19,260
2022-09-30T00:14:37,259,1,19,260
2022-09-30T00:23:54,259,1,19,260
2022-09-30T00:33:09,259,1,19,260
2022-09-30T00:42:25,259,1,19,260
2022-09-30T00:51:41,259,1,19,260
2022-09-30T01:01:07,259,1,19,260
2022-09-30T01:10:23,259,1,19,260
2022-09-30T01:19:40,259,1,19,260
2022-09-30T01:28:57,259,1,19,260
2022-09-30T01:38:14,259,1,19,260
2022-09-30T01:47:29,259,1,19,260
2022-09-30T01:56:43,259,1,19,260
2022-09-30T02:05:59,259,1,19,260
2022-09-30T02:15:13,259,1,19,260
2022-09-30T02:24:29,259,1,19,260
2022-09-30T02:33:45,259,1,18,260
2022-09-30T02:43:01,259,1,18,260
2022-09-30T02:52:16,259,1,18,260
2022-09-30T03:01:31,259,1,18,260
2022-09-30T03:10:45,259,1,18,260
2022-09-30T03:19:58,259,1,18,260
2022-09-30T03:29:12,259,1,18,260
2022-09-30T03:38:26,259,1,18,260
2022-09-30T03:47:42,259,1,18,260
2022-09-30T03:56:58,259,1,18,260
2022-09-30T04:06:14,259,1,18,260
2022-09-30T04:24:33,259,1,18,260
2022-09-30T04:34:17,259,1,18,260
2022-09-30T04:43:35,259,1,18,260
2022-09-30T04:52:52,259,1,18,260
2022-09-30T05:02:10,259,1,18,260
2022-09-30T05:11:27,259,1,18,260
2022-09-30T05:20:43,259,1,18,260
2022-09-30T05:29:57,259,1,18,260
2022-09-30T05:39:11,259,1,18,260
2022-09-30T05:48:25,259,1,18,260
2022-09-30T05:57:39,259,1,18,260
2022-09-30T06:06:54,259,1,18,260
2022-09-30T06:16:08,259,1,18,260
2022-09-30T06:25:22,259,1,18,260
2022-09-30T06:34:35,259,1,18,260
2022-09-30T06:43:49,259,1,18,260
2022-09-30T06:53:01,259,1,18,260
2022-09-30T07:02:14,259,1,18,260
2022-09-30T07:11:28,259,1,18,260
2022-09-30T07:20:42,259,1,18,260
2022-09-30T07:29:55,259,1,18,260
2022-09-30T07:39:09,259,1,18,260
2022-09-30T07:48:23,259,1,18,260
2022-09-30T07:57:38,259,1,18,260
2022-09-30T08:06:55,259,1,18,260
2022-09-30T08:16:11,259,1,18,260
2022-09-30T08:25:26,259,1,18,260
2022-09-30T08:34:40,259,1,18,260
2022-09-30T08:43:55,259,1,18,260
2022-09-30T08:53:20,259,1,18,260
2022-09-30T09:02:37,259,1,18,260
2022-09-30T09:11:53,259,1,18,260
2022-09-30T09:21:09,259,1,18,260
2022-09-30T09:30:24,259,1,18,260
2022-09-30T09:39:39,259,1,18,260
2022-09-30T09:48:55,259,1,18,260
2022-09-30T09:58:11,259,1,18,260
2022-09-30T10:07:27,259,1,18,260
2022-09-30T10:16:43,259,1,18,260
2022-09-30T10:25:58,259,1,18,260
2022-09-30T10:35:25,259,1,18,260
2022-09-30T10:44:41,259,1,18,260
2022-09-30T10:53:56,259,1,18,260
2022-09-30T11:03:13,259,1,19,260
2022-09-30T11:12:28,259,1,19,260
2022-09-30T11:21:43,259,1,19,260
2022-09-30T11:31:00,259,1,18,260
2022-09-30T11:40:26,259,1,18,260
2022-09-30T11:49:41,259,1,18,260
2022-09-30T11:58:57,259,1,18,260
2022-09-30T12:08:12,259,1,18,260
2022-09-30T12:17:28,259,1,18,260
2022-09-30T12:26:42,259,1,18,260
2022-09-30T12:35:57,259,1,18,260
2022-09-30T12:45:12,259,1,18,260
2022-09-30T12:54:27,259,1,18,260
2022-09-30T13:03:53,259,1,18,260
2022-09-30T13:13:08,259,1,18,260
2022-09-30T13:22:23,259,1,18,260
2022-09-30T13:31:38,259,1,18,260
2022-09-30T13:40:53,259,1,18,260
2022-09-30T13:50:08,259,1,18,260
2022-09-30T13:59:23,259,1,18,260
2022-09-30T14:08:39,259,1,18,260
2022-09-30T14:17:54,259,1,18,260
2022-09-30T14:27:20,259,1,18,260
2022-09-30T14:36:35,259,1,18,260
2022-09-30T14:45:54,259,1,18,260
2022-09-30T14:55:09,259,1,18,260
2022-09-30T15:04:24,259,1,18,260
2022-09-30T15:13:40,259,1,18,260
2022-09-30T15:22:55,259,1,18,260
2022-09-30T15:32:13,259,1,18,260
2022-09-30T15:41:29,259,1,18,260
2022-09-30T15:50:45,259,1,18,260
2022-09-30T16:00:13,259,1,18,260
2022-09-30T16:09:31,259,1,18,260
2022-09-30T16:18:50,259,1,18,260
2022-09-30T16:28:09,259,1,18,260
2022-09-30T16:37:25,259,1,18,260
2022-09-30T16:46:39,259,1,18,260
2022-09-30T16:55:55,259,1,18,260
2022-09-30T17:05:13,259,1,18,260
2022-09-30T17:14:30,259,1,18,260
2022-09-30T17:23:44,259,1,18,260
2022-09-30T17:32:59,259,1,18,260
2022-09-30T17:42:12,259,1,18,260
2022-09-30T17:51:29,259,1,18,260
2022-09-30T18:00:45,259,1,18,260
2022-09-30T18:10:13,259,1,18,260
2022-09-30T18:19:30,259,1,18,260
2022-09-30T18:28:45,259,1,18,260
2022-09-30T18:38:02,259,1,18,260
2022-09-30T18:47:21,259,1,18,260
2022-09-30T18:56:34,259,1,18,260
2022-09-30T19:05:48,259,1,18,260
2022-09-30T19:15:02,259,1,18,260
2022-09-30T19:24:20,259,1,18,260
2022-09-30T19:33:38,259,1,18,260
2022-09-30T19:42:56,259,1,18,260
2022-09-30T19:52:18,259,1,18,260
2022-09-30T20:01:40,259,1,18,260
2022-09-30T20:11:03,259,1,18,260
2022-09-30T20:20:25,259,1,18,260
2022-09-30T20:29:45,259,1,18,260
2022-09-30T20:39:05,259,1,18,260
2022-09-30T20:48:36,259,1,18,260
2022-09-30T20:57:57,259,1,18,260
2022-09-30T21:07:16,259,1,18,260
2022-09-30T21:16:37,259,1,18,260
2022-09-30T21:25:54,259,1,18,260
2022-09-30T21:35:10,259,1,18,260
2022-09-30T21:44:28,259,1,18,260
2022-09-30T21:53:42,259,1,18,260
2022-09-30T22:02:58,259,1,18,260
2022-09-30T22:12:11,259,1,18,260
2022-09-30T22:21:29,259,1,18,260
2022-09-30T22:30:45,260,0,17,260
2022-09-30T22:39:59,260,0,17,260
2022-09-30T22:49:16,260,0,17,260
2022-09-30T22:58:35,260,0,17,260
2022-09-30T23:07:49,260,0,17,260
2022-09-30T23:17:10,260,0,17,260
2022-09-30T23:26:30,260,0,17,260
2022-09-30T23:35:48,260,0,17,260
2022-09-30T23:45:05,260,0,17,260
2022-09-30T23:54:21,260,0,17,260
2022-10-01T00:03:49,260,0,17,260
2022-10-01T00:13:08,260,0,17,260
2022-10-01T00:22:28,260,0,17,260
2022-10-01T00:31:47,260,0,17,260
2022-10-01T00:41:08,260,0,17,260
2022-10-01T00:50:23,260,0,17,260
2022-10-01T00:59:37,260,0,17,260
2022-10-01T01:08:51,260,0,17,260
2022-10-01T01:18:04,260,0,17,260
2022-10-01T01:27:17,260,0,17,260
2022-10-01T01:36:31,260,0,17,260
2022-10-01T01:45:43,260,0,17,260
2022-10-01T01:54:56,260,0,17,260
2022-10-01T02:04:10,260,0,17,260
2022-10-01T02:13:23,260,0,17,260
2022-10-01T02:22:35,260,0,17,260
2022-10-01T02:31:47,260,0,17,260
2022-10-01T02:41:00,260,0,17,260
2022-10-01T02:50:13,260,0,17,260
2022-10-01T02:59:25,260,0,17,260
2022-10-01T03:08:36,260,0,17,260
2022-10-01T03:17:50,260,0,17,260
2022-10-01T03:27:05,260,0,17,260
2022-10-01T03:36:19,260,0,17,260
2022-10-01T03:45:36,260,0,17,260
2022-10-01T03:54:51,260,0,17,260
2022-10-01T04:04:07,260,0,17,260
2022-10-01T04:21:06,260,0,17,260
2022-10-01T04:30:56,260,0,17,260
2022-10-01T04:40:13,260,0,17,260
2022-10-01T04:49:28,260,0,17,260
2022-10-01T04:58:42,260,0,17,260
2022-10-01T05:07:55,260,0,17,260
2022-10-01T05:17:07,260,0,17,260
2022-10-01T05:26:19,260,0,17,260
2022-10-01T05:35:32,260,0,17,260
2022-10-01T05:44:46,260,0,17,260
2022-10-01T05:53:59,260,0,17,260
2022-10-01T06:03:13,260,0,17,260
2022-10-01T06:12:27,260,0,17,260
2022-10-01T06:21:43,260,0,17,260
2022-10-01T06:30:57,260,0,17,260
2022-10-01T06:40:09,260,0,17,260
2022-10-01T06:49:22,260,0,17,260
2022-10-01T06:58:35,260,0,17,260
2022-10-01T07:07:48,260,0,17,260
2022-10-01T07:17:03,260,0,17,260
2022-10-01T07:26:15,260,0,17,260
2022-10-01T07:35:31,260,0,17,260
2022-10-01T07:45:40,260,0,17,260
2022-10-01T07:54:56,260,0,17,260
2022-10-01T08:04:11,260,0,17,260
2022-10-01T08:13:28,260,0,17,260
2022-10-01T08:22:43,260,0,17,260
2022-10-01T08:31:59,260,0,17,260
2022-10-01T08:41:14,260,0,17,260
2022-10-01T08:50:30,260,0,17,260
2022-10-01T08:59:45,260,0,17,260
2022-10-01T09:09:04,260,0,17,260
2022-10-01T09:18:21,260,0,17,260
2022-10-01T09:27:38,260,0,17,260
2022-10-01T09:36:53,260,0,17,260
2022-10-01T09:46:09,260,0,17,260
2022-10-01T09:55:25,260,0,17,260
2022-10-01T10:04:42,260,0,17,260
2022-10-01T10:13:57,260,0,17,260
2022-10-01T10:23:28,260,0,17,260
2022-10-01T10:32:43,260,0,17,260
2022-10-01T10:41:58,260,0,17,260
2022-10-01T10:51:13,260,0,17,260
2022-10-01T11:00:28,260,0,17,260
2022-10-01T11:09:42,260,0,17,260
2022-10-01T11:18:58,260,0,17,260
2022-10-01T11:28:12,260,0,17,260
2022-10-01T11:37:27,260,0,17,260
2022-10-01T11:46:41,260,0,17,260
2022-10-01T11:55:56,260,0,17,260
2022-10-01T12:05:20,260,0,17,260
2022-10-01T12:14:34,260,0,17,260
2022-10-01T12:23:47,260,0,17,260
2022-10-01T12:32:59,260,0,17,260
2022-10-01T12:42:12,260,0,17,260
2022-10-01T12:51:25,260,0,17,260
2022-10-01T13:00:39,260,0,17,260
2022-10-01T13:09:55,260,0,17,260
2022-10-01T13:19:09,260,0,17,260
2022-10-01T13:28:22,260,0,17,260
2022-10-01T13:37:35,260,0,17,260
2022-10-01T13:46:47,260,0,17,260
2022-10-01T13:56:00,260,0,17,260
2022-10-01T14:05:12,260,0,17,260
2022-10-01T14:14:25,260,0,17,260
2022-10-01T14:23:37,260,0,17,260
2022-10-01T14:32:50,260,0,17,260
2022-10-01T14:42:02,260,0,17,260
2022-10-01T14:51:25,260,0,17,260
2022-10-01T15:00:37,260,0,17,260
2022-10-01T15:09:50,260,0,17,260
2022-10-01T15:19:03,260,0,17,260
2022-10-01T15:28:15,260,0,17,260
2022-10-01T15:37:28,260,0,16,260
2022-10-01T15:46:41,260,0,16,260
2022-10-01T15:55:53,260,0,16,260
2022-10-01T16:05:06,260,0,16,260
2022-10-01T16:14:19,260,0,16,260
2022-10-01T16:23:32,260,0,16,260
2022-10-01T16:32:45,260,0,16,260
2022-10-01T16:42:00,260,0,16,260
2022-10-01T16:51:12,260,0,16,260
2022-10-01T17:00:24,260,0,16,260
2022-10-01T17:09:37,260,0,16,260
2022-10-01T17:18:50,260,0,16,260
2022-10-01T17:28:03,260,0,16,260
2022-10-01T17:37:32,260,0,16,260
2022-10-01T17:46:45,260,0,16,260
2022-10-01T17:55:58,260,0,16,260
2022-10-01T18:05:11,260,0,16,260
2022-10-01T18:14:24,260,0,16,260
2022-10-01T18:23:38,260,0,16,260
2022-10-01T18:32:50,260,0,16,260
2022-10-01T18:42:03,260,0,16,260
2022-10-01T18:51:16,260,0,16,260
2022-10-01T19:00:29,260,0,16,260
2022-10-01T19:09:42,260,0,16,260
2022-10-01T19:18:57,260,0,16,260
2022-10-01T19:28:12,260,0,16,260
2022-10-01T19:37:26,260,0,16,260
2022-10-01T19:46:39,260,0,16,260
2022-10-01T19:55:52,260,0,16,260
2022-10-01T20:05:05,260,0,16,260
2022-10-01T20:14:17,260,0,16,260
2022-10-01T20:23:31,260,0,16,260
2022-10-01T20:32:44,260,0,16,260
2022-10-01T20:41:56,260,0,16,260
2022-10-01T20:51:09,260,0,16,260
2022-10-01T21:00:21,260,0,16,260
2022-10-01T21:09:34,260,0,16,260
2022-10-01T21:18:46,260,0,16,260
2022-10-01T21:27:59,260,0,16,260
2022-10-01T21:37:11,260,0,16,260
2022-10-01T21:46:23,260,0,16,260
2022-10-01T21:55:46,260,0,16,260
2022-10-01T22:04:58,260,0,16,260
2022-10-01T22:14:11,260,0,16,260
2022-10-01T22:23:23,260,0,16,260
2022-10-01T22:32:35,260,0,15,260
2022-10-01T22:41:48,260,0,15,260
2022-10-01T22:51:00,260,0,15,260
2022-10-01T23:00:12,260,0,15,260
2022-10-01T23:09:26,260,0,15,260
2022-10-01T23:18:39,260,0,15,260
2022-10-01T23:27:52,260,0,15,260
2022-10-01T23:37:05,260,0,15,260
2022-10-01T23:46:17,260,0,15,260
2022-10-01T23:55:30,260,0,15,260
2022-10-02T00:04:43,260,0,15,260
2022-10-02T00:13:57,260,0,15,260
2022-10-02T00:23:13,260,0,15,260
2022-10-02T00:32:27,260,0,15,260
2022-10-02T00:41:42,260,0,15,260
2022-10-02T00:50:57,260,0,15,260
2022-10-02T01:00:10,260,0,15,260
2022-10-02T01:09:24,260,0,15,260
2022-10-02T01:18:39,260,0,15,260
2022-10-02T01:27:53,260,0,15,260
2022-10-02T01:37:08,260,0,15,260
2022-10-02T01:46:21,260,0,15,260
2022-10-02T01:55:35,260,0,15,260
2022-10-02T02:04:52,260,0,15,260
2022-10-02T02:14:08,260,0,15,260
2022-10-02T02:23:22,260,0,15,260
2022-10-02T02:32:37,260,0,15,260
2022-10-02T02:41:50,260,0,15,260
2022-10-02T02:51:04,260,0,15,260
2022-10-02T03:00:18,260,0,15,260
2022-10-02T03:09:33,260,0,15,260
2022-10-02T03:18:48,260,0,15,260
2022-10-02T03:28:03,260,0,15,260
2022-10-02T03:37:18,260,0,15,260
2022-10-02T03:46:34,260,0,15,260
2022-10-02T03:55:49,260,0,15,260
2022-10-02T04:05:05,260,0,15,260
2022-10-02T04:21:04,260,0,15,260
2022-10-02T04:30:44,260,0,15,260
2022-10-02T04:40:01,260,0,15,260
2022-10-02T04:49:18,260,0,15,260
2022-10-02T04:58:34,260,0,15,260
2022-10-02T05:07:48,260,0,15,260
2022-10-02T05:17:01,260,0,15,260
2022-10-02T05:26:14,260,0,15,260
2022-10-02T05:35:27,260,0,15,260
2022-10-02T05:44:40,260,0,15,260
2022-10-02T05:53:54,260,0,15,260
2022-10-02T06:03:07,260,0,15,260
2022-10-02T06:12:21,260,0,15,260
2022-10-02T06:21:35,260,0,15,260
2022-10-02T06:30:47,260,0,15,260
2022-10-02T06:39:59,260,0,15,260
2022-10-02T06:49:11,260,0,15,260
2022-10-02T06:58:22,260,0,15,260
2022-10-02T07:07:35,260,0,15,260
2022-10-02T07:16:47,260,0,15,260
2022-10-02T07:25:59,260,0,15,260
2022-10-02T07:35:12,260,0,15,260
2022-10-02T07:44:26,260,0,15,260
2022-10-02T07:53:39,260,0,15,260
2022-10-02T08:02:52,260,0,15,260
2022-10-02T08:12:05,260,0,15,260
2022-10-02T08:21:18,260,0,15,260
2022-10-02T08:30:32,260,0,15,260
2022-10-02T08:39:45,260,0,15,260
2022-10-02T08:48:57,260,0,15,260
2022-10-02T08:58:10,260,0,15,260
2022-10-02T09:07:22,260,0,15,260
2022-10-02T09:16:35,260,0,15,260
2022-10-02T09:25:50,260,0,15,260
2022-10-02T09:35:03,260,0,15,260
2022-10-02T09:44:17,260,0,15,260
2022-10-02T09:53:30,260,0,15,260
2022-10-02T10:02:43,260,0,15,260
2022-10-02T10:11:57,260,0,15,260
2022-10-02T10:21:10,260,0,15,260
2022-10-02T10:30:23,260,0,15,260
2022-10-02T10:39:35,260,0,15,260
2022-10-02T10:48:52,260,0,15,260
2022-10-02T10:58:06,260,0,15,260
2022-10-02T11:07:19,260,0,15,260
2022-10-02T11:16:32,260,0,15,260
2022-10-02T11:25:46,260,0,15,260
2022-10-02T11:34:59,260,0,15,260
2022-10-02T11:44:12,260,0,15,260
2022-10-02T11:53:25,260,0,15,260
2022-10-02T12:02:38,260,0,15,260
2022-10-02T12:11:51,260,0,15,260
2022-10-02T12:21:04,260,0,15,260
2022-10-02T12:30:17,260,0,15,260
2022-10-02T12:39:30,260,0,15,260
2022-10-02T12:48:43,260,0,15,260
2022-10-02T12:57:57,260,0,15,260
2022-10-02T13:07:11,260,0,15,260
2022-10-02T13:16:24,260,0,15,260
2022-10-02T13:25:37,260,0,15,260
2022-10-02T13:35:00,260,0,15,260
2022-10-02T13:44:13,260,0,15,260
2022-10-02T13:53:27,260,0,14,260
2022-10-02T14:02:41,260,0,14,260
2022-10-02T14:11:54,260,0,14,260
2022-10-02T14:21:07,260,0,14,260
2022-10-02T14:30:20,260,0,14,260
2022-10-02T14:39:33,260,0,14,260
2022-10-02T14:48:47,260,0,14,260
2022-10-02T14:58:00,260,0,14,260
2022-10-02T15:07:13,260,0,14,260
2022-10-02T15:16:27,260,0,14,260
2022-10-02T15:25:40,260,0,14,260
2022-10-02T15:34:53,260,0,14,260
2022-10-02T15:44:06,260,0,14,260
2022-10-02T15:53:18,260,0,14,260
2022-10-02T16:02:41,260,0,14,260
2022-10-02T16:11:54,260,0,14,260
2022-10-02T16:21:08,260,0,14,260
2022-10-02T16:30:23,260,0,14,260
2022-10-02T16:39:36,260,0,14,260
2022-10-02T16:48:49,260,0,14,260
2022-10-02T16:58:02,260,0,14,260
2022-10-02T17:07:15,260,0,14,260
2022-10-02T17:16:28,260,0,14,260
2022-10-02T17:25:41,260,0,14,260
2022-10-02T17:34:54,260,0,14,260
2022-10-02T17:44:07,260,0,14,260
2022-10-02T17:53:20,260,0,14,260
2022-10-02T18:02:34,260,0,14,260
2022-10-02T18:11:47,260,0,14,260
2022-10-02T18:21:00,260,0,14,260
2022-10-02T18:30:24,260,0,14,260
2022-10-02T18:39:38,260,0,14,260
2022-10-02T18:48:51,260,0,14,260
2022-10-02T18:58:04,260,0,14,260
2022-10-02T19:07:17,260,0,14,260
2022-10-02T19:16:33,260,0,14,260
2022-10-02T19:25:46,260,0,14,260
2022-10-02T19:34:59,260,0,14,260
2022-10-02T19:44:13,260,0,14,260
2022-10-02T19:53:27,260,0,13,260
2022-10-02T20:02:40,260,0,13,260
2022-10-02T20:11:53,260,0,13,260
2022-10-02T20:21:06,260,0,13,260
2022-10-02T20:30:18,260,0,13,260
2022-10-02T20:39:31,260,0,13,260
2022-10-02T20:48:44,260,0,13,260
2022-10-02T20:58:08,260,0,13,260
2022-10-02T21:07:21,260,0,13,260
2022-10-02T21:16:34,260,0,13,260
2022-10-02T21:25:47,260,0,13,260
2022-10-02T21:35:00,260,0,13,260
2022-10-02T21:44:13,260,0,13,260
2022-10-02T21:53:26,260,0,13,260
2022-10-02T22:02:39,260,0,13,260
2022-10-02T22:11:53,260,0,13,260
2022-10-02T22:21:06,260,0,13,260
2022-10-02T22:30:19,260,0,13,260
2022-10-02T22:39:32,260,0,13,260
2022-10-02T22:48:46,260,0,13,260
2022-10-02T22:58:09,260,0,13,260
2022-10-02T23:07:24,260,0,13,260
2022-10-02T23:16:38,260,0,13,260
2022-10-02T23:25:53,260,0,13,260
2022-10-02T23:35:07,260,0,13,260
2022-10-02T23:44:22,260,0,13,260
2022-10-02T23:53:35,260,0,13,260
2022-10-03T00:02:49,260,0,13,260
2022-10-03T00:12:06,260,0,13,260
2022-10-03T00:21:24,260,0,13,260
2022-10-03T00:30:40,260,0,13,260
2022-10-03T00:39:55,260,0,13,260
2022-10-03T00:49:10,260,0,13,260
2022-10-03T00:58:34,260,0,13,260
2022-10-03T01:07:52,260,0,13,260
2022-10-03T01:17:16,260,0,13,260
2022-10-03T01:26:33,260,0,13,260
2022-10-03T01:35:48,260,0,13,260
2022-10-03T01:45:03,260,0,13,260
2022-10-03T01:54:18,260,0,13,260
2022-10-03T02:03:38,260,0,13,260
2022-10-03T02:12:54,260,0,12,260
2022-10-03T02:22:09,260,0,12,260
2022-10-03T02:31:22,260,0,12,260
2022-10-03T02:40:37,260,0,12,260
2022-10-03T02:49:51,260,0,12,260
2022-10-03T02:59:04,260,0,12,260
2022-10-03T03:08:19,260,0,12,260
2022-10-03T03:17:34,260,0,12,260
2022-10-03T03:26:49,260,0,12,260
2022-10-03T03:36:05,260,0,12,260
2022-10-03T03:45:21,260,0,12,260
2022-10-03T03:56:28,260,0,12,260
2022-10-03T04:06:06,260,0,12,260
2022-10-03T04:24:24,260,0,12,260
2022-10-03T04:34:06,260,0,12,260
2022-10-03T04:43:25,260,0,12,260
2022-10-03T04:52:42,260,0,12,260
2022-10-03T05:01:58,260,0,12,260
2022-10-03T05:11:14,260,0,12,260
2022-10-03T05:20:27,260,0,12,260
2022-10-03T05:29:39,260,0,12,260
2022-10-03T05:38:52,260,0,12,260
2022-10-03T05:48:05,260,0,12,260
2022-10-03T05:57:20,260,0,12,260
2022-10-03T06:06:35,260,0,12,260
2022-10-03T06:15:49,260,0,12,260
2022-10-03T06:25:03,260,0,12,260
2022-10-03T06:34:16,260,0,12,260
2022-10-03T06:43:29,260,0,12,260
2022-10-03T06:52:44,260,0,12,260
2022-10-03T07:01:57,260,0,12,260
2022-10-03T07:11:11,260,0,12,260
2022-10-03T07:20:25,260,0,12,260
2022-10-03T07:29:38,260,0,12,260
2022-10-03T07:38:53,260,0,12,260
2022-10-03T07:48:10,260,0,12,260
2022-10-03T07:57:25,260,0,12,260
2022-10-03T08:06:40,260,0,12,260
2022-10-03T08:15:56,260,0,12,260
2022-10-03T08:25:18,260,0,12,260
2022-10-03T08:34:36,260,0,12,260
2022-10-03T08:43:53,260,0,12,260
2022-10-03T08:53:10,260,0,12,260
2022-10-03T09:03:12,260,0,12,260
2022-10-03T09:12:30,260,0,12,260
2022-10-03T09:21:48,260,0,12,260
2022-10-03T09:31:14,260,0,12,260
2022-10-03T09:40:30,260,0,12,260
2022-10-03T09:49:47,260,0,12,260
2022-10-03T09:59:05,260,0,12,260
2022-10-03T10:08:24,260,0,12,260
2022-10-03T10:17:44,260,0,12,260
2022-10-03T10:27:02,260,0,12,260
2022-10-03T10:36:18,260,0,12,260
2022-10-03T10:45:49,260,0,12,260
2022-10-03T10:55:05,260,0,12,260
2022-10-03T11:04:48,260,0,12,260
2022-10-03T11:14:06,260,0,12,260
2022-10-03T11:23:23,260,0,12,260
2022-10-03T11:32:41,260,0,12,260
2022-10-03T11:41:57,260,0,12,260
2022-10-03T11:51:24,260,0,12,260
2022-10-03T12:00:41,260,0,12,260
2022-10-03T12:09:58,260,0,12,260
2022-10-03T12:19:17,260,0,12,260
2022-10-03T12:28:32,260,0,12,260
2022-10-03T12:37:48,260,0,12,260
2022-10-03T12:47:05,260,0,12,260
2022-10-03T12:56:32,260,0,12,260
2022-10-03T13:05:49,260,0,12,260
2022-10-03T13:15:07,260,0,12,260
2022-10-03T13:24:23,260,0,12,260
2022-10-03T13:33:41,260,0,12,260
2022-10-03T13:42:58,260,0,12,260
2022-10-03T13:52:15,260,0,12,260
2022-10-03T14:01:33,260,0,12,260
2022-10-03T14:11:01,260,0,12,260
2022-10-03T14:20:19,260,0,12,260
2022-10-03T14:29:35,260,0,12,260
2022-10-03T14:38:54,260,0,12,260
2022-10-03T14:48:10,260,0,12,260
2022-10-03T14:57:30,260,0,12,260
2022-10-03T15:06:59,259,1,12,260
2022-10-03T15:16:20,259,1,12,260
2022-10-03T15:25:42,259,1,12,260
2022-10-03T15:35:01,259,1,12,260
2022-10-03T15:44:17,259,1,12,260
2022-10-03T15:53:33,259,1,12,260
2022-10-03T16:02:50,259,1,12,260
2022-10-03T16:12:05,259,1,12,260
2022-10-03T16:21:33,259,1,12,260
2022-10-03T16:30:49,259,1,12,260
2022-10-03T16:40:04,259,1,13,260
2022-10-03T16:49:20,259,1,13,260
2022-10-03T16:58:36,259,1,13,260
2022-10-03T17:07:53,259,1,13,260
2022-10-03T17:17:10,259,1,13,260
2022-10-03T17:26:25,259,1,13,260
2022-10-03T17:35:51,259,1,13,260
2022-10-03T17:45:06,259,1,13,260
2022-10-03T17:54:21,259,1,13,260
2022-10-03T18:03:36,259,1,13,260
2022-10-03T18:12:50,259,1,13,260
2022-10-03T18:22:05,259,1,13,260
2022-10-03T18:31:20,259,1,13,260
2022-10-03T18:40:35,259,1,13,260
2022-10-03T18:49:50,259,1,13,260
2022-10-03T18:59:05,259,1,13,260
2022-10-03T19:08:20,259,1,13,260
2022-10-03T19:17:35,259,1,13,260
2022-10-03T19:26:50,259,1,13,260
2022-10-03T19:36:17,259,1,13,260
2022-10-03T19:45:32,259,1,13,260
2022-10-03T19:54:47,259,1,13,260
2022-10-03T20:04:01,259,1,13,260
2022-10-03T20:13:16,259,1,12,260
2022-10-03T20:22:31,259,1,12,260
2022-10-03T20:31:45,259,1,12,260
2022-10-03T20:41:00,259,1,12,260
2022-10-03T20:50:14,259,1,12,260
2022-10-03T20:59:28,259,1,12,260
2022-10-03T21:08:43,259,1,12,260
2022-10-03T21:17:59,259,1,12,260
2022-10-03T21:27:14,259,1,12,260
2022-10-03T21:36:40,259,1,12,260
2022-10-03T21:45:55,259,1,12,260
2022-10-03T21:55:09,259,1,12,260
2022-10-03T22:04:24,259,1,12,260
2022-10-03T22:13:39,259,1,12,260
2022-10-03T22:22:54,259,1,12,260
2022-10-03T22:32:09,260,0,11,260
2022-10-03T22:41:23,260,0,11,260
2022-10-03T22:50:38,260,0,11,260
2022-10-03T22:59:53,260,0,11,260
2022-10-03T23:09:09,260,0,11,260
2022-10-03T23:18:24,260,0,11,260
2022-10-03T23:27:39,260,0,11,260
2022-10-03T23:37:06,260,0,11,260
2022-10-03T23:46:20,260,0,11,260
2022-10-03T23:55:35,260,0,11,260
2022-10-04T00:04:51,260,0,11,260
2022-10-04T00:14:09,260,0,12,260
2022-10-04T00:23:27,260,0,12,260
2022-10-04T00:32:44,260,0,12,260
2022-10-04T00:42:01,260,0,12,260
2022-10-04T00:51:20,260,0,12,260
2022-10-04T01:00:37,260,0,12,260
2022-10-04T01:09:53,260,0,12,260
2022-10-04T01:19:10,260,0,12,260
2022-10-04T01:28:26,260,0,12,260
2022-10-04T01:37:45,260,0,12,260
2022-10-04T01:47:02,260,0,12,260
2022-10-04T01:56:18,260,0,12,260
2022-10-04T02:05:35,260,0,12,260
2022-10-04T02:14:50,260,0,12,260
2022-10-04T02:24:04,260,0,12,260
2022-10-04T02:33:18,260,0,12,260
2022-10-04T02:42:32,260,0,12,260
2022-10-04T02:51:44,260,0,12,260
2022-10-04T03:00:59,260,0,12,260
2022-10-04T03:10:16,260,0,12,260
2022-10-04T03:19:31,260,0,12,260
2022-10-04T03:28:47,260,0,12,260
2022-10-04T03:38:03,260,0,12,260
2022-10-04T03:47:19,260,0,12,260
2022-10-04T03:56:35,260,0,12,260
2022-10-04T04:15:21,260,0,12,260
2022-10-04T04:25:03,260,0,12,260
2022-10-04T04:34:21,260,0,12,260
2022-10-04T04:43:40,260,0,12,260
2022-10-04T04:52:58,260,0,12,260
2022-10-04T05:02:15,260,0,12,260
2022-10-04T05:11:32,260,0,12,260
2022-10-04T05:20:47,260,0,12,260
2022-10-04T05:30:03,260,0,12,260
2022-10-04T05:39:21,260,0,12,260
2022-10-04T05:48:38,260,0,12,260
2022-10-04T05:57:55,260,0,12,260
2022-10-04T06:07:12,260,0,12,260
2022-10-04T06:16:28,260,0,12,260
2022-10-04T06:25:45,260,0,12,260
2022-10-04T06:35:01,260,0,12,260
2022-10-04T06:44:17,260,0,12,260
2022-10-04T06:53:33,260,0,12,260
2022-10-04T07:02:49,260,0,12,260
2022-10-04T07:12:05,260,0,12,260
2022-10-04T07:21:24,260,0,12,260
2022-10-04T07:30:39,260,0,12,260
2022-10-04T07:39:56,260,0,12,260
2022-10-04T07:49:11,260,0,12,260
2022-10-04T07:58:25,260,0,12,260
2022-10-04T08:07:41,260,0,12,260
2022-10-04T08:16:55,260,0,12,260
2022-10-04T08:26:10,260,0,12,260
2022-10-04T08:35:28,260,0,12,260
2022-10-04T08:44:44,260,0,12,260
2022-10-04T08:54:01,260,0,12,260
2022-10-04T09:03:39,260,0,12,260
2022-10-04T09:12:56,260,0,12,260
2022-10-04T09:22:14,260,0,12,260
2022-10-04T09:31:42,260,0,12,260
2022-10-04T09:40:59,260,0,12,260
2022-10-04T09:50:16,260,0,12,260
2022-10-04T09:59:33,260,0,12,260
2022-10-04T10:08:52,260,0,12,260
2022-10-04T10:18:08,260,0,12,260
2022-10-04T10:27:26,260,0,12,260
2022-10-04T10:36:42,260,0,12,260
2022-10-04T10:45:59,260,0,12,260
2022-10-04T10:55:27,260,0,12,260
2022-10-04T11:04:54,260,0,12,260
2022-10-04T11:14:12,260,0,12,260
2022-10-04T11:23:29,260,0,12,260
2022-10-04T11:32:46,260,0,12,260
2022-10-04T11:42:04,260,0,12,260
2022-10-04T11:51:31,260,0,12,260
2022-10-04T12:00:48,260,0,12,260
2022-10-04T12:10:05,260,0,12,260
2022-10-04T12:19:21,260,0,12,260
2022-10-04T12:28:38,260,0,12,260
2022-10-04T12:37:56,260,0,12,260
2022-10-04T12:47:23,260,0,12,260
2022-10-04T12:56:40,260,0,12,260
2022-10-04T13:05:56,260,0,12,260
2022-10-04T13:15:12,260,0,12,260
2022-10-04T13:24:29,260,0,12,260
2022-10-04T13:33:47,260,0,12,260
2022-10-04T13:43:16,260,0,12,260
2022-10-04T13:52:34,260,0,12,260
2022-10-04T14:01:53,260,0,12,260
2022-10-04T14:11:10,260,0,12,260
2022-10-04T14:20:40,260,0,12,260
2022-10-04T14:29:57,260,0,12,260
2022-10-04T14:39:15,260,0,12,260
2022-10-04T14:48:33,260,0,12,260
2022-10-04T14:57:51,260,0,12,260
2022-10-04T15:07:19,260,0,12,260
2022-10-04T15:16:37,260,0,12,260
2022-10-04T15:25:54,260,0,12,260
2022-10-04T15:35:13,260,0,12,260
2022-10-04T15:44:32,260,0,12,260
2022-10-04T15:53:51,260,0,12,260
2022-10-04T16:03:21,260,0,12,260
2022-10-04T16:12:38,260,0,12,260
2022-10-04T16:21:55,260,0,12,260
2022-10-04T16:31:12,260,0,12,260
2022-10-04T16:40:28,260,0,12,260
2022-10-04T16:49:54,260,0,12,260
2022-10-04T16:59:10,260,0,12,260
2022-10-04T17:08:27,260,0,12,260
2022-10-04T17:17:43,260,0,12,260
2022-10-04T17:26:59,260,0,12,260
2022-10-04T17:36:24,260,0,11,260
2022-10-04T17:45:39,260,0,11,260
2022-10-04T17:54:54,260,0,11,260
2022-10-04T18:04:10,260,0,11,260
2022-10-04T18:13:25,260,0,11,260
2022-10-04T18:22:50,260,0,11,260
2022-10-04T18:32:05,260,0,11,260
2022-10-04T18:41:20,260,0,11,260
2022-10-04T18:50:34,260,0,11,260
2022-10-04T18:59:50,260,0,11,260
2022-10-04T19:09:05,260,0,11,260
2022-10-04T19:18:19,260,0,11,260
2022-10-04T19:27:44,260,0,11,260
2022-10-04T19:36:59,260,0,11,260
2022-10-04T19:46:14,260,0,11,260
2022-10-04T19:55:28,260,0,11,260
2022-10-04T20:04:44,260,0,11,260
2022-10-04T20:13:59,260,0,11,260
2022-10-04T20:23:16,260,0,11,260
2022-10-04T20:32:41,260,0,11,260
2022-10-04T20:41:55,260,0,11,260
2022-10-04T20:51:10,260,0,11,260
2022-10-04T21:00:24,260,0,11,260
2022-10-04T21:09:39,260,0,11,260
2022-10-04T21:18:54,260,0,11,260
2022-10-04T21:28:09,260,0,11,260
2022-10-04T21:37:35,260,0,11,260
2022-10-04T21:46:51,260,0,11,260
2022-10-04T21:56:05,260,0,11,260
2022-10-04T22:05:19,260,0,11,260
2022-10-04T22:14:35,260,0,11,260
2022-10-04T22:23:49,260,0,11,260
2022-10-04T22:33:04,260,0,11,260
2022-10-04T22:42:19,260,0,11,260
2022-10-04T22:51:33,260,0,11,260
2022-10-04T23:00:58,260,0,11,260
2022-10-04T23:10:13,260,0,11,260
2022-10-04T23:19:28,260,0,11,260
2022-10-04T23:28:43,260,0,11,260
2022-10-04T23:37:59,260,0,11,260
2022-10-04T23:47:16,260,0,11,260
2022-10-04T23:56:30,260,0,11,260
2022-10-05T00:05:44,259,1,11,260
2022-10-05T00:15:02,259,1,11,260
2022-10-05T00:24:19,259,1,11,260
2022-10-05T00:33:35,259,1,11,260
2022-10-05T00:42:52,259,1,11,260
2022-10-05T00:52:10,259,1,11,260
2022-10-05T01:01:27,259,1,11,260
2022-10-05T01:10:43,259,1,11,260
2022-10-05T01:20:12,259,1,11,260
2022-10-05T01:29:29,259,1,11,260
2022-10-05T01:38:47,259,1,11,260
2022-10-05T01:48:02,259,1,11,260
2022-10-05T01:57:18,259,1,11,260
2022-10-05T02:06:34,259,1,11,260
2022-10-05T02:15:51,259,1,11,260
2022-10-05T02:25:08,259,1,11,260
2022-10-05T02:34:24,259,1,11,260
2022-10-05T02:43:40,259,1,11,260
2022-10-05T02:52:54,259,1,11,260
2022-10-05T03:02:09,259,1,11,260
2022-10-05T03:11:24,259,1,11,260
2022-10-05T03:20:39,259,1,11,260
2022-10-05T03:29:54,259,1,11,260
2022-10-05T03:39:10,259,1,11,260
2022-10-05T03:50:48,259,1,11,260
2022-10-05T04:00:06,259,1,11,260
2022-10-05T04:09:22,259,1,11,260
2022-10-05T04:18:39,259,1,11,260
2022-10-05T04:29:17,259,1,11,260
2022-10-05T04:38:58,259,1,11,260
2022-10-05T04:48:16,259,1,11,260
2022-10-05T04:57:33,259,1,11,260
2022-10-05T05:06:52,259,1,11,260
2022-10-05T05:16:08,259,1,11,260
2022-10-05T05:25:23,259,1,11,260
2022-10-05T05:34:37,259,1,11,260
2022-10-05T05:43:51,259,1,11,260
2022-10-05T05:53:06,259,1,11,260
2022-10-05T06:02:22,259,1,11,260
2022-10-05T06:11:38,259,1,11,260
2022-10-05T06:20:53,259,1,11,260
2022-10-05T06:30:09,259,1,11,260
2022-10-05T06:39:23,259,1,11,260
2022-10-05T06:48:37,259,1,11,260
2022-10-05T06:57:50,259,1,11,260
2022-10-05T07:07:05,259,1,11,260
2022-10-05T07:16:19,259,1,11,260
2022-10-05T07:25:34,259,1,11,260
2022-10-05T07:34:48,259,1,11,260
2022-10-05T07:44:03,259,1,11,260
2022-10-05T07:53:18,259,1,11,260
2022-10-05T08:02:33,259,1,11,260
2022-10-05T08:11:48,259,1,11,260
2022-10-05T08:21:04,259,1,11,260
2022-10-05T08:30:21,259,1,11,260
2022-10-05T08:39:39,259,1,11,260
2022-10-05T08:48:55,259,1,11,260
2022-10-05T08:58:19,259,1,11,260
2022-10-05T09:07:36,259,1,11,260
2022-10-05T09:16:54,259,1,11,260
2022-10-05T09:26:11,259,1,11,260
2022-10-05T09:35:26,259,1,11,260
2022-10-05T09:44:42,259,1,11,260
2022-10-05T09:53:59,259,1,11,260
2022-10-05T10:03:22,259,1,11,260
2022-10-05T10:12:52,259,1,11,260
2022-10-05T10:22:08,259,1,11,260
2022-10-05T10:31:24,259,1,11,260
2022-10-05T10:40:42,259,1,11,260
2022-10-05T10:50:01,259,1,11,260
2022-10-05T10:59:20,259,1,11,260
2022-10-05T11:08:42,259,1,11,260
2022-10-05T11:18:16,259,1,11,260
2022-10-05T11:27:33,259,1,11,260
2022-10-05T11:36:50,259,1,11,260
2022-10-05T11:46:06,259,1,11,260
2022-10-05T11:55:23,259,1,11,260
2022-10-05T12:04:39,259,1,11,260
2022-10-05T12:13:55,259,1,11,260
2022-10-05T12:23:21,259,1,11,260
2022-10-05T12:32:37,259,1,11,260
2022-10-05T12:41:53,259,1,11,260
2022-10-05T12:51:09,259,1,11,260
2022-10-05T13:00:25,259,1,11,260
2022-10-05T13:09:42,259,1,11,260
2022-10-05T13:18:58,259,1,11,260
2022-10-05T13:28:26,259,1,11,260
2022-10-05T13:37:42,259,1,11,260
2022-10-05T13:46:59,259,1,11,260
2022-10-05T13:56:16,259,1,11,260
2022-10-05T14:05:34,259,1,11,260
2022-10-05T14:14:50,259,1,11,260
2022-10-05T14:24:06,259,1,11,260
2022-10-05T14:33:34,259,1,11,260
2022-10-05T14:42:51,259,1,11,260
2022-10-05T14:52:08,258,2,11,260
2022-10-05T15:01:25,258,2,11,260
2022-10-05T15:10:41,258,2,11,260
2022-10-05T15:19:57,258,2,11,260
2022-10-05T15:29:13,258,2,11,260
2022-10-05T15:38:40,258,2,11,260
2022-10-05T15:47:56,258,2,11,260
2022-10-05T15:57:12,258,2,11,260
2022-10-05T16:06:29,258,2,11,260
2022-10-05T16:15:44,258,2,11,260
2022-10-05T16:25:00,258,2,11,260
2022-10-05T16:34:15,258,2,11,260
2022-10-05T16:43:41,258,2,11,260
2022-10-05T16:52:56,258,2,11,260
2022-10-05T17:02:12,258,2,11,260
2022-10-05T17:11:28,258,2,11,260
2022-10-05T17:20:43,258,2,11,260
2022-10-05T17:29:58,258,2,11,260
2022-10-05T17:39:13,258,2,11,260
2022-10-05T17:48:29,258,2,11,260
2022-10-05T17:57:45,258,2,11,260
2022-10-05T18:07:14,258,2,11,260
2022-10-05T18:16:30,258,2,11,260
2022-10-05T18:25:45,258,2,11,260
2022-10-05T18:35:00,258,2,11,260
2022-10-05T18:44:14,258,2,11,260
2022-10-05T18:53:28,258,2,11,260
2022-10-05T19:02:44,258,2,11,260
2022-10-05T19:11:58,258,2,11,260
2022-10-05T19:21:13,258,2,11,260
2022-10-05T19:30:38,258,2,11,260
2022-10-05T19:39:52,258,2,11,260
2022-10-05T19:49:06,258,2,11,260
2022-10-05T19:58:20,258,2,11,260
2022-10-05T20:07:34,258,2,11,260
2022-10-05T20:16:48,258,2,11,260
2022-10-05T20:26:02,258,2,11,260
2022-10-05T20:35:16,258,2,11,260
2022-10-05T20:44:30,258,2,11,260
2022-10-05T20:53:44,258,2,11,260
2022-10-05T21:02:59,258,2,11,260
2022-10-05T21:12:14,258,2,11,260
2022-10-05T21:21:28,258,2,11,260
2022-10-05T21:30:53,258,2,11,260
2022-10-05T21:40:07,258,2,11,260
2022-10-05T21:49:21,258,2,11,260
2022-10-05T21:58:35,258,2,11,260
2022-10-05T22:07:49,258,2,11,260
2022-10-05T22:17:03,258,2,11,260
2022-10-05T22:26:18,258,2,11,260
2022-10-05T22:35:32,260,0,9,260
2022-10-05T22:44:46,260,0,9,260
2022-10-05T22:54:11,260,0,9,260
2022-10-05T23:03:25,260,0,9,260
2022-10-05T23:12:40,260,0,9,260
2022-10-05T23:22:07,260,0,9,260
2022-10-05T23:31:21,260,0,9,260
2022-10-05T23:40:36,260,0,9,260
2022-10-05T23:49:50,260,0,9,260
2022-10-05T23:59:04,260,0,9,260
2022-10-06T00:08:20,260,0,9,260
2022-10-06T00:17:37,260,0,9,260
2022-10-06T00:26:54,260,0,9,260
2022-10-06T00:36:10,260,0,9,260
2022-10-06T00:45:27,260,0,9,260
2022-10-06T00:54:44,260,0,8,260
2022-10-06T01:04:00,260,0,8,260
2022-10-06T01:13:18,260,0,8,260
2022-10-06T01:22:35,260,0,8,260
2022-10-06T01:31:52,260,0,8,260
2022-10-06T01:41:21,260,0,8,260
2022-10-06T01:50:37,260,0,8,260
2022-10-06T01:59:53,260,0,8,260
2022-10-06T02:09:09,260,0,8,260
2022-10-06T02:18:22,260,0,8,260
2022-10-06T02:27:36,260,0,8,260
2022-10-06T02:36:49,260,0,8,260
2022-10-06T02:46:05,260,0,8,260
2022-10-06T02:55:21,260,0,8,260
2022-10-06T03:04:36,260,0,8,260
2022-10-06T03:13:52,260,0,8,260
2022-10-06T03:23:07,260,0,8,260
2022-10-06T03:32:21,260,0,8,260
2022-10-06T03:41:37,260,0,8,260
2022-10-06T03:50:53,260,0,8,260
2022-10-06T04:00:10,260,0,8,260
2022-10-06T04:17:40,260,0,8,260
2022-10-06T04:28:15,260,0,8,260
2022-10-06T04:37:49,260,0,8,260
2022-10-06T04:47:06,260,0,8,260
2022-10-06T04:56:20,260,0,8,260
2022-10-06T05:05:34,260,0,8,260
2022-10-06T05:14:50,260,0,8,260
2022-10-06T05:24:03,260,0,8,260
2022-10-06T05:33:19,260,0,8,260
2022-10-06T05:42:36,260,0,8,260
2022-10-06T05:51:54,260,0,8,260
2022-10-06T06:01:12,260,0,8,260
2022-10-06T06:10:31,260,0,8,260
2022-10-06T06:19:50,260,0,8,260
2022-10-06T06:29:07,260,0,8,260
2022-10-06T06:38:24,260,0,8,260
2022-10-06T06:47:42,260,0,8,260
2022-10-06T06:57:00,260,0,8,260
2022-10-06T07:06:17,260,0,8,260
2022-10-06T07:15:34,260,0,8,260
2022-10-06T07:24:49,260,0,8,260
2022-10-06T07:34:07,260,0,8,260
2022-10-06T07:43:26,260,0,8,260
2022-10-06T07:52:46,260,0,8,260
2022-10-06T08:02:03,260,0,8,260
2022-10-06T08:11:20,260,0,8,260
2022-10-06T08:20:36,260,0,8,260
2022-10-06T08:29:53,260,0,8,260
2022-10-06T08:39:10,260,0,8,260
2022-10-06T08:48:26,260,0,8,260
2022-10-06T08:57:43,260,0,8,260
2022-10-06T09:07:10,260,0,8,260
2022-10-06T09:16:26,260,0,8,260
2022-10-06T09:25:43,260,0,8,260
2022-10-06T09:35:00,260,0,8,260
2022-10-06T09:44:17,260,0,8,260
2022-10-06T09:53:35,260,0,8,260
2022-10-06T10:02:54,260,0,8,260
2022-10-06T10:12:11,260,0,8,260
2022-10-06T10:21:40,260,0,8,260
2022-10-06T10:30:58,260,0,8,260
2022-10-06T10:40:15,260,0,8,260
2022-10-06T10:49:42,260,0,8,260
2022-10-06T10:59:01,260,0,8,260
2022-10-06T11:08:20,260,0,8,260
2022-10-06T11:17:37,260,0,8,260
2022-10-06T11:27:13,260,0,8,260
2022-10-06T11:36:30,260,0,8,260
2022-10-06T11:45:47,260,0,8,260
2022-10-06T11:55:05,260,0,8,260
2022-10-06T12:04:22,260,0,8,260
2022-10-06T12:13:40,260,0,8,260
2022-10-06T12:22:57,260,0,8,260
2022-10-06T12:32:14,260,0,8,260
2022-10-06T12:41:30,260,0,8,260
2022-10-06T12:50:58,260,0,8,260
2022-10-06T13:00:14,260,0,8,260
2022-10-06T13:09:31,260,0,8,260
2022-10-06T13:18:49,260,0,8,260
2022-10-06T13:28:08,260,0,8,260
2022-10-06T13:37:27,260,0,8,260
2022-10-06T13:46:46,260,0,8,260
2022-10-06T13:56:04,260,0,8,260
2022-10-06T14:05:41,260,0,8,260
2022-10-06T14:14:58,260,0,8,260
2022-10-06T14:24:16,260,0,8,260
2022-10-06T14:33:33,260,0,9,260
2022-10-06T14:42:51,260,0,9,260
2022-10-06T14:52:08,260,0,9,260
2022-10-06T15:01:39,260,0,9,260
2022-10-06T15:10:56,260,0,9,260
2022-10-06T15:20:14,260,0,9,260
2022-10-06T15:29:31,260,0,9,260
2022-10-06T15:38:49,260,0,9,260
2022-10-06T15:48:06,260,0,9,260
2022-10-06T15:57:28,260,0,9,260
2022-10-06T16:06:53,260,0,9,260
2022-10-06T16:16:20,260,0,9,260
2022-10-06T16:25:50,260,0,9,260
2022-10-06T16:35:39,260,0,9,260
2022-10-06T16:45:08,260,0,9,260
2022-10-06T16:54:41,260,0,9,260
2022-10-06T17:04:12,260,0,9,260
2022-10-06T17:13:46,260,0,9,260
2022-10-06T17:23:32,260,0,9,260
2022-10-06T17:33:05,260,0,9,260
2022-10-06T17:42:34,260,0,9,260
2022-10-06T17:52:03,260,0,9,260
2022-10-06T18:01:43,260,0,9,260
2022-10-06T18:11:11,260,0,9,260
2022-10-06T18:20:40,260,0,9,260
2022-10-06T18:30:08,260,0,9,260
2022-10-06T18:39:36,260,0,9,260
2022-10-06T18:49:03,260,0,9,260
2022-10-06T18:58:28,260,0,9,260
2022-10-06T19:07:52,260,0,9,260
2022-10-06T19:17:15,260,0,8,260
2022-10-06T19:26:34,260,0,8,260
2022-10-06T19:36:04,260,0,8,260
2022-10-06T19:45:21,260,0,8,260
2022-10-06T19:54:38,260,0,8,260
2022-10-06T20:03:52,260,0,8,260
2022-10-06T20:13:06,260,0,8,260
2022-10-06T20:22:22,260,0,8,260
2022-10-06T20:31:36,260,0,8,260
2022-10-06T20:40:49,260,0,8,260
2022-10-06T20:50:03,260,0,8,260
2022-10-06T20:59:17,260,0,8,260
2022-10-06T21:08:50,260,0,8,260
2022-10-06T21:18:04,260,0,8,260
2022-10-06T21:27:18,260,0,8,260
2022-10-06T21:36:32,260,0,8,260
2022-10-06T21:45:45,260,0,8,260
2022-10-06T21:54:59,260,0,8,260
2022-10-06T22:04:13,260,0,8,260
2022-10-06T22:13:27,260,0,8,260
2022-10-06T22:22:41,260,0,8,260
2022-10-06T22:31:55,260,0,8,260
2022-10-06T22:41:11,260,0,8,260
2022-10-06T22:50:37,260,0,8,260
2022-10-06T22:59:54,260,0,8,260
2022-10-06T23:09:11,260,0,8,260
2022-10-06T23:18:28,260,0,8,260
2022-10-06T23:27:45,260,0,8,260
2022-10-06T23:37:02,260,0,8,260
2022-10-06T23:46:18,260,0,8,260
2022-10-06T23:55:35,260,0,8,260
2022-10-07T00:04:52,260,0,8,260
2022-10-07T00:14:12,260,0,8,260
2022-10-07T00:23:30,260,0,8,260
2022-10-07T00:32:48,260,0,8,260
2022-10-07T00:42:07,260,0,8,260
2022-10-07T00:51:35,260,0,8,260
2022-10-07T01:00:52,260,0,8,260
2022-10-07T01:10:07,260,0,8,260
2022-10-07T01:19:24,260,0,8,260
2022-10-07T01:28:41,260,0,8,260
2022-10-07T01:37:58,260,0,8,260
2022-10-07T01:47:15,260,0,8,260
2022-10-07T01:56:30,260,0,8,260
2022-10-07T02:05:45,260,0,8,260
2022-10-07T02:15:02,260,0,8,260
2022-10-07T02:24:18,260,0,8,260
2022-10-07T02:33:35,260,0,8,260
2022-10-07T02:42:50,260,0,8,260
2022-10-07T02:52:05,260,0,8,260
2022-10-07T03:01:21,260,0,8,260
2022-10-07T03:10:36,260,0,8,260
2022-10-07T03:19:51,260,0,8,260
2022-10-07T03:29:06,260,0,8,260
2022-10-07T03:38:24,260,0,8,260
2022-10-07T03:47:40,260,0,8,260
2022-10-07T03:56:57,260,0,8,260
2022-10-07T04:06:14,260,0,8,260
2022-10-07T04:15:30,260,0,8,260
2022-10-07T04:28:12,260,0,8,260
2022-10-07T04:37:54,260,0,8,260
2022-10-07T04:47:13,260,0,8,260
2022-10-07T04:56:31,260,0,8,260
2022-10-07T05:05:51,260,0,8,260
2022-10-07T05:15:07,260,0,8,260
2022-10-07T05:24:21,260,0,8,260
2022-10-07T05:33:35,260,0,8,260
2022-10-07T05:42:49,260,0,8,260
2022-10-07T05:52:04,260,0,8,260
2022-10-07T06:01:22,260,0,8,260
2022-10-07T06:10:39,260,0,8,260
2022-10-07T06:19:56,260,0,8,260
2022-10-07T06:29:10,260,0,8,260
2022-10-07T06:38:25,260,0,8,260
2022-10-07T06:47:40,260,0,8,260
2022-10-07T06:56:57,260,0,8,260
2022-10-07T07:06:14,260,0,8,260
2022-10-07T07:15:30,260,0,8,260
2022-10-07T07:24:46,260,0,7,260
2022-10-07T07:34:03,260,0,7,260
2022-10-07T07:43:19,260,0,7,260
2022-10-07T07:52:36,260,0,7,260
2022-10-07T08:01:54,260,0,7,260
2022-10-07T08:11:12,260,0,7,260
2022-10-07T08:20:29,260,0,7,260
2022-10-07T08:29:52,260,0,7,260
2022-10-07T08:39:09,260,0,7,260
2022-10-07T08:48:26,260,0,7,260
2022-10-07T08:57:44,260,0,7,260
2022-10-07T09:07:22,260,0,7,260
2022-10-07T09:16:42,260,0,7,260
2022-10-07T09:26:01,260,0,7,260
2022-10-07T09:35:19,260,0,7,260
2022-10-07T09:44:38,260,0,7,260
2022-10-07T09:54:08,260,0,7,260
2022-10-07T10:03:29,260,0,7,260
2022-10-07T10:12:47,260,0,7,260
2022-10-07T10:22:08,260,0,7,260
2022-10-07T10:31:28,260,0,7,260
2022-10-07T10:40:49,260,0,7,260
2022-10-07T10:50:08,260,0,7,260
2022-10-07T10:59:39,260,0,7,260
2022-10-07T11:08:59,260,0,7,260
2022-10-07T11:18:18,260,0,7,260
2022-10-07T11:27:36,260,0,7,260
2022-10-07T11:36:54,260,0,7,260
2022-10-07T11:46:13,260,0,7,260
2022-10-07T11:55:32,260,0,7,260
2022-10-07T12:04:51,260,0,7,260
2022-10-07T12:14:09,259,1,7,260
2022-10-07T12:23:40,259,1,7,260
2022-10-07T12:33:01,259,1,7,260
2022-10-07T12:42:23,259,1,7,260
2022-10-07T12:51:43,259,1,7,260
2022-10-07T13:01:04,259,1,7,260
2022-10-07T13:10:25,259,1,7,260
2022-10-07T13:19:46,259,1,7,260
2022-10-07T13:29:07,259,1,7,260
2022-10-07T13:38:29,259,1,7,260
2022-10-07T13:48:01,259,1,7,260
2022-10-07T13:57:23,259,1,7,260
2022-10-07T14:06:46,259,1,7,260
2022-10-07T14:16:07,259,1,7,260
2022-10-07T14:25:27,259,1,7,260
2022-10-07T14:34:47,259,1,7,260
2022-10-07T14:44:06,259,1,7,260
2022-10-07T14:53:25,259,1,7,260
2022-10-07T15:02:44,259,1,7,260
2022-10-07T15:12:03,259,1,7,260
2022-10-07T15:21:32,259,1,7,260
2022-10-07T15:30:50,259,1,7,260
2022-10-07T15:40:08,259,1,7,260
2022-10-07T15:49:27,259,1,7,260
2022-10-07T15:58:45,259,1,7,260
2022-10-07T16:08:03,259,1,7,260
2022-10-07T16:17:21,259,1,7,260
2022-10-07T16:26:39,259,1,7,260
2022-10-07T16:35:56,259,1,7,260
2022-10-07T16:45:13,259,1,7,260
2022-10-07T16:54:33,259,1,7,260
2022-10-07T17:03:50,259,1,7,260
2022-10-07T17:13:18,259,1,7,260
2022-10-07T17:22:36,259,1,7,260
2022-10-07T17:31:53,259,1,7,260
2022-10-07T17:41:12,259,1,7,260
2022-10-07T17:50:30,259,1,7,260
2022-10-07T17:59:47,259,1,7,260
2022-10-07T18:09:04,259,1,7,260
2022-10-07T18:18:20,259,1,7,260
2022-10-07T18:27:36,259,1,7,260
2022-10-07T18:36:52,259,1,7,260
2022-10-07T18:46:08,259,1,7,260
2022-10-07T18:55:23,259,1,7,260
2022-10-07T19:04:39,259,1,7,260
2022-10-07T19:14:05,259,1,7,260
2022-10-07T19:23:20,259,1,7,260
2022-10-07T19:32:36,259,1,7,260
2022-10-07T19:41:52,259,1,7,260
2022-10-07T19:51:08,259,1,7,260
2022-10-07T20:00:23,259,1,7,260
2022-10-07T20:09:38,259,1,7,260
2022-10-07T20:18:53,259,1,7,260
2022-10-07T20:28:09,259,1,7,260
2022-10-07T20:37:25,259,1,7,260
2022-10-07T20:46:40,259,1,7,260
2022-10-07T20:55:54,259,1,7,260
2022-10-07T21:05:09,259,1,7,260
2022-10-07T21:14:25,259,1,7,260
2022-10-07T21:23:41,259,1,7,260
2022-10-07T21:32:56,259,1,7,260
2022-10-07T21:42:12,259,1,7,260
2022-10-07T21:51:27,259,1,7,260
2022-10-07T22:00:42,259,1,7,260
2022-10-07T22:09:57,259,1,7,260
2022-10-07T22:19:13,259,1,7,260
2022-10-07T22:28:28,259,1,7,260
2022-10-07T22:37:54,259,1,7,260
2022-10-07T22:47:09,259,1,7,260
2022-10-07T22:56:23,259,1,7,260
2022-10-07T23:05:38,259,1,7,260
2022-10-07T23:14:55,259,1,7,260
2022-10-07T23:24:10,259,1,7,260
2022-10-07T23:33:26,259,1,7,260
2022-10-07T23:42:41,259,1,7,260
2022-10-07T23:51:56,259,1,7,260
2022-10-08T00:01:11,259,1,7,260
2022-10-08T00:10:27,259,1,7,260
2022-10-08T00:19:46,259,1,7,260
2022-10-08T00:29:02,259,1,7,260
2022-10-08T00:38:20,259,1,7,260
2022-10-08T00:47:37,259,1,7,260
2022-10-08T00:56:54,259,1,7,260
2022-10-08T01:06:12,259,1,7,260
2022-10-08T01:15:29,259,1,7,260
2022-10-08T01:24:46,259,1,7,260
2022-10-08T01:34:05,259,1,7,260
2022-10-08T01:43:23,259,1,7,260
2022-10-08T01:52:39,259,1,7,260
2022-10-08T02:01:54,259,1,7,260
2022-10-08T02:11:10,259,1,7,260
2022-10-08T02:20:24,259,1,7,260
2022-10-08T02:29:39,259,1,7,260
2022-10-08T02:38:53,259,1,7,260
2022-10-08T02:48:07,259,1,7,260
2022-10-08T02:57:22,259,1,7,260
2022-10-08T03:06:36,259,1,7,260
2022-10-08T03:15:50,259,1,7,260
2022-10-08T03:25:04,259,1,7,260
2022-10-08T03:34:18,259,1,7,260
2022-10-08T03:43:35,259,1,7,260
2022-10-08T03:55:19,259,1,7,260
2022-10-08T04:04:37,259,1,7,260
2022-10-08T04:13:55,259,1,7,260
2022-10-08T04:27:06,259,1,7,260
2022-10-08T04:36:49,259,1,7,260
2022-10-08T04:46:06,259,1,7,260
2022-10-08T04:55:21,259,1,7,260
2022-10-08T05:04:37,259,1,7,260
2022-10-08T05:13:52,259,1,7,260
2022-10-08T05:23:11,259,1,7,260
2022-10-08T05:32:56,259,1,7,260
2022-10-08T05:42:14,259,1,7,260
2022-10-08T05:51:33,259,1,7,260
2022-10-08T06:00:52,259,1,7,260
2022-10-08T06:10:11,259,1,7,260
2022-10-08T06:19:29,259,1,7,260
2022-10-08T06:28:50,259,1,7,260
2022-10-08T06:38:10,259,1,7,260
2022-10-08T06:47:30,259,1,7,260
2022-10-08T06:56:49,259,1,7,260
2022-10-08T07:06:09,259,1,7,260
2022-10-08T07:15:29,259,1,7,260
2022-10-08T07:24:49,259,1,7,260
2022-10-08T07:34:10,259,1,7,260
2022-10-08T07:43:29,259,1,7,260
2022-10-08T07:52:49,259,1,7,260
2022-10-08T08:02:08,259,1,7,260
2022-10-08T08:11:27,259,1,7,260
2022-10-08T08:20:47,259,1,7,260
2022-10-08T08:30:06,259,1,7,260
2022-10-08T08:39:25,259,1,7,260
2022-10-08T08:48:43,259,1,7,260
2022-10-08T08:58:02,259,1,7,260
2022-10-08T09:07:20,259,1,7,260
2022-10-08T09:16:38,259,1,7,260
2022-10-08T09:25:57,259,1,7,260
2022-10-08T09:35:16,259,1,7,260
2022-10-08T09:44:36,259,1,7,260
2022-10-08T09:53:57,259,1,7,260
2022-10-08T10:03:17,259,1,7,260
2022-10-08T10:12:35,259,1,7,260
2022-10-08T10:21:54,259,1,7,260
2022-10-08T10:31:12,259,1,7,260
2022-10-08T10:40:28,259,1,7,260
2022-10-08T10:49:45,259,1,7,260
2022-10-08T10:59:03,259,1,7,260
2022-10-08T11:08:20,259,1,7,260
2022-10-08T11:17:37,259,1,7,260
2022-10-08T11:26:54,259,1,7,260
2022-10-08T11:36:12,259,1,7,260
2022-10-08T11:45:30,259,1,7,260
2022-10-08T11:54:47,259,1,7,260
2022-10-08T12:04:03,259,1,7,260
2022-10-08T12:13:19,259,1,7,260
2022-10-08T12:22:36,259,1,7,260
2022-10-08T12:32:01,259,1,7,260
2022-10-08T12:41:17,259,1,7,260
2022-10-08T12:50:33,259,1,7,260
2022-10-08T12:59:51,259,1,7,260
2022-10-08T13:09:10,259,1,7,260
2022-10-08T13:18:28,259,1,7,260
2022-10-08T13:27:44,259,1,7,260
2022-10-08T13:37:00,259,1,7,260
2022-10-08T13:46:17,259,1,7,260
2022-10-08T13:55:34,259,1,7,260
2022-10-08T14:04:53,259,1,7,260
2022-10-08T14:14:10,259,1,7,260
2022-10-08T14:23:26,259,1,7,260
2022-10-08T14:32:46,259,1,7,260
2022-10-08T14:42:05,259,1,7,260
2022-10-08T14:51:21,259,1,7,260
2022-10-08T15:00:39,259,1,7,260
2022-10-08T15:09:55,259,1,7,260
2022-10-08T15:19:14,259,1,7,260
2022-10-08T15:28:32,259,1,7,260
2022-10-08T15:37:48,259,1,7,260
2022-10-08T15:47:04,259,1,7,260
2022-10-08T15:56:24,259,1,7,260
2022-10-08T16:05:41,259,1,7,260
2022-10-08T16:14:58,259,1,7,260
2022-10-08T16:24:15,259,1,7,260
2022-10-08T16:33:32,259,1,7,260
2022-10-08T16:42:58,259,1,7,260
2022-10-08T16:52:15,259,1,7,260
2022-10-08T17:01:31,259,1,7,260
2022-10-08T17:10:48,259,1,7,260
2022-10-08T17:20:05,259,1,7,260
2022-10-08T17:29:21,259,1,7,260
2022-10-08T17:38:37,259,1,7,260
2022-10-08T17:47:52,259,1,7,260
2022-10-08T17:57:07,259,1,7,260
2022-10-08T18:06:22,259,1,7,260
2022-10-08T18:15:37,259,1,7,260
2022-10-08T18:24:52,259,1,7,260
2022-10-08T18:34:07,259,1,7,260
2022-10-08T18:43:23,259,1,7,260
2022-10-08T18:52:38,259,1,7,260
2022-10-08T19:01:54,259,1,7,260
2022-10-08T19:11:08,259,1,7,260
2022-10-08T19:20:23,259,1,7,260
2022-10-08T19:29:37,259,1,7,260
2022-10-08T19:38:52,259,1,7,260
2022-10-08T19:48:06,259,1,7,260
2022-10-08T19:57:20,259,1,7,260
2022-10-08T20:06:35,259,1,7,260
2022-10-08T20:15:49,259,1,7,260
2022-10-08T20:25:04,259,1,7,260
2022-10-08T20:34:18,259,1,7,260
2022-10-08T20:43:33,259,1,7,260
2022-10-08T20:52:47,259,1,7,260
2022-10-08T21:02:02,259,1,7,260
2022-10-08T21:11:16,259,1,7,260
2022-10-08T21:20:30,259,1,7,260
2022-10-08T21:29:45,259,1,7,260
2022-10-08T21:39:00,259,1,7,260
2022-10-08T21:48:14,259,1,7,260
2022-10-08T21:57:29,259,1,7,260
2022-10-08T22:06:44,259,1,7,260
2022-10-08T22:15:59,259,1,7,260
2022-10-08T22:25:14,259,1,7,260
2022-10-08T22:34:28,259,1,7,260
2022-10-08T22:43:43,259,1,7,260
2022-10-08T22:52:57,259,1,7,260
2022-10-08T23:02:11,259,1,7,260
2022-10-08T23:11:28,259,1,7,260
2022-10-08T23:20:47,259,1,7,260
2022-10-08T23:30:01,259,1,7,260
2022-10-08T23:39:16,259,1,7,260
2022-10-08T23:48:32,259,1,7,260
2022-10-08T23:57:47,259,1,7,260
2022-10-09T00:07:03,259,1,7,260
2022-10-09T00:16:22,259,1,7,260
2022-10-09T00:25:39,259,1,7,260
2022-10-09T00:34:56,259,1,7,260
2022-10-09T00:44:10,259,1,7,260
2022-10-09T00:53:25,259,1,7,260
2022-10-09T01:02:40,259,1,7,260
2022-10-09T01:11:55,259,1,7,260
2022-10-09T01:21:10,259,1,7,260
2022-10-09T01:30:24,259,1,7,260
2022-10-09T01:39:40,259,1,7,260
2022-10-09T01:48:55,259,1,7,260
2022-10-09T01:58:10,259,1,7,260
2022-10-09T02:07:28,259,1,7,260
2022-10-09T02:16:43,259,1,7,260
2022-10-09T02:25:57,259,1,7,260
2022-10-09T02:35:15,259,1,7,260
2022-10-09T02:44:34,259,1,7,260
2022-10-09T02:53:56,259,1,7,260
2022-10-09T03:03:15,259,1,7,260
2022-10-09T03:12:34,259,1,7,260
2022-10-09T03:21:53,259,1,7,260
2022-10-09T03:31:12,259,1,7,260
2022-10-09T03:40:33,259,1,7,260
2022-10-09T03:49:53,259,1,7,260
2022-10-09T03:59:11,259,1,7,260
2022-10-09T04:08:31,259,1,7,260
2022-10-09T04:20:20,259,1,7,260
2022-10-09T04:30:47,259,1,7,260
2022-10-09T04:40:23,259,1,7,260
2022-10-09T04:49:41,259,1,7,260
2022-10-09T04:59:01,259,1,7,260
2022-10-09T05:08:20,259,1,7,260
2022-10-09T05:17:37,259,1,7,260
2022-10-09T05:26:53,259,1,7,260
2022-10-09T05:36:09,259,1,7,260
2022-10-09T05:45:24,259,1,7,260
2022-10-09T05:54:43,259,1,7,260
2022-10-09T06:04:01,259,1,7,260
2022-10-09T06:13:21,259,1,7,260
2022-10-09T06:22:40,259,1,7,260
2022-10-09T06:31:58,259,1,7,260
2022-10-09T06:41:16,259,1,7,260
2022-10-09T06:50:33,259,1,7,260
2022-10-09T06:59:49,259,1,7,260
2022-10-09T07:09:07,259,1,7,260
2022-10-09T07:18:23,259,1,7,260
2022-10-09T07:27:41,259,1,7,260
2022-10-09T07:36:59,259,1,7,260
2022-10-09T07:46:16,259,1,7,260
2022-10-09T07:55:33,259,1,7,260
2022-10-09T08:04:50,259,1,7,260
2022-10-09T08:14:07,259,1,7,260
2022-10-09T08:23:25,259,1,7,260
2022-10-09T08:32:44,259,1,7,260
2022-10-09T08:42:00,259,1,7,260
2022-10-09T08:51:16,259,1,7,260
2022-10-09T09:00:32,259,1,7,260
2022-10-09T09:09:48,259,1,7,260
2022-10-09T09:19:05,259,1,7,260
2022-10-09T09:28:21,259,1,7,260
2022-10-09T09:37:37,259,1,7,260
2022-10-09T09:46:53,259,1,7,260
2022-10-09T09:56:10,259,1,7,260
2022-10-09T10:05:27,259,1,7,260
2022-10-09T10:14:43,259,1,7,260
2022-10-09T10:23:59,259,1,7,260
2022-10-09T10:33:16,259,1,7,260
2022-10-09T10:42:33,259,1,7,260
2022-10-09T10:51:49,259,1,7,260
2022-10-09T11:01:07,259,1,7,260
2022-10-09T11:10:24,259,1,7,260
2022-10-09T11:19:41,259,1,7,260
2022-10-09T11:29:01,259,1,7,260
2022-10-09T11:38:18,259,1,7,260
2022-10-09T11:47:35,259,1,7,260
2022-10-09T11:56:52,259,1,7,260
2022-10-09T12:06:09,259,1,7,260
2022-10-09T12:15:25,259,1,7,260
2022-10-09T12:24:41,259,1,7,260
2022-10-09T12:33:57,259,1,7,260
2022-10-09T12:43:14,259,1,7,260
2022-10-09T12:52:31,259,1,7,260
2022-10-09T13:01:47,259,1,7,260
2022-10-09T13:11:05,259,1,7,260
2022-10-09T13:20:22,259,1,7,260
2022-10-09T13:29:38,259,1,7,260
2022-10-09T13:38:55,259,1,7,260
2022-10-09T13:48:12,259,1,7,260
2022-10-09T13:57:28,259,1,7,260
2022-10-09T14:06:46,259,1,7,260
2022-10-09T14:16:02,259,1,7,260
2022-10-09T14:25:18,259,1,7,260
2022-10-09T14:34:36,259,1,7,260
2022-10-09T14:43:52,259,1,7,260
2022-10-09T14:53:09,259,1,7,260
2022-10-09T14:59:23,259,1,7,260
2022-10-09T15:08:50,259,1,7,260
2022-10-09T15:18:07,259,1,7,260
2022-10-09T15:27:24,259,1,7,260
2022-10-09T15:36:42,259,1,7,260
2022-10-09T15:45:58,259,1,7,260
2022-10-09T15:55:15,259,1,7,260
2022-10-09T16:04:31,259,1,7,260
2022-10-09T16:13:48,259,1,7,260
2022-10-09T16:23:05,259,1,7,260
2022-10-09T16:32:21,259,1,7,260
2022-10-09T16:41:38,259,1,7,260
2022-10-09T16:50:55,259,1,7,260
2022-10-09T17:00:13,259,1,7,260
2022-10-09T17:09:30,259,1,7,260
2022-10-09T17:18:46,259,1,7,260
2022-10-09T17:28:03,259,1,7,260
2022-10-09T17:37:20,259,1,7,260
2022-10-09T17:46:35,259,1,7,260
2022-10-09T17:55:50,259,1,7,260
2022-10-09T18:05:07,259,1,7,260
2022-10-09T18:14:22,259,1,7,260
2022-10-09T18:23:37,259,1,7,260
2022-10-09T18:32:53,259,1,7,260
2022-10-09T18:42:12,259,1,7,260
2022-10-09T18:51:28,259,1,7,260
2022-10-09T19:00:43,259,1,7,260
2022-10-09T19:10:11,259,1,7,260
2022-10-09T19:19:26,259,1,7,260
2022-10-09T19:28:42,259,1,7,260
2022-10-09T19:37:57,259,1,7,260
2022-10-09T19:47:12,259,1,7,260
2022-10-09T19:56:27,259,1,7,260
2022-10-09T20:05:47,259,1,7,260
2022-10-09T20:15:04,259,1,7,260
2022-10-09T20:24:20,259,1,7,260
2022-10-09T20:33:35,259,1,7,260
2022-10-09T20:42:52,259,1,7,260
2022-10-09T20:52:08,259,1,7,260
2022-10-09T21:01:24,259,1,7,260
2022-10-09T21:10:40,259,1,7,260
2022-10-09T21:19:55,259,1,7,260
2022-10-09T21:29:13,259,1,7,260
2022-10-09T21:38:29,259,1,7,260
2022-10-09T21:47:46,259,1,7,260
2022-10-09T21:57:02,259,1,7,260
2022-10-09T22:06:18,259,1,7,260
2022-10-09T22:15:35,258,2,7,260
2022-10-09T22:24:51,258,2,7,260
2022-10-09T22:34:16,258,2,7,260
2022-10-09T22:43:32,258,2,7,260
2022-10-09T22:52:47,258,2,7,260
2022-10-09T23:02:03,258,2,7,260
2022-10-09T23:11:20,257,3,7,260
2022-10-09T23:20:37,257,3,7,260
2022-10-09T23:29:53,257,3,7,260
2022-10-09T23:39:08,257,3,7,260
2022-10-09T23:48:23,257,3,7,260
2022-10-09T23:57:39,257,3,7,260
2022-10-10T00:06:58,257,3,7,260
2022-10-10T00:16:21,257,3,7,260
2022-10-10T00:25:43,257,3,7,260
2022-10-10T00:35:07,257,3,7,260
2022-10-10T00:44:24,257,3,7,260
2022-10-10T00:53:41,257,3,7,260
2022-10-10T01:02:57,257,3,7,260
2022-10-10T01:12:12,257,3,7,260
2022-10-10T01:21:27,257,3,7,260
2022-10-10T01:30:42,257,3,7,260
2022-10-10T01:40:02,257,3,7,260
2022-10-10T01:49:21,257,3,7,260
2022-10-10T01:58:41,257,3,7,260
2022-10-10T02:08:01,257,3,7,260
2022-10-10T02:17:21,257,3,7,260
2022-10-10T02:26:38,257,3,7,260
2022-10-10T02:35:55,257,3,7,260
2022-10-10T02:45:12,257,3,7,260
2022-10-10T02:54:29,257,3,7,260
2022-10-10T03:03:44,257,3,7,260
2022-10-10T03:13:00,257,3,7,260
2022-10-10T03:22:16,257,3,7,260
2022-10-10T03:31:34,257,3,7,260
2022-10-10T03:40:52,257,3,7,260
2022-10-10T03:50:09,257,3,7,260
2022-10-10T03:59:27,257,3,7,260
2022-10-10T04:11:05,257,3,7,260
2022-10-10T04:22:33,257,3,7,260
2022-10-10T04:32:14,257,3,7,260
2022-10-10T04:41:34,257,3,7,260
2022-10-10T04:50:54,257,3,7,260
2022-10-10T05:00:14,257,3,7,260
2022-10-10T05:09:34,257,3,7,260
2022-10-10T05:18:50,257,3,7,260
2022-10-10T05:28:06,257,3,7,260
2022-10-10T05:37:21,257,3,7,260
2022-10-10T05:46:36,257,3,7,260
2022-10-10T05:55:55,257,3,7,260
2022-10-10T06:05:13,257,3,7,260
2022-10-10T06:14:32,257,3,7,260
2022-10-10T06:23:50,257,3,7,260
2022-10-10T06:33:08,257,3,7,260
2022-10-10T06:42:25,257,3,7,260
2022-10-10T06:51:42,257,3,7,260
2022-10-10T07:00:59,257,3,7,260
2022-10-10T07:10:17,257,3,7,260
2022-10-10T07:19:35,257,3,7,260
2022-10-10T07:28:53,257,3,7,260
2022-10-10T07:38:13,257,3,7,260
2022-10-10T07:47:33,257,3,7,260
2022-10-10T07:56:51,257,3,7,260
2022-10-10T08:06:09,257,3,7,260
2022-10-10T08:15:28,257,3,7,260
2022-10-10T08:24:47,257,3,7,260
2022-10-10T08:34:06,257,3,7,260
2022-10-10T08:43:25,257,3,7,260
2022-10-10T08:52:47,257,3,7,260
2022-10-10T09:02:21,257,3,7,260
2022-10-10T09:11:42,257,3,7,260
2022-10-10T09:21:01,257,3,7,260
2022-10-10T09:30:20,257,3,7,260
2022-10-10T09:39:39,257,3,7,260
2022-10-10T09:48:58,257,3,7,260
2022-10-10T09:58:17,257,3,7,260
2022-10-10T10:07:36,257,3,7,260
2022-10-10T10:16:55,257,3,7,260
2022-10-10T10:26:23,257,3,7,260
2022-10-10T10:35:46,257,3,7,260
2022-10-10T10:45:05,257,3,7,260
2022-10-10T10:54:24,257,3,7,260
2022-10-10T11:03:44,257,3,7,260
2022-10-10T11:13:03,257,3,7,260
2022-10-10T11:22:23,257,3,7,260
2022-10-10T11:31:42,257,3,7,260
2022-10-10T11:41:02,257,3,7,260
2022-10-10T11:50:21,257,3,7,260
2022-10-10T11:59:39,257,3,7,260
2022-10-10T12:08:59,257,3,7,260
2022-10-10T12:18:19,257,3,7,260
2022-10-10T12:27:37,257,3,7,260
2022-10-10T12:37:06,257,3,7,260
2022-10-10T12:46:26,257,3,7,260
2022-10-10T12:55:44,257,3,7,260
2022-10-10T13:05:03,257,3,7,260
2022-10-10T13:14:24,257,3,7,260
2022-10-10T13:23:42,257,3,7,260
2022-10-10T13:33:01,257,3,7,260
2022-10-10T13:42:22,257,3,7,260
2022-10-10T13:51:41,257,3,7,260
2022-10-10T14:01:01,257,3,7,260
2022-10-10T14:10:22,257,3,7,260
2022-10-10T14:19:41,257,3,7,260
2022-10-10T14:29:00,257,3,7,260
2022-10-10T14:38:31,257,3,7,260
2022-10-10T14:47:53,257,3,7,260
2022-10-10T14:57:12,257,3,7,260
2022-10-10T15:06:33,257,3,7,260
2022-10-10T15:15:57,257,3,7,260
2022-10-10T15:25:19,257,3,7,260
2022-10-10T15:34:40,257,3,7,260
2022-10-10T15:43:58,257,3,7,260
2022-10-10T15:53:20,257,3,7,260
2022-10-10T16:02:51,257,3,7,260
2022-10-10T16:12:11,257,3,7,260
2022-10-10T16:21:30,257,3,7,260
2022-10-10T16:30:48,257,3,7,260
2022-10-10T16:40:06,257,3,7,260
2022-10-10T16:49:23,257,3,7,260
2022-10-10T16:58:40,257,3,7,260
2022-10-10T17:07:59,257,3,7,260
2022-10-10T17:17:17,257,3,7,260
2022-10-10T17:26:35,257,3,7,260
2022-10-10T17:35:53,257,3,7,260
2022-10-10T17:45:11,257,3,7,260
2022-10-10T17:54:28,257,3,7,260
2022-10-10T18:03:46,257,3,7,260
2022-10-10T18:13:04,257,3,7,260
2022-10-10T18:22:22,257,3,7,260
2022-10-10T18:31:48,257,3,7,260
2022-10-10T18:41:04,257,3,7,260
2022-10-10T18:50:20,257,3,7,260
2022-10-10T18:59:36,257,3,7,260
2022-10-10T19:08:53,257,3,7,260
2022-10-10T19:18:08,257,3,7,260
2022-10-10T19:27:23,257,3,7,260
2022-10-10T19:36:39,257,3,7,260
2022-10-10T19:45:55,257,3,7,260
2022-10-10T19:55:12,257,3,7,260
2022-10-10T20:04:28,257,3,7,260
2022-10-10T20:13:44,257,3,7,260
2022-10-10T20:22:59,257,3,7,260
2022-10-10T20:32:16,257,3,7,260
2022-10-10T20:41:32,257,3,7,260
2022-10-10T20:50:47,257,3,7,260
2022-10-10T21:00:03,257,3,7,260
2022-10-10T21:09:18,257,3,7,260
2022-10-10T21:18:46,257,3,7,260
2022-10-10T21:28:02,257,3,7,260
2022-10-10T21:37:17,257,3,7,260
2022-10-10T21:46:33,257,3,7,260
2022-10-10T21:55:48,257,3,7,260
2022-10-10T22:05:03,257,3,7,260
2022-10-10T22:14:19,257,3,7,260
2022-10-10T22:23:35,257,3,7,260
2022-10-10T22:32:51,257,3,7,260
2022-10-10T22:42:07,257,3,7,260
2022-10-10T22:51:22,257,3,7,260
2022-10-10T23:00:37,257,3,7,260
2022-10-10T23:09:55,257,3,7,260
2022-10-10T23:19:12,257,3,7,260
2022-10-10T23:28:29,257,3,7,260
2022-10-10T23:37:45,257,3,7,260
2022-10-10T23:46:59,257,3,7,260
2022-10-10T23:56:16,257,3,7,260
2022-10-11T00:05:33,257,3,7,260
2022-10-11T00:14:50,257,3,7,260
2022-10-11T00:24:10,257,3,7,260
2022-10-11T00:33:26,257,3,7,260
2022-10-11T00:42:46,257,3,7,260
2022-10-11T00:52:05,257,3,7,260
2022-10-11T01:01:23,257,3,7,260
2022-10-11T01:10:40,257,3,7,260
2022-10-11T01:19:59,257,3,7,260
2022-10-11T01:29:18,257,3,7,260
2022-10-11T01:38:38,257,3,7,260
2022-10-11T01:47:56,257,3,7,260
2022-10-11T01:57:12,257,3,7,260
2022-10-11T02:06:29,257,3,7,260
2022-10-11T02:15:44,257,3,7,260
2022-10-11T02:24:58,257,3,7,260
2022-10-11T02:34:14,257,3,7,260
2022-10-11T02:43:28,257,3,7,260
2022-10-11T02:52:43,257,3,7,260
2022-10-11T03:02:00,257,3,7,260
2022-10-11T03:11:19,257,3,7,260
2022-10-11T03:20:36,257,3,7,260
2022-10-11T03:29:53,257,3,7,260
2022-10-11T03:39:12,257,3,7,260
2022-10-11T03:48:30,257,3,7,260
2022-10-11T03:57:47,257,3,7,260
2022-10-11T04:13:45,257,3,7,260
2022-10-11T04:23:05,257,3,7,260
2022-10-11T04:33:45,257,3,7,260
2022-10-11T04:43:06,257,3,7,260
2022-10-11T04:52:29,257,3,7,260
2022-10-11T05:01:53,257,3,7,260
2022-10-11T05:11:16,257,3,7,260
2022-10-11T05:20:34,257,3,7,260
2022-10-11T05:29:52,257,3,7,260
2022-10-11T05:39:11,257,3,7,260
2022-10-11T05:48:29,257,3,7,260
2022-10-11T05:57:49,257,3,7,260
2022-10-11T06:07:09,257,3,7,260
2022-10-11T06:16:29,257,3,7,260
2022-10-11T06:25:48,257,3,7,260
2022-10-11T06:35:07,257,3,7,260
2022-10-11T06:44:26,257,3,7,260
2022-10-11T06:53:43,257,3,7,260
2022-10-11T07:03:01,257,3,7,260
2022-10-11T07:12:19,257,3,7,260
2022-10-11T07:21:36,257,3,7,260
2022-10-11T07:30:54,257,3,7,260
2022-10-11T07:40:13,257,3,7,260
2022-10-11T07:49:32,257,3,7,260
2022-10-11T07:58:50,257,3,7,260
2022-10-11T08:08:09,257,3,7,260
2022-10-11T08:17:31,257,3,7,260
2022-10-11T08:26:49,257,3,7,260
2022-10-11T08:36:08,257,3,7,260
2022-10-11T08:45:26,257,3,7,260
2022-10-11T08:54:45,257,3,7,260
2022-10-11T09:04:14,257,3,7,260
2022-10-11T09:13:34,257,3,7,260
2022-10-11T09:22:54,257,3,7,260
2022-10-11T09:32:14,257,3,7,260
2022-10-11T09:41:35,257,3,7,260
2022-10-11T09:50:56,257,3,7,260
2022-10-11T10:00:15,257,3,7,260
2022-10-11T10:09:35,257,3,7,260
2022-10-11T10:18:55,257,3,7,260
2022-10-11T10:28:16,257,3,7,260
2022-10-11T10:37:56,257,3,7,260
2022-10-11T10:47:17,257,3,7,260
2022-10-11T10:56:37,257,3,7,260
2022-10-11T11:05:57,257,3,7,260
2022-10-11T11:15:16,257,3,7,260
2022-10-11T11:24:36,257,3,7,260
2022-10-11T11:33:57,257,3,7,260
2022-10-11T11:43:16,257,3,7,260
2022-10-11T11:52:36,257,3,7,260
2022-10-11T12:01:54,257,3,7,260
2022-10-11T12:11:13,257,3,7,260
2022-10-11T12:20:31,257,3,7,260
2022-10-11T12:30:00,257,3,7,260
2022-10-11T12:39:18,257,3,7,260
2022-10-11T12:48:36,257,3,7,260
2022-10-11T12:57:56,257,3,7,260
2022-10-11T13:07:15,257,3,7,260
2022-10-11T13:16:35,257,3,7,260
2022-10-11T13:25:54,257,3,7,260
2022-10-11T13:35:14,257,3,7,260
2022-10-11T13:44:33,257,3,7,260
2022-10-11T13:53:53,257,3,7,260
2022-10-11T14:03:13,257,3,7,260
2022-10-11T14:12:45,257,3,7,260
2022-10-11T14:22:06,257,3,7,260
2022-10-11T14:31:26,257,3,7,260
2022-10-11T14:40:46,257,3,7,260
2022-10-11T14:50:05,257,3,7,260
2022-10-11T14:59:25,257,3,7,260
2022-10-11T15:08:44,257,3,7,260
2022-10-11T15:18:02,257,3,7,260
2022-10-11T15:27:21,257,3,7,260
2022-10-11T15:36:40,257,3,7,260
2022-10-11T15:46:09,257,3,7,260
2022-10-11T15:55:27,257,3,7,260
2022-10-11T16:04:46,257,3,7,260
2022-10-11T16:14:04,257,3,7,260
2022-10-11T16:23:24,257,3,7,260
2022-10-11T16:32:44,257,3,7,260
2022-10-11T16:42:02,257,3,7,260
2022-10-11T16:51:22,257,3,7,260
2022-10-11T17:00:40,257,3,7,260
2022-10-11T17:09:59,257,3,7,260
2022-10-11T17:19:18,257,3,7,260
2022-10-11T17:28:47,257,3,7,260
2022-10-11T17:38:04,257,3,7,260
2022-10-11T17:47:21,257,3,7,260
2022-10-11T17:56:39,257,3,7,260
2022-10-11T18:05:56,257,3,7,260
2022-10-11T18:15:14,257,3,7,260
2022-10-11T18:24:32,257,3,7,260
2022-10-11T18:33:48,257,3,7,260
2022-10-11T18:43:04,257,3,7,260
2022-10-11T18:52:19,257,3,7,260
2022-10-11T19:01:37,257,3,7,260
2022-10-11T19:10:52,257,3,7,260
2022-10-11T19:20:07,257,3,7,260
2022-10-11T19:29:23,257,3,7,260
2022-10-11T19:38:38,257,3,7,260
2022-10-11T19:48:05,257,3,7,260
2022-10-11T19:57:20,257,3,7,260
2022-10-11T20:06:36,257,3,7,260
2022-10-11T20:15:51,257,3,7,260
2022-10-11T20:25:06,257,3,7,260
2022-10-11T20:34:21,257,3,7,260
2022-10-11T20:43:36,257,3,7,260
2022-10-11T20:52:51,257,3,7,260
2022-10-11T21:02:07,257,3,7,260
2022-10-11T21:11:22,257,3,7,260
2022-10-11T21:20:36,257,3,7,260
2022-10-11T21:29:51,257,3,7,260
2022-10-11T21:39:06,257,3,7,260
2022-10-11T21:48:21,257,3,7,260
2022-10-11T21:57:37,257,3,7,260
2022-10-11T22:06:52,257,3,7,260
2022-10-11T22:16:07,257,3,7,260
2022-10-11T22:25:22,257,3,7,260
2022-10-11T22:34:47,257,3,7,260
2022-10-11T22:44:02,257,3,7,260
2022-10-11T22:53:16,257,3,7,260
2022-10-11T23:02:33,257,3,7,260
2022-10-11T23:11:49,257,3,7,260
2022-10-11T23:21:04,257,3,7,260
2022-10-11T23:30:21,257,3,7,260
2022-10-11T23:39:36,257,3,7,260
2022-10-11T23:48:51,257,3,7,260
2022-10-11T23:58:05,257,3,7,260
2022-10-12T00:07:20,257,3,7,260
2022-10-12T00:16:36,257,3,7,260
2022-10-12T00:25:51,257,3,7,260
2022-10-12T00:35:05,257,3,7,260
2022-10-12T00:44:20,257,3,7,260
2022-10-12T00:53:35,257,3,7,260
2022-10-12T01:02:52,257,3,7,260
2022-10-12T01:12:09,257,3,7,260
2022-10-12T01:21:24,257,3,7,260
2022-10-12T01:30:39,257,3,7,260
2022-10-12T01:39:54,257,3,7,260
2022-10-12T01:49:08,257,3,7,260
2022-10-12T01:58:21,257,3,7,260
2022-10-12T02:07:36,257,3,7,260
2022-10-12T02:16:51,257,3,7,260
2022-10-12T02:26:07,257,3,7,260
2022-10-12T02:35:22,257,3,7,260
2022-10-12T02:44:37,257,3,7,260
2022-10-12T02:53:51,257,3,7,260
2022-10-12T03:03:05,257,3,7,260
2022-10-12T03:12:18,257,3,7,260
2022-10-12T03:21:30,257,3,7,260
2022-10-12T03:30:42,257,3,7,260
2022-10-12T03:39:57,257,3,7,260
2022-10-12T03:51:20,257,3,7,260
2022-10-12T04:00:49,257,3,7,260
2022-10-12T04:10:06,257,3,7,260
2022-10-12T04:20:21,257,3,7,260
2022-10-12T04:30:07,257,3,7,260
2022-10-12T04:39:30,257,3,7,260
2022-10-12T04:48:54,257,3,7,260
2022-10-12T04:58:17,257,3,7,260
2022-10-12T05:07:40,257,3,7,260
2022-10-12T05:17:02,257,3,7,260
2022-10-12T05:26:19,257,3,7,260
2022-10-12T05:35:36,257,3,7,260
2022-10-12T05:44:52,257,3,7,260
2022-10-12T05:54:10,257,3,7,260
2022-10-12T06:03:35,257,3,7,260
2022-10-12T06:12:55,257,3,7,260
2022-10-12T06:22:12,257,3,7,260
2022-10-12T06:31:28,257,3,7,260
2022-10-12T06:40:44,257,3,7,260
2022-10-12T06:50:00,257,3,7,260
2022-10-12T06:59:16,257,3,7,260
2022-10-12T07:08:34,257,3,7,260
2022-10-12T07:17:51,257,3,7,260
2022-10-12T07:27:08,257,3,7,260
2022-10-12T07:36:28,257,3,7,260
2022-10-12T07:45:46,257,3,7,260
2022-10-12T07:55:06,257,3,7,260
2022-10-12T08:04:24,257,3,7,260
2022-10-12T08:13:41,257,3,7,260
2022-10-12T08:22:58,257,3,7,260
2022-10-12T08:32:17,257,3,7,260
2022-10-12T08:41:35,257,3,7,260
2022-10-12T08:50:54,257,3,7,260
2022-10-12T09:00:11,257,3,7,260
2022-10-12T09:09:32,257,3,7,260
2022-10-12T09:18:49,257,3,7,260
2022-10-12T09:28:07,257,3,7,260
2022-10-12T09:37:26,257,3,7,260
2022-10-12T09:46:44,257,3,7,260
2022-10-12T09:56:02,257,3,7,260
2022-10-12T10:05:21,257,3,7,260
2022-10-12T10:14:41,257,3,7,260
2022-10-12T10:23:59,257,3,7,260
2022-10-12T10:33:18,257,3,7,260
2022-10-12T10:42:47,257,3,7,260
2022-10-12T10:52:05,257,3,7,260
2022-10-12T11:01:24,257,3,7,260
2022-10-12T11:10:42,257,3,7,260
2022-10-12T11:20:01,257,3,7,260
2022-10-12T11:29:19,257,3,7,260
2022-10-12T11:38:38,257,3,7,260
2022-10-12T11:50:19,257,3,7,260
2022-10-12T11:59:45,257,3,7,260
2022-10-12T12:09:03,257,3,7,260
2022-10-12T12:18:21,257,3,7,260
2022-10-12T12:27:50,257,3,7,260
2022-10-12T12:37:07,257,3,7,260
2022-10-12T12:46:26,257,3,7,260
2022-10-12T12:55:44,257,3,7,260
2022-10-12T13:05:02,257,3,7,260
2022-10-12T13:14:21,257,3,7,260
2022-10-12T13:23:41,257,3,7,260
2022-10-12T13:33:00,257,3,7,260
2022-10-12T13:42:19,257,3,7,260
2022-10-12T13:51:38,257,3,7,260
2022-10-12T14:00:56,257,3,7,260
2022-10-12T14:10:15,257,3,7,260
2022-10-12T14:19:44,257,3,7,260
2022-10-12T14:29:03,257,3,7,260
2022-10-12T14:38:22,257,3,7,260
2022-10-12T14:47:39,257,3,7,260
2022-10-12T14:56:58,257,3,7,260
2022-10-12T15:06:17,257,3,7,260
2022-10-12T15:15:36,257,3,7,260
2022-10-12T15:24:57,257,3,7,260
2022-10-12T15:34:16,257,3,7,260
2022-10-12T15:43:35,257,3,7,260
2022-10-12T15:52:56,257,3,7,260
2022-10-12T16:02:14,257,3,7,260
2022-10-12T16:11:33,257,3,7,260
2022-10-12T16:20:52,257,3,7,260
2022-10-12T16:30:22,257,3,7,260
2022-10-12T16:39:41,257,3,7,260
2022-10-12T16:49:00,257,3,7,260
2022-10-12T16:58:19,257,3,7,260
2022-10-12T17:07:37,257,3,7,260
2022-10-12T17:16:55,257,3,7,260
2022-10-12T17:26:13,257,3,7,260
2022-10-12T17:35:31,257,3,7,260
2022-10-12T17:44:49,257,3,7,260
2022-10-12T17:54:06,257,3,7,260
2022-10-12T18:03:23,257,3,7,260
2022-10-12T18:12:40,257,3,7,260
2022-10-12T18:21:57,257,3,7,260
2022-10-12T18:31:14,257,3,7,260
2022-10-12T18:40:30,257,3,7,260
2022-10-12T18:49:45,257,3,7,260
2022-10-12T18:59:01,257,3,7,260
2022-10-12T19:08:19,257,3,7,260
2022-10-12T19:17:34,257,3,7,260
2022-10-12T19:26:49,257,3,7,260
2022-10-12T19:36:15,257,3,7,260
2022-10-12T19:45:32,257,3,7,260
2022-10-12T19:54:47,257,3,7,260
2022-10-12T20:04:03,257,3,7,260
2022-10-12T20:13:18,257,3,7,260
2022-10-12T20:22:35,257,3,7,260
2022-10-12T20:31:51,257,3,7,260
2022-10-12T20:41:07,257,3,7,260
2022-10-12T20:50:23,257,3,7,260
2022-10-12T20:59:38,257,3,7,260
2022-10-12T21:08:54,257,3,7,260
2022-10-12T21:18:10,257,3,7,260
2022-10-12T21:27:27,257,3,7,260
2022-10-12T21:36:43,257,3,7,260
2022-10-12T21:45:58,257,3,7,260
2022-10-12T21:55:17,257,3,7,260
2022-10-12T22:04:32,257,3,7,260
2022-10-12T22:13:47,257,3,7,260
2022-10-12T22:23:12,257,3,7,260
2022-10-12T22:32:28,257,3,7,260
2022-10-12T22:41:43,257,3,7,260
2022-10-12T22:50:58,257,3,7,260
2022-10-12T23:00:13,257,3,7,260
2022-10-12T23:09:30,257,3,7,260
2022-10-12T23:18:45,257,3,7,260
2022-10-12T23:28:01,257,3,7,260
2022-10-12T23:37:16,257,3,7,260
2022-10-12T23:46:31,257,3,7,260
2022-10-12T23:55:47,257,3,7,260
2022-10-13T00:05:03,257,3,7,260
2022-10-13T00:14:20,257,3,7,260
2022-10-13T00:23:38,257,3,7,260
2022-10-13T01:50:50,257,3,7,260
2022-10-13T02:00:32,257,3,7,260
2022-10-13T02:09:50,257,3,7,260
2022-10-13T02:19:06,257,3,7,260
2022-10-13T02:28:21,257,3,7,260
2022-10-13T02:37:42,257,3,7,260
2022-10-13T02:47:02,257,3,7,260
2022-10-13T02:56:20,257,3,7,260
2022-10-13T03:05:39,257,3,7,260
2022-10-13T03:14:58,257,3,7,260
2022-10-13T03:24:14,257,3,7,260
2022-10-13T03:33:30,257,3,7,260
2022-10-13T03:42:48,257,3,7,260
2022-10-13T03:52:05,257,3,7,260
2022-10-13T04:01:24,257,3,7,260
2022-10-13T04:16:42,257,3,7,260
2022-10-13T04:26:03,257,3,7,260
2022-10-13T04:35:22,257,3,7,260
2022-10-13T04:45:22,257,3,7,260
2022-10-13T04:55:22,257,3,7,260
2022-10-13T05:04:39,257,3,7,260
2022-10-13T05:13:58,257,3,7,260
2022-10-13T05:23:16,257,3,7,260
2022-10-13T05:32:33,257,3,7,260
2022-10-13T05:41:48,257,3,7,260
2022-10-13T05:51:05,257,3,7,260
2022-10-13T06:00:22,257,3,7,260
2022-10-13T06:09:40,257,3,7,260
2022-10-13T06:18:58,257,3,7,260
2022-10-13T06:28:16,257,3,7,260
2022-10-13T06:37:32,257,3,7,260
2022-10-13T06:46:50,257,3,7,260
2022-10-13T06:56:06,257,3,7,260
2022-10-13T07:05:22,257,3,7,260
2022-10-13T07:14:40,257,3,7,260
2022-10-13T07:23:58,257,3,7,260
2022-10-13T07:33:14,257,3,7,260
2022-10-13T07:42:33,257,3,7,260
2022-10-13T07:51:51,257,3,7,260
2022-10-13T08:01:08,257,3,7,260
2022-10-13T08:10:30,257,3,7,260
2022-10-13T08:19:48,257,3,7,260
2022-10-13T08:29:05,257,3,7,260
2022-10-13T08:38:22,257,3,7,260
2022-10-13T08:47:39,257,3,7,260
2022-10-13T08:56:57,257,3,7,260
2022-10-13T09:06:14,257,3,7,260
2022-10-13T09:15:33,257,3,7,260
2022-10-13T09:24:51,257,3,7,260
2022-10-13T09:34:10,257,3,7,260
2022-10-13T09:43:29,257,3,7,260
2022-10-13T09:52:49,257,3,7,260
2022-10-13T10:02:09,257,3,7,260
2022-10-13T10:11:29,257,3,7,260
2022-10-13T10:20:47,257,3,7,260
2022-10-13T10:30:07,257,3,7,260
2022-10-13T10:39:24,257,3,7,260
2022-10-13T10:48:41,257,3,7,260
2022-10-13T10:58:11,257,3,7,260
2022-10-13T11:07:30,257,3,7,260
2022-10-13T11:16:49,257,3,7,260
2022-10-13T11:26:06,257,3,7,260
2022-10-13T11:35:44,257,3,7,260
2022-10-13T11:45:04,257,3,7,260
2022-10-13T11:54:22,257,3,7,260
2022-10-13T12:03:40,257,3,7,260
2022-10-13T12:12:58,257,3,7,260
2022-10-13T12:22:16,257,3,7,260
2022-10-13T12:31:35,257,3,7,260
2022-10-13T12:40:53,257,3,7,260
2022-10-13T12:50:13,257,3,7,260
2022-10-13T12:59:31,257,3,7,260
2022-10-13T13:08:50,257,3,7,260
2022-10-13T13:18:08,257,3,7,260
2022-10-13T13:27:37,257,3,7,260
2022-10-13T13:36:56,257,3,7,260
2022-10-13T13:46:14,257,3,7,260
2022-10-13T13:55:32,257,3,7,260
2022-10-13T14:04:51,257,3,7,260
2022-10-13T14:14:10,257,3,7,260
2022-10-13T14:23:29,257,3,7,260
2022-10-13T14:32:47,257,3,7,260
2022-10-13T14:42:06,257,3,7,260
2022-10-13T14:51:24,257,3,7,260
2022-10-13T15:00:53,257,3,7,260
2022-10-13T15:10:11,257,3,7,260
2022-10-13T15:19:29,257,3,7,260
2022-10-13T15:28:47,257,3,7,260
2022-10-13T15:38:05,257,3,7,260
2022-10-13T15:47:22,257,3,7,260
2022-10-13T15:56:41,257,3,7,260
2022-10-13T16:05:59,257,3,7,260
2022-10-13T16:15:17,257,3,7,260
2022-10-13T16:24:35,257,3,7,260
2022-10-13T16:33:52,257,3,7,260
2022-10-13T16:43:10,257,3,7,260
2022-10-13T16:52:27,257,3,7,260
2022-10-13T17:01:44,257,3,7,260
2022-10-13T17:11:02,257,3,7,260
2022-10-13T17:20:19,257,3,7,260
2022-10-13T17:29:35,257,3,7,260
2022-10-13T17:38:53,257,3,7,260
2022-10-13T17:48:10,257,3,7,260
2022-10-13T17:57:40,257,3,7,260
2022-10-13T18:06:57,257,3,7,260
2022-10-13T18:16:14,257,3,7,260
2022-10-13T18:25:32,257,3,7,260
2022-10-13T18:34:50,257,3,7,260
2022-10-13T18:44:06,257,3,7,260
2022-10-13T18:53:23,257,3,7,260
2022-10-13T19:02:40,257,3,7,260
2022-10-13T19:11:55,257,3,7,260
2022-10-13T19:21:10,257,3,7,260
2022-10-13T19:30:26,257,3,7,260
2022-10-13T19:39:43,257,3,7,260
2022-10-13T19:48:59,257,3,7,260
2022-10-13T19:58:14,257,3,7,260
2022-10-13T20:07:29,257,3,7,260
2022-10-13T20:16:43,257,3,7,260
2022-10-13T20:25:58,257,3,7,260
2022-10-13T20:35:13,257,3,7,260
2022-10-13T20:44:29,257,3,7,260
2022-10-13T20:53:44,257,3,7,260
2022-10-13T21:02:59,257,3,7,260
2022-10-13T21:12:15,257,3,7,260
2022-10-13T21:21:32,257,3,7,260
2022-10-13T21:30:47,257,3,7,260
2022-10-13T21:40:02,257,3,7,260
2022-10-13T21:49:28,257,3,7,260
2022-10-13T21:58:43,257,3,7,260
2022-10-13T22:07:59,257,3,7,260
2022-10-13T22:17:14,257,3,7,260
2022-10-13T22:26:32,257,3,7,260
2022-10-13T22:35:47,257,3,7,260
2022-10-13T22:45:02,257,3,7,260
2022-10-13T22:54:16,257,3,7,260
2022-10-13T23:03:31,257,3,7,260
2022-10-13T23:12:47,257,3,7,260
2022-10-13T23:22:03,257,3,7,260
2022-10-13T23:31:18,257,3,7,260
2022-10-13T23:40:33,257,3,7,260
2022-10-13T23:49:48,257,3,7,260
2022-10-13T23:59:02,257,3,7,260
2022-10-14T00:08:18,257,3,7,260
2022-10-14T00:17:39,257,3,7,260
2022-10-14T00:26:57,257,3,7,260
2022-10-14T00:36:14,257,3,7,260
2022-10-14T00:45:32,257,3,7,260
2022-10-14T00:54:50,257,3,7,260
2022-10-14T01:04:08,257,3,7,260
2022-10-14T01:13:26,257,3,7,260
2022-10-14T01:22:44,257,3,7,260
2022-10-14T01:32:03,257,3,7,260
2022-10-14T01:41:21,257,3,7,260
2022-10-14T01:50:38,257,3,7,260
2022-10-14T01:59:55,257,3,7,260
2022-10-14T02:09:14,257,3,7,260
2022-10-14T02:18:32,257,3,7,260
2022-10-14T02:27:51,257,3,7,260
2022-10-14T02:37:08,257,3,7,260
2022-10-14T02:46:24,257,3,7,260
2022-10-14T02:55:40,257,3,7,260
2022-10-14T03:04:56,257,3,7,260
2022-10-14T03:14:13,257,3,7,260
2022-10-14T03:23:30,257,3,7,260
2022-10-14T03:32:49,257,3,7,260
2022-10-14T03:42:08,257,3,7,260
2022-10-14T03:51:26,257,3,7,260
2022-10-14T04:00:45,257,3,7,260
2022-10-14T04:10:04,257,3,7,260
2022-10-14T04:23:38,257,3,7,260
2022-10-14T04:33:20,257,3,7,260
2022-10-14T04:42:39,257,3,7,260
2022-10-14T04:51:58,257,3,7,260
2022-10-14T05:01:18,257,3,7,260
2022-10-14T05:10:35,257,3,7,260
2022-10-14T05:19:51,257,3,7,260
2022-10-14T05:29:07,257,3,7,260
2022-10-14T05:39:29,257,3,7,260
2022-10-14T05:49:01,257,3,7,260
2022-10-14T05:58:19,257,3,7,260
2022-10-14T06:07:38,257,3,7,260
2022-10-14T06:16:58,257,3,7,260
2022-10-14T06:26:16,257,3,7,260
2022-10-14T06:35:35,257,3,7,260
2022-10-14T06:44:51,257,3,7,260
2022-10-14T06:54:07,257,3,7,260
2022-10-14T07:03:30,257,3,7,260
2022-10-14T07:12:55,257,3,7,260
2022-10-14T07:22:19,257,3,7,260
2022-10-14T07:31:46,257,3,7,260
2022-10-14T07:41:11,257,3,7,260
2022-10-14T07:50:36,257,3,7,260
2022-10-14T08:00:02,257,3,7,260
2022-10-14T08:09:28,257,3,7,260
2022-10-14T08:18:53,257,3,7,260
2022-10-14T08:28:19,257,3,7,260
2022-10-14T08:37:44,257,3,7,260
2022-10-14T08:47:06,257,3,7,260
2022-10-14T08:56:30,257,3,7,260
2022-10-14T09:05:49,257,3,7,260
2022-10-14T09:15:08,257,3,7,260
2022-10-14T09:24:27,257,3,7,260
2022-10-14T09:33:48,257,3,7,260
2022-10-14T09:43:07,257,3,7,260
2022-10-14T09:52:27,257,3,7,260
2022-10-14T10:01:46,257,3,7,260
2022-10-14T10:11:06,257,3,7,260
2022-10-14T10:20:24,257,3,7,260
2022-10-14T10:29:43,257,3,7,260
2022-10-14T10:39:02,257,3,7,260
2022-10-14T10:48:21,257,3,7,260
2022-10-14T10:57:40,257,3,7,260
2022-10-14T11:07:00,257,3,7,260
2022-10-14T11:16:29,257,3,7,260
2022-10-14T11:25:50,257,3,7,260
2022-10-14T11:35:10,257,3,7,260
2022-10-14T11:44:29,257,3,7,260
2022-10-14T11:53:49,257,3,7,260
2022-10-14T12:03:09,257,3,7,260
2022-10-14T12:12:28,257,3,7,260
2022-10-14T12:21:47,257,3,7,260
2022-10-14T12:31:07,257,3,7,260
2022-10-14T12:40:25,257,3,7,260
2022-10-14T12:49:44,257,3,7,260
2022-10-14T12:59:04,257,3,7,260
2022-10-14T13:08:33,257,3,7,260
2022-10-14T13:17:52,257,3,7,260
2022-10-14T13:27:12,257,3,7,260
2022-10-14T13:36:30,257,3,7,260
2022-10-14T13:45:50,257,3,7,260
2022-10-14T13:55:08,257,3,7,260
2022-10-14T14:04:27,257,3,7,260
2022-10-14T14:13:47,257,3,7,260
2022-10-14T14:23:06,257,3,7,260
2022-10-14T14:32:24,257,3,7,260
2022-10-14T14:41:44,257,3,7,260
2022-10-14T14:51:02,257,3,7,260
2022-10-14T15:00:22,257,3,7,260
2022-10-14T15:09:42,257,3,7,260
2022-10-14T15:19:15,257,3,7,260
2022-10-14T15:28:33,257,3,7,260
2022-10-14T15:37:52,257,3,7,260
2022-10-14T15:47:11,257,3,7,260
2022-10-14T15:56:30,257,3,7,260
2022-10-14T16:05:50,257,3,7,260
2022-10-14T16:15:08,257,3,7,260
2022-10-14T16:24:27,257,3,7,260
2022-10-14T16:33:45,257,3,7,260
2022-10-14T16:43:02,257,3,7,260
2022-10-14T16:52:20,257,3,7,260
2022-10-14T17:01:39,257,3,7,260
2022-10-14T17:10:57,257,3,7,260
2022-10-14T17:20:16,257,3,7,260
2022-10-14T17:29:34,257,3,7,260
2022-10-14T17:38:51,257,3,7,260
2022-10-14T17:48:09,257,3,7,260
2022-10-14T17:57:26,257,3,7,260
2022-10-14T18:06:44,257,3,7,260
2022-10-14T18:16:02,257,3,7,260
2022-10-14T18:25:20,257,3,7,260
2022-10-14T18:34:38,257,3,7,260
2022-10-14T18:44:04,257,3,7,260
2022-10-14T18:53:22,257,3,7,260
2022-10-14T19:02:39,257,3,7,260
2022-10-14T19:11:55,257,3,7,260
2022-10-14T19:21:11,257,3,7,260
2022-10-14T19:30:28,257,3,7,260
2022-10-14T19:39:44,257,3,7,260
2022-10-14T19:49:00,257,3,7,260
2022-10-14T19:58:16,257,3,7,260
2022-10-14T20:07:32,257,3,7,260
2022-10-14T20:16:48,257,3,7,260
2022-10-14T20:26:04,257,3,7,260
2022-10-14T20:35:20,257,3,7,260
2022-10-14T20:44:35,257,3,7,260
2022-10-14T20:53:51,257,3,7,260
2022-10-14T21:03:06,257,3,7,260
2022-10-14T21:12:22,257,3,7,260
2022-10-14T21:21:39,257,3,7,260
2022-10-14T21:30:57,257,3,7,260
2022-10-14T21:40:14,257,3,7,260
2022-10-14T21:49:30,257,3,7,260
2022-10-14T21:58:46,257,3,7,260
2022-10-14T22:08:02,257,3,7,260
2022-10-14T22:17:18,257,3,7,260
2022-10-14T22:26:34,257,3,7,260
2022-10-14T22:35:50,257,3,7,260
2022-10-14T22:45:05,257,3,7,260
2022-10-14T22:54:22,257,3,7,260
2022-10-14T23:03:37,257,3,7,260
2022-10-14T23:12:54,257,3,7,260
2022-10-14T23:22:11,257,3,7,260
2022-10-14T23:31:27,257,3,7,260
2022-10-14T23:40:42,257,3,7,260
2022-10-14T23:49:58,257,3,7,260
2022-10-14T23:59:15,257,3,7,260
2022-10-15T00:08:42,257,3,7,260
2022-10-15T00:18:04,257,3,7,260
2022-10-15T00:27:22,257,3,7,260
2022-10-15T00:36:40,257,3,7,260
2022-10-15T00:46:01,257,3,7,260
2022-10-15T00:55:21,257,3,7,260
2022-10-15T01:04:41,257,3,7,260
2022-10-15T01:13:59,257,3,7,260
2022-10-15T01:23:17,257,3,7,260
2022-10-15T01:32:36,257,3,7,260
2022-10-15T01:41:54,257,3,7,260
2022-10-15T01:51:12,257,3,7,260
2022-10-15T02:00:29,257,3,7,260
2022-10-15T02:09:46,257,3,7,260
2022-10-15T02:19:01,257,3,7,260
2022-10-15T02:28:16,257,3,7,260
2022-10-15T02:37:31,257,3,7,260
2022-10-15T02:46:47,257,3,7,260
2022-10-15T02:56:03,257,3,7,260
2022-10-15T03:05:19,257,3,7,260
2022-10-15T03:14:37,257,3,7,260
2022-10-15T03:23:52,257,3,7,260
2022-10-15T03:33:07,257,3,7,260
2022-10-15T03:42:24,257,3,7,260
2022-10-15T03:51:43,257,3,7,260
2022-10-15T04:01:01,257,3,7,260
2022-10-15T04:23:20,257,3,7,260
2022-10-15T04:32:41,257,3,7,260
2022-10-15T04:42:00,257,3,7,260
2022-10-15T04:51:19,257,3,7,260
2022-10-15T05:00:36,257,3,7,260
2022-10-15T05:09:52,257,3,7,260
2022-10-15T05:19:11,257,3,7,260
2022-10-15T05:29:10,257,3,7,260
2022-10-15T05:38:30,257,3,7,260
2022-10-15T05:47:48,257,3,7,260
2022-10-15T05:57:08,257,3,7,260
2022-10-15T06:06:28,257,3,7,260
2022-10-15T06:15:50,257,3,7,260
2022-10-15T06:25:11,257,3,7,260
2022-10-15T06:34:31,257,3,7,260
2022-10-15T06:43:51,257,3,7,260
2022-10-15T06:53:11,257,3,7,260
2022-10-15T07:02:31,257,3,7,260
2022-10-15T07:11:53,257,3,7,260
2022-10-15T07:21:16,257,3,7,260
2022-10-15T07:30:38,257,3,7,260
2022-10-15T07:40:00,257,3,7,260
2022-10-15T07:49:21,257,3,7,260
2022-10-15T07:58:42,257,3,7,260
2022-10-15T08:08:03,257,3,7,260
2022-10-15T08:17:25,257,3,7,260
2022-10-15T08:26:47,257,3,7,260
2022-10-15T08:36:08,257,3,7,260
2022-10-15T08:45:27,257,3,7,260
2022-10-15T08:54:47,257,3,7,260
2022-10-15T09:04:06,257,3,7,260
2022-10-15T09:13:25,257,3,7,260
2022-10-15T09:22:44,257,3,7,260
2022-10-15T09:32:05,257,3,7,260
2022-10-15T09:41:24,257,3,7,260
2022-10-15T09:50:44,257,3,7,260
2022-10-15T10:00:03,257,3,7,260
2022-10-15T10:09:24,257,3,7,260
2022-10-15T10:18:43,257,3,7,260
2022-10-15T10:28:03,257,3,7,260
2022-10-15T10:37:20,257,3,7,260
2022-10-15T10:46:37,257,3,7,260
2022-10-15T10:55:54,257,3,7,260
2022-10-15T11:05:11,257,3,7,260
2022-10-15T11:14:29,257,3,7,260
2022-10-15T11:23:45,257,3,7,260
2022-10-15T11:33:03,257,3,7,260
2022-10-15T11:42:20,257,3,7,260
2022-10-15T11:51:37,257,3,7,260
2022-10-15T12:00:56,257,3,7,260
2022-10-15T12:10:13,257,3,7,260
2022-10-15T12:19:30,257,3,7,260
2022-10-15T12:28:49,257,3,7,260
2022-10-15T12:38:06,257,3,7,260
2022-10-15T12:47:23,257,3,7,260
2022-10-15T12:56:40,257,3,7,260
2022-10-15T13:05:56,257,3,7,260
2022-10-15T13:15:13,257,3,7,260
2022-10-15T13:24:30,257,3,7,260
2022-10-15T13:33:46,257,3,7,260
2022-10-15T13:43:03,257,3,7,260
2022-10-15T13:52:21,257,3,7,260
2022-10-15T14:01:38,257,3,7,260
2022-10-15T14:10:55,257,3,7,260
2022-10-15T14:20:13,257,3,7,260
2022-10-15T14:29:29,257,3,7,260
2022-10-15T14:38:47,257,3,7,260
2022-10-15T14:48:05,257,3,7,260
2022-10-15T14:57:22,257,3,7,260
2022-10-15T15:06:40,257,3,7,260
2022-10-15T15:15:57,257,3,7,260
2022-10-15T15:25:14,257,3,7,260
2022-10-15T15:34:31,257,3,7,260
2022-10-15T15:43:48,257,3,7,260
2022-10-15T15:53:05,257,3,7,260
2022-10-15T16:02:22,257,3,7,260
2022-10-15T16:11:40,257,3,7,260
2022-10-15T16:20:57,257,3,7,260
2022-10-15T16:30:14,257,3,7,260
2022-10-15T16:39:32,257,3,7,260
2022-10-15T16:48:49,257,3,7,260
2022-10-15T16:58:16,257,3,7,260
2022-10-15T17:07:34,257,3,7,260
2022-10-15T17:16:53,257,3,7,260
2022-10-15T17:26:11,257,3,7,260
2022-10-15T17:35:29,257,3,7,260
2022-10-15T17:44:46,257,3,7,260
2022-10-15T17:54:03,257,3,7,260
2022-10-15T18:03:21,257,3,7,260
2022-10-15T18:12:38,257,3,7,260
2022-10-15T18:21:55,257,3,7,260
2022-10-15T18:31:11,257,3,7,260
2022-10-15T18:40:28,257,3,7,260
2022-10-15T18:49:43,257,3,7,260
2022-10-15T18:58:58,257,3,7,260
2022-10-15T19:08:15,257,3,7,260
2022-10-15T19:17:30,257,3,7,260
2022-10-15T19:26:45,257,3,7,260
2022-10-15T19:36:01,257,3,7,260
2022-10-15T19:45:17,257,3,7,260
2022-10-15T19:54:32,257,3,7,260
2022-10-15T20:03:48,257,3,7,260
2022-10-15T20:13:04,257,3,7,260
2022-10-15T20:22:19,257,3,7,260
2022-10-15T20:31:34,257,3,7,260
2022-10-15T20:40:50,257,3,7,260
2022-10-15T20:50:06,257,3,7,260
2022-10-15T20:59:22,257,3,7,260
2022-10-15T21:08:38,257,3,7,260
2022-10-15T21:17:53,257,3,7,260
2022-10-15T21:27:08,257,3,7,260
2022-10-15T21:36:24,257,3,7,260
2022-10-15T21:45:39,257,3,7,260
2022-10-15T21:54:55,257,3,7,260
2022-10-15T22:04:09,257,3,7,260
2022-10-15T22:13:25,257,3,7,260
2022-10-15T22:22:41,257,3,7,260
2022-10-15T22:31:57,257,3,7,260
2022-10-15T22:41:13,257,3,7,260
2022-10-15T22:50:28,257,3,7,260
2022-10-15T22:59:44,257,3,7,260
2022-10-15T23:09:01,257,3,7,260
2022-10-15T23:18:19,257,3,7,260
2022-10-15T23:27:34,257,3,7,260
2022-10-15T23:36:50,257,3,7,260
2022-10-15T23:46:06,257,3,7,260
2022-10-15T23:55:22,257,3,7,260
2022-10-16T00:04:37,257,3,7,260
2022-10-16T00:13:53,257,3,7,260
2022-10-16T00:23:09,257,3,7,260
2022-10-16T00:32:24,257,3,7,260
2022-10-16T00:41:40,257,3,7,260
2022-10-16T01:01:04,257,3,7,260
2022-10-16T01:10:30,257,3,7,260
2022-10-16T01:19:49,257,3,7,260
2022-10-16T01:29:10,257,3,7,260
2022-10-16T01:38:30,257,3,7,260
2022-10-16T01:47:51,257,3,7,260
2022-10-16T01:57:11,257,3,7,260
2022-10-16T02:06:31,257,3,7,260
2022-10-16T02:15:51,257,3,7,260
2022-10-16T02:25:10,257,3,7,260
2022-10-16T02:34:28,257,3,7,260
2022-10-16T02:43:46,257,3,7,260
2022-10-16T02:53:02,257,3,7,260
2022-10-16T03:02:18,257,3,7,260
2022-10-16T03:11:35,257,3,7,260
2022-10-16T03:20:54,257,3,7,260
2022-10-16T03:30:11,257,3,7,260
2022-10-16T03:39:30,257,3,7,260
2022-10-16T03:48:49,257,3,7,260
2022-10-16T03:58:07,257,3,7,260
2022-10-16T04:07:27,257,3,7,260
2022-10-16T04:24:24,257,3,7,260
2022-10-16T04:35:01,257,3,7,260
2022-10-16T04:44:37,257,3,7,260
2022-10-16T04:53:58,257,3,7,260
2022-10-16T05:03:15,257,3,7,260
2022-10-16T05:12:32,257,3,7,260
2022-10-16T05:21:47,257,3,7,260
2022-10-16T05:31:03,257,3,7,260
2022-10-16T05:40:19,257,3,7,260
2022-10-16T05:49:35,257,3,7,260
2022-10-16T05:58:53,257,3,7,260
2022-10-16T06:08:13,257,3,7,260
2022-10-16T06:17:32,257,3,7,260
2022-10-16T06:26:50,257,3,7,260
2022-10-16T06:36:09,257,3,7,260
2022-10-16T06:45:25,257,3,7,260
2022-10-16T06:54:42,257,3,7,260
2022-10-16T07:03:59,257,3,7,260
2022-10-16T07:13:17,257,3,7,260
2022-10-16T07:22:36,257,3,7,260
2022-10-16T07:31:54,257,3,7,260
2022-10-16T07:41:12,257,3,7,260
2022-10-16T07:50:31,257,3,7,260
2022-10-16T07:59:49,257,3,7,260
2022-10-16T08:09:07,257,3,7,260
2022-10-16T08:18:25,257,3,7,260
2022-10-16T08:27:46,257,3,7,260
2022-10-16T08:37:05,257,3,7,260
2022-10-16T08:46:22,257,3,7,260
2022-10-16T08:55:39,257,3,7,260
2022-10-16T09:05:04,257,3,7,260
2022-10-16T09:14:21,257,3,7,260
2022-10-16T09:23:40,257,3,7,260
2022-10-16T09:32:57,257,3,7,260
2022-10-16T09:42:15,257,3,7,260
2022-10-16T09:51:32,257,3,7,260
2022-10-16T10:00:49,257,3,7,260
2022-10-16T10:10:06,257,3,7,260
2022-10-16T10:19:24,257,3,7,260
2022-10-16T10:28:41,257,3,7,260
2022-10-16T10:37:59,257,3,7,260
2022-10-16T10:47:17,257,3,7,260
2022-10-16T10:56:34,257,3,7,260
2022-10-16T11:05:52,257,3,7,260
2022-10-16T11:15:09,257,3,7,260
2022-10-16T11:24:27,257,3,7,260
2022-10-16T11:33:44,257,3,7,260
2022-10-16T11:43:01,257,3,7,260
2022-10-16T11:52:18,257,3,7,260
2022-10-16T12:01:36,257,3,7,260
2022-10-16T12:11:03,257,3,7,260
2022-10-16T12:20:21,257,3,7,260
2022-10-16T12:29:37,257,3,7,260
2022-10-16T12:38:54,257,3,7,260
2022-10-16T12:48:12,257,3,7,260
2022-10-16T12:57:29,257,3,7,260
2022-10-16T13:06:47,257,3,7,260
2022-10-16T13:16:05,257,3,7,260
2022-10-16T13:25:23,257,3,7,260
2022-10-16T13:34:41,257,3,7,260
2022-10-16T13:43:58,257,3,7,260
2022-10-16T13:53:16,257,3,7,260
2022-10-16T14:02:33,257,3,7,260
2022-10-16T14:11:51,257,3,7,260
2022-10-16T14:21:09,257,3,7,260
2022-10-16T14:30:27,257,3,7,260
2022-10-16T14:39:54,257,3,7,260
2022-10-16T14:49:11,257,3,7,260
2022-10-16T14:58:29,257,3,7,260
2022-10-16T15:07:46,257,3,7,260
2022-10-16T15:17:04,257,3,7,260
2022-10-16T15:26:22,257,3,7,260
2022-10-16T15:35:40,257,3,7,260
2022-10-16T15:44:57,257,3,7,260
2022-10-16T15:54:16,257,3,7,260
2022-10-16T16:03:34,257,3,7,260
2022-10-16T16:12:52,257,3,7,260
2022-10-16T16:22:10,257,3,7,260
2022-10-16T16:31:28,257,3,7,260
2022-10-16T16:40:45,257,3,7,260
2022-10-16T16:50:03,257,3,7,260
2022-10-16T16:59:30,257,3,7,260
2022-10-16T17:08:47,257,3,7,260
2022-10-16T17:18:05,257,3,7,260
2022-10-16T17:27:23,257,3,7,260
2022-10-16T17:36:41,257,3,7,260
2022-10-16T17:45:59,257,3,7,260
2022-10-16T17:55:16,257,3,7,260
2022-10-16T18:04:34,257,3,7,260
2022-10-16T18:13:51,257,3,7,260
2022-10-16T18:23:09,257,3,7,260
2022-10-16T18:32:26,257,3,7,260
2022-10-16T18:41:43,257,3,7,260
2022-10-16T18:50:58,257,3,7,260
2022-10-16T19:00:15,257,3,7,260
2022-10-16T19:09:33,257,3,7,260
2022-10-16T19:18:49,257,3,7,260
2022-10-16T19:28:06,257,3,7,260
2022-10-16T19:37:22,257,3,7,260
2022-10-16T19:46:48,257,3,7,260
2022-10-16T19:56:04,257,3,7,260
2022-10-16T20:05:21,257,3,7,260
2022-10-16T20:14:37,257,3,7,260
2022-10-16T20:23:53,257,3,7,260
2022-10-16T20:33:09,257,3,7,260
2022-10-16T20:42:25,257,3,7,260
2022-10-16T20:51:41,257,3,7,260
2022-10-16T21:00:57,257,3,7,260
2022-10-16T21:10:13,257,3,7,260
2022-10-16T21:19:29,257,3,7,260
2022-10-16T21:28:46,257,3,7,260
2022-10-16T21:38:03,257,3,7,260
2022-10-16T21:47:19,257,3,7,260
2022-10-16T21:56:35,257,3,7,260
2022-10-16T22:05:50,257,3,7,260
2022-10-16T22:15:07,257,3,7,260
2022-10-16T22:24:24,257,3,7,260
2022-10-16T22:33:41,257,3,7,260
2022-10-16T22:42:58,257,3,7,260
2022-10-16T22:52:14,257,3,7,260
2022-10-16T23:01:41,257,3,7,260
2022-10-16T23:10:59,257,3,7,260
2022-10-16T23:20:16,257,3,7,260
2022-10-16T23:29:33,257,3,7,260
2022-10-16T23:38:50,257,3,7,260
2022-10-16T23:48:06,257,3,7,260
2022-10-16T23:57:22,257,3,7,260
2022-10-17T00:06:38,257,3,7,260
2022-10-17T00:15:56,257,3,7,260
2022-10-17T00:25:15,257,3,7,260
2022-10-17T00:34:39,257,3,7,260
2022-10-17T00:44:13,257,3,7,260
2022-10-17T00:53:34,257,3,7,260
2022-10-17T01:02:54,257,3,7,260
2022-10-17T01:12:10,257,3,7,260
2022-10-17T01:21:32,257,3,7,260
2022-10-17T01:30:52,257,3,7,260
2022-10-17T01:40:11,257,3,7,260
2022-10-17T01:49:30,257,3,7,260
2022-10-17T01:59:00,257,3,7,260
2022-10-17T02:08:19,257,3,7,260
2022-10-17T02:17:38,257,3,7,260
2022-10-17T02:26:56,257,3,7,260
2022-10-17T02:36:13,257,3,7,260
2022-10-17T02:45:29,257,3,7,260
2022-10-17T02:54:46,257,3,7,260
2022-10-17T03:04:03,257,3,7,260
2022-10-17T03:13:19,257,3,7,260
2022-10-17T03:22:37,257,3,7,260
2022-10-17T03:31:55,257,3,7,260
2022-10-17T03:41:14,257,3,7,260
2022-10-17T03:50:32,257,3,7,260
2022-10-17T03:59:50,257,3,7,260
2022-10-17T04:09:08,257,3,7,260
2022-10-17T04:21:47,257,3,7,260
2022-10-17T04:31:54,257,3,7,260
2022-10-17T04:41:15,257,3,7,260
2022-10-17T04:50:35,257,3,7,260
2022-10-17T04:59:56,257,3,7,260
2022-10-17T05:09:13,257,3,7,260
2022-10-17T05:18:30,257,3,7,260
2022-10-17T05:27:46,257,3,7,260
2022-10-17T05:37:03,257,3,7,260
2022-10-17T05:46:20,257,3,7,260
2022-10-17T05:55:39,257,3,7,260
2022-10-17T06:05:01,257,3,7,260
2022-10-17T06:14:21,257,3,7,260
2022-10-17T06:23:42,257,3,7,260
2022-10-17T06:33:01,257,3,7,260
2022-10-17T06:42:19,257,3,7,260
2022-10-17T06:51:38,257,3,7,260
2022-10-17T07:00:56,257,3,7,260
2022-10-17T07:10:16,257,3,7,260
2022-10-17T07:19:35,257,3,7,260
2022-10-17T07:28:54,257,3,7,260
2022-10-17T07:38:14,257,3,7,260
2022-10-17T07:47:50,257,3,7,260
2022-10-17T07:57:10,257,3,7,260
2022-10-17T08:06:30,257,3,7,260
2022-10-17T08:15:49,257,3,7,260
2022-10-17T08:25:09,257,3,7,260
2022-10-17T08:34:29,257,3,7,260
2022-10-17T08:43:48,257,3,7,260
2022-10-17T08:53:07,257,3,7,260
2022-10-17T09:02:28,257,3,7,260
2022-10-17T09:11:49,257,3,7,260
2022-10-17T09:21:10,257,3,7,260
2022-10-17T09:30:31,257,3,7,260
2022-10-17T09:39:52,257,3,7,260
2022-10-17T09:49:14,257,3,7,260
2022-10-17T09:58:34,257,3,7,260
2022-10-17T10:08:18,257,3,7,260
2022-10-17T10:17:39,257,3,7,260
2022-10-17T10:27:00,257,3,7,260
2022-10-17T10:36:20,257,3,7,260
2022-10-17T10:45:40,257,3,7,260
2022-10-17T10:55:00,257,3,7,260
2022-10-17T11:04:20,257,3,7,260
2022-10-17T11:13:40,257,3,7,260
2022-10-17T11:22:59,257,3,7,260
2022-10-17T11:32:19,257,3,7,260
2022-10-17T11:41:52,257,3,7,260
2022-10-17T11:51:12,257,3,7,260
2022-10-17T12:00:31,257,3,7,260
2022-10-17T12:09:51,257,3,7,260
2022-10-17T12:19:20,257,3,7,260
2022-10-17T12:28:40,257,3,7,260
2022-10-17T12:38:00,257,3,7,260
2022-10-17T12:47:19,257,3,7,260
2022-10-17T12:56:39,257,3,7,260
2022-10-17T13:06:00,257,3,7,260
2022-10-17T13:15:39,257,3,7,260
2022-10-17T13:24:59,257,3,7,260
2022-10-17T13:34:19,257,3,7,260
2022-10-17T13:43:40,257,3,7,260
2022-10-17T13:53:01,257,3,7,260
2022-10-17T14:02:22,257,3,7,260
2022-10-17T14:11:42,257,3,7,260
2022-10-17T14:21:03,257,3,7,260
2022-10-17T14:30:23,257,3,7,260
2022-10-17T14:39:55,257,3,7,260
2022-10-17T14:49:15,257,3,7,260
2022-10-17T14:58:34,257,3,7,260
2022-10-17T15:07:54,257,3,7,260
2022-10-17T15:17:15,257,3,7,260
2022-10-17T15:26:35,256,4,7,260
2022-10-17T15:35:55,256,4,7,260
2022-10-17T15:45:16,256,4,7,260
2022-10-17T15:54:46,256,4,7,260
2022-10-17T16:04:06,256,4,7,260
2022-10-17T16:13:25,256,4,7,260
2022-10-17T16:22:45,256,4,7,260
2022-10-17T16:32:05,256,4,7,260
2022-10-17T16:41:23,256,4,7,260
2022-10-17T16:50:42,256,4,7,260
2022-10-17T17:00:01,256,4,7,260
2022-10-17T17:09:20,256,4,7,260
2022-10-17T17:18:51,256,4,7,260
2022-10-17T17:28:09,256,4,7,260
2022-10-17T17:37:28,256,4,7,260
2022-10-17T17:46:47,256,4,7,260
2022-10-17T17:56:06,256,4,7,260
2022-10-17T18:05:25,256,4,7,260
2022-10-17T18:14:45,256,4,7,260
2022-10-17T18:24:03,256,4,7,260
2022-10-17T18:33:22,256,4,7,260
2022-10-17T18:43:00,256,4,7,260
2022-10-17T18:52:18,256,4,7,260
2022-10-17T19:01:36,256,4,7,260
2022-10-17T19:10:56,256,4,7,260
2022-10-17T19:20:14,256,4,7,260
2022-10-17T19:29:32,256,4,7,260
2022-10-17T19:38:52,256,4,7,260
2022-10-17T19:48:11,256,4,7,260
2022-10-17T19:57:28,256,4,7,260
2022-10-17T20:06:44,256,4,7,260
2022-10-17T20:16:00,256,4,7,260
2022-10-17T20:25:28,256,4,7,260
2022-10-17T20:34:44,256,4,7,260
2022-10-17T20:44:00,256,4,7,260
2022-10-17T20:53:16,256,4,7,260
2022-10-17T21:02:33,256,4,7,260
2022-10-17T21:11:50,256,4,7,260
2022-10-17T21:21:06,256,4,7,260
2022-10-17T21:30:23,256,4,7,260
2022-10-17T21:39:39,256,4,7,260
2022-10-17T21:48:56,256,4,7,260
2022-10-17T21:58:13,256,4,7,260
2022-10-17T22:07:29,256,4,7,260
2022-10-17T22:16:46,256,4,7,260
2022-10-17T22:26:32,256,4,7,260
2022-10-17T22:35:48,256,4,7,260
2022-10-17T22:45:04,256,4,7,260
2022-10-17T22:54:20,256,4,7,260
2022-10-17T23:03:39,256,4,7,260
2022-10-17T23:12:57,256,4,7,260
2022-10-17T23:22:16,256,4,7,260
2022-10-17T23:31:40,256,4,7,260
2022-10-17T23:41:01,256,4,7,260
2022-10-17T23:50:17,256,4,7,260
2022-10-17T23:59:33,256,4,7,260
2022-10-18T00:08:50,256,4,7,260
2022-10-18T00:18:09,256,4,7,260
2022-10-18T00:27:28,256,4,7,260
2022-10-18T00:37:11,256,4,7,260
2022-10-18T00:46:30,256,4,7,260
2022-10-18T00:55:49,256,4,7,260
2022-10-18T01:05:08,256,4,7,260
2022-10-18T01:14:28,256,4,7,260
2022-10-18T01:23:46,256,4,7,260
2022-10-18T01:33:07,256,4,7,260
2022-10-18T01:42:26,256,4,7,260
2022-10-18T01:51:43,256,4,7,260
2022-10-18T02:01:01,256,4,7,260
2022-10-18T02:10:19,256,4,7,260
2022-10-18T02:19:36,256,4,7,260
2022-10-18T02:28:52,256,4,7,260
2022-10-18T02:38:09,256,4,7,260
2022-10-18T02:47:24,256,4,7,260
2022-10-18T02:56:42,256,4,7,260
2022-10-18T03:05:57,256,4,7,260
2022-10-18T03:15:13,256,4,7,260
2022-10-18T03:24:55,256,4,7,260
2022-10-18T03:34:11,256,4,7,260
2022-10-18T03:43:29,256,4,7,260
2022-10-18T03:52:48,256,4,7,260
2022-10-18T04:02:07,256,4,7,260
2022-10-18T04:11:25,256,4,7,260
2022-10-18T04:32:51,256,4,7,260
2022-10-18T04:43:58,256,4,7,260
2022-10-18T04:53:19,256,4,7,260
2022-10-18T05:02:38,256,4,7,260
2022-10-18T05:11:56,256,4,7,260
2022-10-18T05:21:16,256,4,7,260
2022-10-18T05:30:33,256,4,7,260
2022-10-18T05:39:51,256,4,7,260
2022-10-18T05:49:10,256,4,7,260
2022-10-18T05:58:31,256,4,7,260
2022-10-18T06:07:52,256,4,7,260
2022-10-18T06:17:13,256,4,7,260
2022-10-18T06:26:34,256,4,7,260
2022-10-18T06:35:53,256,4,7,260
2022-10-18T06:45:14,256,4,7,260
2022-10-18T06:54:34,256,4,7,260
2022-10-18T07:03:56,256,4,7,260
2022-10-18T07:13:18,256,4,7,260
2022-10-18T07:22:38,256,4,7,260
2022-10-18T07:31:58,256,4,7,260
2022-10-18T07:41:18,256,4,7,260
2022-10-18T07:50:37,256,4,7,260
2022-10-18T07:59:56,256,4,7,260
2022-10-18T08:09:24,256,4,7,260
2022-10-18T08:18:45,256,4,7,260
2022-10-18T08:28:05,256,4,7,260
2022-10-18T08:37:23,256,4,7,260
2022-10-18T08:46:42,256,4,7,260
2022-10-18T08:56:02,256,4,7,260
2022-10-18T09:05:21,256,4,7,260
2022-10-18T09:14:41,256,4,7,260
2022-10-18T09:24:03,256,4,7,260
2022-10-18T09:33:24,256,4,7,260
2022-10-18T09:42:46,256,4,7,260
2022-10-18T09:52:09,256,4,7,260
2022-10-18T10:01:42,256,4,7,260
2022-10-18T10:11:17,256,4,7,260
2022-10-18T10:20:38,256,4,7,260
2022-10-18T10:30:01,256,4,7,260
2022-10-18T10:39:23,256,4,7,260
2022-10-18T10:48:44,256,4,7,260
2022-10-18T10:58:06,256,4,7,260
2022-10-18T11:07:28,256,4,7,260
2022-10-18T11:16:50,256,4,7,260
2022-10-18T11:26:11,256,4,7,260
2022-10-18T11:35:32,256,4,7,260
2022-10-18T11:44:53,256,4,7,260
2022-10-18T11:54:14,256,4,7,260
2022-10-18T12:03:46,256,4,7,260
2022-10-18T12:13:06,256,4,7,260
2022-10-18T12:22:27,256,4,7,260
2022-10-18T12:31:48,256,4,7,260
2022-10-18T12:41:08,256,4,7,260
2022-10-18T12:50:28,256,4,7,260
2022-10-18T12:59:48,256,4,7,260
2022-10-18T13:09:10,256,4,7,260
2022-10-18T13:18:32,256,4,7,260
2022-10-18T13:27:53,256,4,7,260
2022-10-18T13:37:15,256,4,7,260
2022-10-18T13:46:46,256,4,7,260
2022-10-18T13:56:06,255,5,7,260
2022-10-18T14:05:27,255,5,7,260
2022-10-18T14:14:48,255,5,7,260
2022-10-18T14:24:09,255,5,7,260
2022-10-18T14:33:29,255,5,7,260
2022-10-18T14:42:50,255,5,7,260
2022-10-18T14:52:10,255,5,7,260
2022-10-18T15:01:30,255,5,7,260
2022-10-18T15:10:51,255,5,7,260
2022-10-18T15:20:10,255,5,7,260
2022-10-18T15:29:31,255,5,7,260
2022-10-18T15:39:02,255,5,7,260
2022-10-18T15:48:21,255,5,7,260
2022-10-18T15:57:42,255,5,7,260
2022-10-18T16:07:01,255,5,7,260
2022-10-18T16:16:20,255,5,7,260
2022-10-18T16:25:39,255,5,7,260
2022-10-18T16:34:58,255,5,7,260
2022-10-18T16:44:17,255,5,7,260
2022-10-18T16:53:36,255,5,7,260
2022-10-18T17:02:56,255,5,7,260
2022-10-18T17:12:26,255,5,7,260
2022-10-18T17:21:45,255,5,7,260
2022-10-18T17:31:05,255,5,7,260
2022-10-18T17:40:23,255,5,7,260
2022-10-18T17:49:42,255,5,7,260
2022-10-18T17:59:01,255,5,7,260
2022-10-18T18:08:19,255,5,7,260
2022-10-18T18:17:40,255,5,7,260
2022-10-18T18:27:00,255,5,7,260
2022-10-18T18:36:29,255,5,7,260
2022-10-18T18:45:47,255,5,7,260
2022-10-18T18:55:06,255,5,7,260
2022-10-18T19:04:26,255,5,7,260
2022-10-18T19:13:45,255,5,7,260
2022-10-18T19:23:03,255,5,7,260
2022-10-18T19:32:22,255,5,7,260
2022-10-18T19:41:41,255,5,7,260
2022-10-18T19:50:59,255,5,7,260
2022-10-18T20:00:17,255,5,7,260
2022-10-18T20:09:36,255,5,7,260
2022-10-18T20:18:54,255,5,7,260
2022-10-18T20:28:12,255,5,7,260
2022-10-18T20:37:31,255,5,7,260
2022-10-18T20:46:58,255,5,7,260
2022-10-18T20:56:16,255,5,7,260
2022-10-18T21:05:33,255,5,7,260
2022-10-18T21:14:50,255,5,7,260
2022-10-18T21:24:06,255,5,7,260
2022-10-18T21:33:24,255,5,7,260
2022-10-18T21:42:41,255,5,7,260
2022-10-18T21:51:58,255,5,7,260
2022-10-18T22:01:14,255,5,7,260
2022-10-18T22:10:31,255,5,7,260
2022-10-18T22:19:48,255,5,7,260
2022-10-18T22:29:15,255,5,7,260
2022-10-18T22:38:32,255,5,7,260
2022-10-18T22:47:49,255,5,7,260
2022-10-18T22:57:06,255,5,7,260
2022-10-18T23:06:23,255,5,7,260
2022-10-18T23:15:39,255,5,7,260
2022-10-18T23:24:58,255,5,7,260
2022-10-18T23:34:16,255,5,7,260
2022-10-18T23:43:33,255,5,7,260
2022-10-18T23:52:50,255,5,7,260
2022-10-19T00:02:06,255,5,7,260
2022-10-19T00:11:24,255,5,7,260
2022-10-19T00:20:48,255,5,7,260
2022-10-19T00:30:06,255,5,7,260
2022-10-19T00:39:37,255,5,7,260
2022-10-19T00:48:58,255,5,7,260
2022-10-19T00:58:18,255,5,7,260
2022-10-19T01:07:37,255,5,7,260
2022-10-19T01:16:58,255,5,7,260
2022-10-19T01:26:18,255,5,7,260
2022-10-19T01:35:39,255,5,7,260
2022-10-19T01:44:59,255,5,7,260
2022-10-19T01:54:17,255,5,7,260
2022-10-19T02:03:34,255,5,7,260
2022-10-19T02:12:51,255,5,7,260
2022-10-19T02:22:11,255,5,7,260
2022-10-19T02:31:30,255,5,7,260
2022-10-19T02:40:50,255,5,7,260
2022-10-19T02:50:08,255,5,7,260
2022-10-19T02:59:27,255,5,7,260
2022-10-19T03:08:44,255,5,7,260
2022-10-19T03:18:01,255,5,7,260
2022-10-19T03:27:28,255,5,7,260
2022-10-19T03:36:46,255,5,7,260
2022-10-19T03:46:06,255,5,7,260
2022-10-19T03:55:25,255,5,7,260
2022-10-19T04:04:44,255,5,7,260
2022-10-19T04:13:45,255,5,7,260
2022-10-19T04:23:06,255,5,7,260
2022-10-19T04:32:25,255,5,7,260
2022-10-19T04:41:44,255,5,7,260
2022-10-19T04:52:17,255,5,7,260
2022-10-19T05:01:51,255,5,7,260
2022-10-19T05:11:09,255,5,7,260
2022-10-19T05:20:29,255,5,7,260
2022-10-19T05:29:45,255,5,7,260
2022-10-19T05:39:02,255,5,7,260
2022-10-19T05:48:18,255,5,7,260
2022-10-19T05:57:38,255,5,7,260
2022-10-19T06:06:57,255,5,7,260
2022-10-19T06:16:17,255,5,7,260
2022-10-19T06:25:36,255,5,7,260
2022-10-19T06:34:54,255,5,7,260
2022-10-19T06:44:14,255,5,7,260
2022-10-19T06:53:31,255,5,7,260
2022-10-19T07:02:50,255,5,7,260
2022-10-19T07:12:09,255,5,7,260
2022-10-19T07:21:38,255,5,7,260
2022-10-19T07:30:57,255,5,7,260
2022-10-19T07:40:17,255,5,7,260
2022-10-19T07:49:36,255,5,7,260
2022-10-19T07:58:55,255,5,7,260
2022-10-19T08:08:15,255,5,7,260
2022-10-19T08:17:34,255,5,7,260
2022-10-19T08:26:54,255,5,7,260
2022-10-19T08:36:13,255,5,7,260
2022-10-19T08:45:31,255,5,7,260
2022-10-19T08:55:06,255,5,7,260
2022-10-19T09:04:27,255,5,7,260
2022-10-19T09:13:47,255,5,7,260
2022-10-19T09:23:05,255,5,7,260
2022-10-19T09:32:25,255,5,7,260
2022-10-19T09:41:45,255,5,7,260
2022-10-19T09:51:04,255,5,7,260
2022-10-19T10:00:24,255,5,7,260
2022-10-19T10:09:44,255,5,7,260
2022-10-19T10:19:04,255,5,7,260
2022-10-19T10:28:24,255,5,7,260
2022-10-19T10:37:55,255,5,7,260
2022-10-19T10:47:14,255,5,7,260
2022-10-19T10:56:33,255,5,7,260
2022-10-19T11:05:53,255,5,7,260
2022-10-19T11:15:12,255,5,7,260
2022-10-19T11:24:32,255,5,7,260
2022-10-19T11:33:51,255,5,7,260
2022-10-19T11:43:10,255,5,7,260
2022-10-19T11:52:29,255,5,7,260
2022-10-19T12:01:49,255,5,7,260
2022-10-19T12:11:10,255,5,7,260
2022-10-19T12:20:55,255,5,7,260
2022-10-19T12:30:14,255,5,7,260
2022-10-19T12:39:34,255,5,7,260
2022-10-19T12:48:59,255,5,7,260
2022-10-19T12:58:23,255,5,7,260
2022-10-19T13:07:47,255,5,7,260
2022-10-19T13:17:13,255,5,7,260
2022-10-19T13:26:37,255,5,7,260
2022-10-19T13:36:01,255,5,7,260
2022-10-19T13:45:26,255,5,7,260
2022-10-19T13:54:50,255,5,7,260
2022-10-19T14:04:15,255,5,7,260
2022-10-19T14:13:38,255,5,7,260
2022-10-19T14:23:12,255,5,7,260
2022-10-19T14:32:34,255,5,7,260
2022-10-19T14:41:55,255,5,7,260
2022-10-19T14:51:14,255,5,7,260
2022-10-19T15:00:34,255,5,7,260
2022-10-19T15:09:53,255,5,7,260
2022-10-19T15:19:12,255,5,7,260
2022-10-19T15:28:32,255,5,7,260
2022-10-19T15:38:02,255,5,7,260
2022-10-19T15:47:21,255,5,7,260
2022-10-19T15:56:41,255,5,7,260
2022-10-19T16:06:00,255,5,7,260
2022-10-19T16:15:19,255,5,7,260
2022-10-19T16:24:38,255,5,7,260
2022-10-19T16:34:09,255,5,7,260
2022-10-19T16:43:27,255,5,7,260
2022-10-19T16:52:46,255,5,7,260
2022-10-19T17:02:05,255,5,7,260
2022-10-19T17:11:27,255,5,7,260
2022-10-19T17:20:46,255,5,7,260
2022-10-19T17:30:05,255,5,7,260
2022-10-19T17:39:24,255,5,7,260
2022-10-19T17:48:43,255,5,7,260
2022-10-19T17:58:01,255,5,7,260
2022-10-19T18:07:19,255,5,7,260
2022-10-19T18:16:37,255,5,7,260
2022-10-19T18:25:56,255,5,7,260
2022-10-19T18:35:14,255,5,7,260
2022-10-19T18:44:42,255,5,7,260
2022-10-19T18:54:00,255,5,7,260
2022-10-19T19:03:18,255,5,7,260
2022-10-19T19:12:36,255,5,7,260
2022-10-19T19:21:54,255,5,7,260
2022-10-19T19:31:12,255,5,7,260
2022-10-19T19:40:31,255,5,7,260
2022-10-19T19:49:49,255,5,7,260
2022-10-19T19:59:06,255,5,7,260
2022-10-19T20:08:24,255,5,7,260
2022-10-19T20:17:42,255,5,7,260
2022-10-19T20:27:00,255,5,7,260
2022-10-19T20:36:17,255,5,7,260
2022-10-19T20:45:45,255,5,7,260
2022-10-19T20:55:02,255,5,7,260
2022-10-19T21:04:20,255,5,7,260
2022-10-19T21:13:38,255,5,7,260
2022-10-19T21:22:56,255,5,7,260
2022-10-19T21:32:14,255,5,7,260
2022-10-19T21:41:32,255,5,7,260
2022-10-19T21:50:49,255,5,7,260
2022-10-19T22:00:08,255,5,7,260
2022-10-19T22:09:25,255,5,7,260
2022-10-19T22:18:44,255,5,7,260
2022-10-19T22:28:02,255,5,7,260
2022-10-19T22:37:20,255,5,7,260
2022-10-19T22:46:36,255,5,7,260
2022-10-19T22:55:52,255,5,7,260
2022-10-19T23:05:09,255,5,7,260
2022-10-19T23:14:26,255,5,7,260
2022-10-19T23:23:43,255,5,7,260
2022-10-19T23:33:00,255,5,7,260
2022-10-19T23:42:16,255,5,7,260
2022-10-19T23:51:32,255,5,7,260
2022-10-20T00:00:49,255,5,7,260
2022-10-20T00:10:22,255,5,7,260
2022-10-20T00:19:45,255,5,7,260
2022-10-20T00:29:04,255,5,7,260
2022-10-20T00:38:27,255,5,7,260
2022-10-20T00:47:54,255,5,7,260
2022-10-20T00:57:16,255,5,7,260
2022-10-20T01:06:34,255,5,7,260
2022-10-20T01:15:52,255,5,7,260
2022-10-20T01:25:10,255,5,7,260
2022-10-20T01:34:29,255,5,7,260
2022-10-20T01:43:49,255,5,7,260
2022-10-20T01:53:09,255,5,7,260
2022-10-20T02:02:30,255,5,7,260
2022-10-20T02:11:47,255,5,7,260
2022-10-20T02:21:02,255,5,7,260
2022-10-20T02:30:18,255,5,7,260
2022-10-20T02:39:34,255,5,7,260
2022-10-20T02:48:55,255,5,7,260
2022-10-20T02:58:16,255,5,7,260
2022-10-20T03:07:34,255,5,7,260
2022-10-20T03:16:52,255,5,7,260
2022-10-20T03:26:09,255,5,7,260
2022-10-20T03:35:25,255,5,7,260
2022-10-20T03:44:45,255,5,7,260
2022-10-20T03:54:04,255,5,7,260
2022-10-20T04:03:22,255,5,7,260
2022-10-20T04:12:42,255,5,7,260
2022-10-20T04:24:38,255,5,7,260
2022-10-20T04:34:00,255,5,7,260
2022-10-20T04:44:37,255,5,7,260
2022-10-20T04:54:13,255,5,7,260
2022-10-20T05:03:35,255,5,7,260
2022-10-20T05:12:55,255,5,7,260
2022-10-20T05:22:14,255,5,7,260
2022-10-20T05:31:32,255,5,7,260
2022-10-20T05:40:51,255,5,7,260
2022-10-20T05:50:10,255,5,7,260
2022-10-20T05:59:32,255,5,7,260
2022-10-20T06:08:53,255,5,7,260
2022-10-20T06:18:13,255,5,7,260
2022-10-20T06:27:32,255,5,7,260
2022-10-20T06:36:50,255,5,7,260
2022-10-20T06:46:07,255,5,7,260
2022-10-20T06:55:25,255,5,7,260
2022-10-20T07:04:44,255,5,7,260
2022-10-20T07:14:03,255,5,7,260
2022-10-20T07:23:23,255,5,7,260
2022-10-20T07:32:43,255,5,7,260
2022-10-20T07:42:04,255,5,7,260
2022-10-20T07:51:23,255,5,7,260
2022-10-20T08:00:53,255,5,7,260
2022-10-20T08:10:13,255,5,7,260
2022-10-20T08:19:32,255,5,7,260
2022-10-20T08:28:52,255,5,7,260
2022-10-20T08:38:11,255,5,7,260
2022-10-20T08:47:30,255,5,7,260
2022-10-20T08:56:49,255,5,7,260
2022-10-20T09:06:19,255,5,7,260
2022-10-20T09:15:38,255,5,7,260
2022-10-20T09:24:58,255,5,7,260
2022-10-20T09:34:18,255,5,7,260
2022-10-20T09:43:37,255,5,7,260
2022-10-20T09:52:56,255,5,7,260
2022-10-20T10:02:15,255,5,7,260
2022-10-20T10:11:35,255,5,7,260
2022-10-20T10:20:54,255,5,7,260
2022-10-20T10:30:16,255,5,7,260
2022-10-20T10:39:36,255,5,7,260
2022-10-20T10:48:55,255,5,7,260
2022-10-20T10:58:26,255,5,7,260
2022-10-20T11:07:45,255,5,7,260
2022-10-20T11:17:05,255,5,7,260
2022-10-20T11:26:25,255,5,7,260
2022-10-20T11:35:44,255,5,7,260
2022-10-20T11:45:03,255,5,7,260
2022-10-20T11:54:22,255,5,7,260
2022-10-20T12:03:42,255,5,7,260
2022-10-20T12:13:02,255,5,7,260
2022-10-20T12:22:21,255,5,7,260
2022-10-20T12:31:42,255,5,7,260
2022-10-20T12:41:02,255,5,7,260
2022-10-20T12:50:20,255,5,7,260
2022-10-20T12:59:39,255,5,7,260
2022-10-20T13:09:12,255,5,7,260
2022-10-20T13:18:31,255,5,7,260
2022-10-20T13:27:50,255,5,7,260
2022-10-20T13:37:10,255,5,7,260
2022-10-20T13:46:29,255,5,7,260
2022-10-20T13:55:48,255,5,7,260
2022-10-20T14:05:08,255,5,7,260
2022-10-20T14:14:28,255,5,7,260
2022-10-20T14:23:47,255,5,7,260
2022-10-20T14:33:06,255,5,7,260
2022-10-20T14:42:24,255,5,7,260
2022-10-20T14:51:44,255,5,7,260
2022-10-20T15:01:03,255,5,7,260
2022-10-20T15:10:23,255,5,7,260
2022-10-20T15:19:42,255,5,7,260
2022-10-20T15:29:01,255,5,7,260
2022-10-20T15:38:20,255,5,7,260
2022-10-20T15:47:40,255,5,7,260
2022-10-20T15:56:58,255,5,7,260
2022-10-20T16:06:18,255,5,7,260
2022-10-20T16:15:37,255,5,7,260
2022-10-20T16:24:58,255,5,7,260
2022-10-20T16:34:17,255,5,7,260
2022-10-20T16:43:46,255,5,7,260
2022-10-20T16:53:05,255,5,7,260
2022-10-20T17:02:24,255,5,7,260
2022-10-20T17:11:43,255,5,7,260
2022-10-20T17:21:02,255,5,7,260
2022-10-20T17:30:21,255,5,7,260
2022-10-20T17:39:39,255,5,7,260
2022-10-20T17:48:57,255,5,7,260
2022-10-20T17:58:15,255,5,7,260
2022-10-20T18:07:34,255,5,7,260
2022-10-20T18:16:52,255,5,7,260
2022-10-20T18:26:10,255,5,7,260
2022-10-20T18:35:28,255,5,7,260
2022-10-20T18:44:46,255,5,7,260
2022-10-20T18:54:03,255,5,7,260
2022-10-20T19:03:21,255,5,7,260
2022-10-20T19:12:38,255,5,7,260
2022-10-20T19:21:56,255,5,7,260
2022-10-20T19:31:26,254,6,7,260
2022-10-20T19:40:44,254,6,7,260
2022-10-20T19:50:03,254,6,7,260
2022-10-20T19:59:21,254,6,7,260
2022-10-20T20:08:39,254,6,7,260
2022-10-20T20:17:57,254,6,7,260
2022-10-20T20:27:22,254,6,7,260
2022-10-20T20:36:47,254,6,7,260
2022-10-20T20:46:14,254,6,7,260
2022-10-20T20:55:42,254,6,7,260
2022-10-20T21:05:14,254,6,7,260
2022-10-20T21:14:44,254,6,7,260
2022-10-20T21:24:25,254,6,7,260
2022-10-20T21:34:00,254,6,7,260
2022-10-20T21:43:36,254,6,7,260
2022-10-20T21:53:05,254,6,7,260
2022-10-20T22:02:34,254,6,7,260
2022-10-20T22:11:59,254,6,7,260
2022-10-20T22:21:20,254,6,7,260
2022-10-20T22:30:42,254,6,7,260
2022-10-20T22:40:10,254,6,7,260
2022-10-20T22:49:35,254,6,7,260
2022-10-20T22:59:02,254,6,7,260
2022-10-20T23:08:31,254,6,7,260
2022-10-20T23:17:59,254,6,7,260
2022-10-20T23:27:27,254,6,7,260
2022-10-20T23:37:06,254,6,7,260
2022-10-20T23:46:33,254,6,7,260
2022-10-20T23:56:01,254,6,7,260
2022-10-21T00:05:23,254,6,7,260
2022-10-21T00:14:47,254,6,7,260
2022-10-21T00:24:09,254,6,7,260
2022-10-21T00:33:28,254,6,7,260
2022-10-21T00:42:48,254,6,7,260
2022-10-21T00:52:08,254,6,7,260
2022-10-21T01:01:27,254,6,7,260
2022-10-21T01:10:47,254,6,7,260
2022-10-21T01:20:06,254,6,7,260
2022-10-21T01:29:26,254,6,7,260
2022-10-21T01:38:46,254,6,7,260
2022-10-21T01:48:06,254,6,7,260
2022-10-21T01:57:24,254,6,7,260
2022-10-21T02:06:43,254,6,7,260
2022-10-21T02:16:12,254,6,7,260
2022-10-21T02:25:34,254,6,7,260
2022-10-21T02:34:55,254,6,7,260
2022-10-21T02:44:14,254,6,7,260
2022-10-21T02:53:32,254,6,7,260
2022-10-21T03:02:49,254,6,7,260
2022-10-21T03:12:06,254,6,7,260
2022-10-21T03:21:23,254,6,7,260
2022-10-21T03:30:41,254,6,7,260
2022-10-21T03:40:01,254,6,7,260
2022-10-21T03:49:21,254,6,7,260
2022-10-21T03:58:41,254,6,7,260
2022-10-21T04:07:59,254,6,7,260
2022-10-21T04:22:50,254,6,7,260
2022-10-21T04:32:12,254,6,7,260
2022-10-21T04:42:44,254,6,7,260
2022-10-21T04:52:20,254,6,7,260
2022-10-21T05:01:41,254,6,7,260
2022-10-21T05:10:59,254,6,7,260
2022-10-21T05:20:18,254,6,7,260
2022-10-21T05:29:35,254,6,7,260
2022-10-21T05:38:52,254,6,7,260
2022-10-21T05:48:08,254,6,7,260
2022-10-21T05:57:27,254,6,7,260
2022-10-21T06:06:50,254,6,7,260
2022-10-21T06:16:11,254,6,7,260
2022-10-21T06:25:30,254,6,7,260
2022-10-21T06:34:48,254,6,7,260
2022-10-21T06:44:05,254,6,7,260
2022-10-21T06:53:23,254,6,7,260
2022-10-21T07:02:41,254,6,7,260
2022-10-21T07:12:02,254,6,7,260
2022-10-21T07:21:22,254,6,7,260
2022-10-21T07:30:41,254,6,7,260
2022-10-21T07:40:00,254,6,7,260
2022-10-21T07:49:19,254,6,7,260
2022-10-21T07:58:38,254,6,7,260
2022-10-21T08:07:57,254,6,7,260
2022-10-21T08:17:35,254,6,7,260
2022-10-21T08:26:56,254,6,7,260
2022-10-21T08:36:16,254,6,7,260
2022-10-21T08:45:36,254,6,7,260
2022-10-21T08:54:56,254,6,7,260
2022-10-21T09:04:16,254,6,7,260
2022-10-21T09:13:36,254,6,7,260
2022-10-21T09:22:56,254,6,7,260
2022-10-21T09:32:26,254,6,7,260
2022-10-21T09:41:45,254,6,7,260
2022-10-21T09:51:05,254,6,7,260
2022-10-21T10:00:25,254,6,7,260
2022-10-21T10:09:45,254,6,7,260
2022-10-21T10:19:05,254,6,7,260
2022-10-21T10:28:26,254,6,7,260
2022-10-21T10:37:45,254,6,7,260
2022-10-21T10:47:04,254,6,7,260
2022-10-21T10:56:24,254,6,7,260
2022-10-21T11:05:44,254,6,7,260
2022-10-21T11:15:04,254,6,7,260
2022-10-21T11:24:24,254,6,7,260
2022-10-21T11:33:44,254,6,7,260
2022-10-21T11:43:03,254,6,7,260
2022-10-21T11:52:22,254,6,7,260
2022-10-21T12:01:42,254,6,7,260
2022-10-21T12:11:02,254,6,7,260
2022-10-21T12:25:21,254,6,7,260
2022-10-21T12:34:41,254,6,7,260
2022-10-21T12:44:01,254,6,7,260
2022-10-21T12:53:20,254,6,7,260
2022-10-21T13:02:40,254,6,7,260
2022-10-21T13:12:00,254,6,7,260
2022-10-21T13:21:19,254,6,7,260
2022-10-21T13:30:38,254,6,7,260
2022-10-21T13:39:58,254,6,7,260
2022-10-21T13:49:16,254,6,7,260
2022-10-21T13:58:39,254,6,7,260
2022-10-21T14:08:10,254,6,7,260
2022-10-21T14:17:30,254,6,7,260
2022-10-21T14:26:50,254,6,7,260
2022-10-21T14:36:28,254,6,7,260
2022-10-21T14:45:49,254,6,7,260
2022-10-21T14:55:09,254,6,7,260
2022-10-21T15:04:29,254,6,7,260
2022-10-21T15:13:47,254,6,7,260
2022-10-21T15:23:07,254,6,7,260
2022-10-21T15:32:26,254,6,7,260
2022-10-21T15:41:45,254,6,7,260
2022-10-21T15:51:04,254,6,7,260
2022-10-21T16:00:23,254,6,7,260
2022-10-21T16:09:42,254,6,7,260
2022-10-21T16:19:01,254,6,7,260
2022-10-21T16:28:20,254,6,7,260
2022-10-21T16:37:51,254,6,7,260
2022-10-21T16:47:09,254,6,7,260
2022-10-21T16:56:28,254,6,7,260
2022-10-21T17:05:47,254,6,7,260
2022-10-21T17:15:07,254,6,7,260
2022-10-21T17:24:29,254,6,7,260
2022-10-21T17:33:48,254,6,7,260
2022-10-21T17:43:07,254,6,7,260
2022-10-21T17:52:26,254,6,7,260
2022-10-21T18:01:46,254,6,7,260
2022-10-21T18:11:05,254,6,7,260
2022-10-21T18:20:24,254,6,7,260
2022-10-21T18:29:43,254,6,7,260
2022-10-21T18:39:01,254,6,7,260
2022-10-21T18:48:20,254,6,7,260
2022-10-21T18:57:37,253,7,7,260
2022-10-21T19:06:55,253,7,7,260
2022-10-21T19:16:13,253,7,7,260
2022-10-21T19:25:31,253,7,7,260
2022-10-21T19:34:49,253,7,7,260
2022-10-21T19:44:07,253,7,7,260
2022-10-21T19:53:25,253,7,7,260
2022-10-21T20:02:53,253,7,7,260
2022-10-21T20:12:11,253,7,7,260
2022-10-21T20:21:30,253,7,7,260
2022-10-21T20:30:47,253,7,7,260
2022-10-21T20:40:05,253,7,7,260
2022-10-21T20:49:22,253,7,7,260
2022-10-21T20:58:40,253,7,7,260
2022-10-21T21:07:57,253,7,7,260
2022-10-21T21:17:15,253,7,7,260
2022-10-21T21:26:33,253,7,7,260
2022-10-21T21:35:51,253,7,7,260
2022-10-21T21:45:09,253,7,7,260
2022-10-21T21:54:26,253,7,7,260
2022-10-21T22:03:44,253,7,7,260
2022-10-21T22:13:02,253,7,7,260
2022-10-21T22:22:19,253,7,7,260
2022-10-21T22:31:37,253,7,7,260
2022-10-21T22:41:06,253,7,7,260
2022-10-21T22:50:24,253,7,7,260
2022-10-21T22:59:43,253,7,7,260
2022-10-21T23:09:02,253,7,7,260
2022-10-21T23:18:20,253,7,7,260
2022-10-21T23:27:39,253,7,7,260
2022-10-21T23:36:57,253,7,7,260
2022-10-21T23:46:14,253,7,7,260
2022-10-21T23:55:31,253,7,7,260
2022-10-22T00:04:50,253,7,7,260
2022-10-22T00:14:09,253,7,7,260
2022-10-22T00:23:30,253,7,7,260
2022-10-22T00:32:50,253,7,7,260
2022-10-22T00:42:12,253,7,7,260
2022-10-22T00:51:33,253,7,7,260
2022-10-22T01:00:52,253,7,7,260
2022-10-22T01:10:21,253,7,7,260
2022-10-22T01:19:40,253,7,7,260
2022-10-22T01:29:02,253,7,7,260
2022-10-22T01:38:23,253,7,7,260
2022-10-22T01:47:42,253,7,7,260
2022-10-22T01:56:59,253,7,7,260
2022-10-22T02:06:16,253,7,7,260
2022-10-22T02:15:31,253,7,7,260
2022-10-22T02:24:47,253,7,7,260
2022-10-22T02:34:02,253,7,7,260
2022-10-22T02:43:18,253,7,7,260
2022-10-22T02:52:35,253,7,7,260
2022-10-22T03:01:51,253,7,7,260
2022-10-22T03:11:06,253,7,7,260
2022-10-22T03:20:22,253,7,7,260
2022-10-22T03:29:37,253,7,7,260
2022-10-22T03:38:54,253,7,7,260
2022-10-22T03:48:22,253,7,7,260
2022-10-22T03:57:41,253,7,7,260
2022-10-22T04:15:07,253,7,7,260
2022-10-22T04:25:42,253,7,7,260
2022-10-22T04:35:19,253,7,7,260
2022-10-22T04:44:38,253,7,7,260
2022-10-22T04:53:54,253,7,7,260
2022-10-22T05:03:10,253,7,7,260
2022-10-22T05:12:30,253,7,7,260
2022-10-22T05:22:06,253,7,7,260
2022-10-22T05:31:26,253,7,7,260
2022-10-22T05:40:46,253,7,7,260
2022-10-22T05:50:06,253,7,7,260
2022-10-22T05:59:27,253,7,7,260
2022-10-22T06:08:50,253,7,7,260
2022-10-22T06:18:11,253,7,7,260
2022-10-22T06:27:31,253,7,7,260
2022-10-22T06:36:52,253,7,7,260
2022-10-22T06:46:13,253,7,7,260
2022-10-22T06:55:33,253,7,7,260
2022-10-22T07:05:04,253,7,7,260
2022-10-22T07:14:26,253,7,7,260
2022-10-22T07:23:47,253,7,7,260
2022-10-22T07:33:08,253,7,7,260
2022-10-22T07:42:29,253,7,7,260
2022-10-22T07:51:51,253,7,7,260
2022-10-22T08:01:14,253,7,7,260
2022-10-22T08:10:37,253,7,7,260
2022-10-22T08:19:59,253,7,7,260
2022-10-22T08:29:20,253,7,7,260
2022-10-22T08:38:38,253,7,7,260
2022-10-22T08:47:57,253,7,7,260
2022-10-22T08:57:18,253,7,7,260
2022-10-22T09:06:37,253,7,7,260
2022-10-22T09:15:56,253,7,7,260
2022-10-22T09:25:24,253,7,7,260
2022-10-22T09:34:44,253,7,7,260
2022-10-22T09:44:03,253,7,7,260
2022-10-22T09:53:23,253,7,7,260
2022-10-22T10:02:42,253,7,7,260
2022-10-22T10:12:01,253,7,7,260
2022-10-22T10:21:20,253,7,7,260
2022-10-22T10:30:39,253,7,7,260
2022-10-22T10:39:57,253,7,7,260
2022-10-22T10:49:14,253,7,7,260
2022-10-22T10:58:37,253,7,7,260
2022-10-22T11:07:54,253,7,7,260
2022-10-22T11:17:21,253,7,7,260
2022-10-22T11:26:38,253,7,7,260
2022-10-22T11:35:55,253,7,7,260
2022-10-22T11:45:12,253,7,7,260
2022-10-22T11:54:29,253,7,7,260
2022-10-22T12:03:47,253,7,7,260
2022-10-22T12:13:04,253,7,7,260
2022-10-22T12:22:22,253,7,7,260
2022-10-22T12:31:40,253,7,7,260
2022-10-22T12:40:58,253,7,7,260
2022-10-22T12:50:15,253,7,7,260
2022-10-22T12:59:34,253,7,7,260
2022-10-22T13:08:51,253,7,7,260
2022-10-22T13:18:08,253,7,7,260
2022-10-22T13:27:28,253,7,7,260
2022-10-22T13:36:57,253,7,7,260
2022-10-22T13:46:14,253,7,7,260
2022-10-22T13:55:31,253,7,7,260
2022-10-22T14:04:48,253,7,7,260
2022-10-22T14:14:05,253,7,7,260
2022-10-22T14:23:23,253,7,7,260
2022-10-22T14:32:40,253,7,7,260
2022-10-22T14:41:57,253,7,7,260
2022-10-22T14:51:14,253,7,7,260
2022-10-22T15:00:31,253,7,7,260
2022-10-22T15:09:49,253,7,7,260
2022-10-22T15:19:06,253,7,7,260
2022-10-22T15:28:23,253,7,7,260
2022-10-22T15:37:41,253,7,7,260
2022-10-22T15:46:58,253,7,7,260
2022-10-22T15:50:33,253,7,7,260
2022-10-22T15:59:50,253,7,7,260
2022-10-22T16:09:08,253,7,7,260
2022-10-22T16:18:25,253,7,7,260
2022-10-22T16:27:42,253,7,7,260
2022-10-22T16:36:59,253,7,7,260
2022-10-22T16:46:16,253,7,7,260
2022-10-22T16:55:43,253,7,7,260
2022-10-22T17:05:01,253,7,7,260
2022-10-22T17:14:19,253,7,7,260
2022-10-22T17:23:36,253,7,7,260
2022-10-22T17:32:54,253,7,7,260
2022-10-22T17:42:11,253,7,7,260
2022-10-22T17:51:28,253,7,7,260
2022-10-22T18:00:46,253,7,7,260
2022-10-22T18:10:03,253,7,7,260
2022-10-22T18:19:20,253,7,7,260
2022-10-22T18:28:38,253,7,7,260
2022-10-22T18:37:55,253,7,7,260
2022-10-22T18:47:14,253,7,7,260
2022-10-22T18:56:31,253,7,7,260
2022-10-22T19:05:48,253,7,7,260
2022-10-22T19:15:05,253,7,7,260
2022-10-22T19:24:23,253,7,7,260
2022-10-22T19:33:40,253,7,7,260
2022-10-22T19:43:07,253,7,7,260
2022-10-22T19:52:24,253,7,7,260
2022-10-22T20:01:41,253,7,7,260
2022-10-22T20:10:58,253,7,7,260
2022-10-22T20:20:15,253,7,7,260
2022-10-22T20:29:32,253,7,7,260
2022-10-22T20:38:49,253,7,7,260
2022-10-22T20:48:05,253,7,7,260
2022-10-22T20:57:20,253,7,7,260
2022-10-22T21:06:36,253,7,7,260
2022-10-22T21:15:52,253,7,7,260
2022-10-22T21:25:07,253,7,7,260
2022-10-22T21:34:23,253,7,7,260
2022-10-22T21:43:39,253,7,7,260
2022-10-22T21:52:54,253,7,7,260
2022-10-22T22:02:09,253,7,7,260
2022-10-22T22:11:25,253,7,7,260
2022-10-22T22:20:41,253,7,7,260
2022-10-22T22:30:06,253,7,7,260
2022-10-22T22:39:21,253,7,7,260
2022-10-22T22:48:37,253,7,7,260
2022-10-22T22:57:52,253,7,7,260
2022-10-22T23:07:08,253,7,7,260
2022-10-22T23:16:25,253,7,7,260
2022-10-22T23:25:42,253,7,7,260
2022-10-22T23:34:57,253,7,7,260
2022-10-22T23:44:12,253,7,7,260
2022-10-22T23:53:28,253,7,7,260
2022-10-23T00:02:44,253,7,7,260
2022-10-23T00:12:00,253,7,7,260
2022-10-23T00:21:19,253,7,7,260
2022-10-23T00:30:36,253,7,7,260
2022-10-23T00:39:52,253,7,7,260
2022-10-23T00:49:08,253,7,7,260
2022-10-23T00:58:24,253,7,7,260
2022-10-23T01:07:48,253,7,7,260
2022-10-23T01:17:04,253,7,7,260
2022-10-23T01:26:19,253,7,7,260
2022-10-23T01:35:34,253,7,7,260
2022-10-23T01:44:49,253,7,7,260
2022-10-23T01:54:04,253,7,7,260
2022-10-23T02:03:20,253,7,7,260
2022-10-23T02:12:35,253,7,7,260
2022-10-23T02:21:50,253,7,7,260
2022-10-23T02:31:07,253,7,7,260
2022-10-23T02:40:32,253,7,7,260
2022-10-23T02:49:53,253,7,7,260
2022-10-23T02:59:13,253,7,7,260
2022-10-23T03:08:34,253,7,7,260
2022-10-23T03:17:55,253,7,7,260
2022-10-23T03:27:16,253,7,7,260
2022-10-23T03:36:36,253,7,7,260
2022-10-23T03:45:56,253,7,7,260
2022-10-23T03:55:15,253,7,7,260
2022-10-23T04:04:34,253,7,7,260
2022-10-23T04:21:24,253,7,7,260
2022-10-23T04:31:43,253,7,7,260
2022-10-23T04:41:03,253,7,7,260
2022-10-23T04:50:23,253,7,7,260
2022-10-23T04:59:42,253,7,7,260
2022-10-23T05:09:01,253,7,7,260
2022-10-23T05:18:20,253,7,7,260
2022-10-23T05:27:37,253,7,7,260
2022-10-23T05:36:56,253,7,7,260
2022-10-23T05:46:14,253,7,7,260
2022-10-23T05:55:34,253,7,7,260
2022-10-23T06:04:55,253,7,7,260
2022-10-23T06:14:14,253,7,7,260
2022-10-23T06:23:34,253,7,7,260
2022-10-23T06:32:52,253,7,7,260
2022-10-23T06:42:08,253,7,7,260
2022-10-23T06:51:25,253,7,7,260
2022-10-23T07:00:42,253,7,7,260
2022-10-23T07:10:00,253,7,7,260
2022-10-23T07:19:18,253,7,7,260
2022-10-23T07:28:35,253,7,7,260
2022-10-23T07:37:55,253,7,7,260
2022-10-23T07:47:13,253,7,7,260
2022-10-23T07:56:33,253,7,7,260
2022-10-23T08:05:51,253,7,7,260
2022-10-23T08:15:11,253,7,7,260
2022-10-23T08:24:29,253,7,7,260
2022-10-23T08:33:49,253,7,7,260
2022-10-23T08:43:11,253,7,7,260
2022-10-23T08:52:30,253,7,7,260
2022-10-23T09:01:47,253,7,7,260
2022-10-23T09:11:04,253,7,7,260
2022-10-23T09:20:29,253,7,7,260
2022-10-23T09:29:47,253,7,7,260
2022-10-23T09:39:04,253,7,7,260
2022-10-23T09:48:22,253,7,7,260
2022-10-23T09:57:39,253,7,7,260
2022-10-23T10:06:57,253,7,7,260
2022-10-23T10:16:14,253,7,7,260
2022-10-23T10:25:32,253,7,7,260
2022-10-23T10:34:49,253,7,7,260
2022-10-23T10:44:05,253,7,7,260
2022-10-23T10:53:23,253,7,7,260
2022-10-23T11:02:40,253,7,7,260
2022-10-23T11:11:57,253,7,7,260
2022-10-23T11:21:15,253,7,7,260
2022-10-23T11:30:33,253,7,7,260
2022-10-23T11:39:50,253,7,7,260
2022-10-23T11:49:07,253,7,7,260
2022-10-23T11:58:24,253,7,7,260
2022-10-23T12:07:42,253,7,7,260
2022-10-23T12:16:59,253,7,7,260
2022-10-23T12:26:16,253,7,7,260
2022-10-23T12:35:43,253,7,7,260
2022-10-23T12:44:59,253,7,7,260
2022-10-23T12:54:17,253,7,7,260
2022-10-23T13:03:35,253,7,7,260
2022-10-23T13:12:52,253,7,7,260
2022-10-23T13:22:10,253,7,7,260
2022-10-23T13:31:27,253,7,7,260
2022-10-23T13:40:45,253,7,7,260
2022-10-23T13:50:02,253,7,7,260
2022-10-23T13:59:19,253,7,7,260
2022-10-23T14:08:37,253,7,7,260
2022-10-23T14:17:54,253,7,7,260
2022-10-23T14:27:12,253,7,7,260
2022-10-23T14:36:29,253,7,7,260
2022-10-23T14:45:47,253,7,7,260
2022-10-23T14:55:05,253,7,7,260
2022-10-23T15:04:33,253,7,7,260
2022-10-23T15:13:51,253,7,7,260
2022-10-23T15:23:08,253,7,7,260
2022-10-23T15:32:25,253,7,7,260
2022-10-23T15:41:43,253,7,7,260
2022-10-23T15:51:02,253,7,7,260
2022-10-23T16:00:19,253,7,7,260
2022-10-23T16:09:37,253,7,7,260
2022-10-23T16:18:55,253,7,7,260
2022-10-23T16:28:12,253,7,7,260
2022-10-23T16:37:31,253,7,7,260
2022-10-23T16:46:48,253,7,7,260
2022-10-23T16:56:07,253,7,7,260
2022-10-23T17:05:24,253,7,7,260
2022-10-23T17:14:42,253,7,7,260
2022-10-23T17:24:00,253,7,7,260
2022-10-23T17:33:18,253,7,7,260
2022-10-23T17:42:35,253,7,7,260
2022-10-23T17:52:03,253,7,7,260
2022-10-23T18:01:20,253,7,7,260
2022-10-23T18:10:39,253,7,7,260
2022-10-23T18:19:56,253,7,7,260
2022-10-23T18:29:14,253,7,7,260
2022-10-23T18:38:31,253,7,7,260
2022-10-23T18:47:48,253,7,7,260
2022-10-23T18:57:06,253,7,7,260
2022-10-23T19:06:24,253,7,7,260
2022-10-23T19:15:41,253,7,7,260
2022-10-23T19:24:59,253,7,7,260
2022-10-23T19:34:16,253,7,7,260
2022-10-23T19:43:34,253,7,7,260
2022-10-23T19:52:51,253,7,7,260
2022-10-23T20:02:08,253,7,7,260
2022-10-23T20:11:25,253,7,7,260
2022-10-23T20:20:43,253,7,7,260
2022-10-23T20:29:59,253,7,7,260
2022-10-23T20:39:17,253,7,7,260
2022-10-23T20:48:35,253,7,7,260
2022-10-23T20:58:01,253,7,7,260
2022-10-23T21:07:17,253,7,7,260
2022-10-23T21:16:34,253,7,7,260
2022-10-23T21:25:50,253,7,7,260
2022-10-23T21:35:06,253,7,7,260
2022-10-23T21:44:22,253,7,7,260
2022-10-23T21:53:38,253,7,7,260
2022-10-23T22:02:54,253,7,7,260
2022-10-23T22:12:11,253,7,7,260
2022-10-23T22:21:27,253,7,7,260
2022-10-23T22:30:43,253,7,7,260
2022-10-23T22:39:59,253,7,7,260
2022-10-23T22:49:15,253,7,7,260
2022-10-23T22:58:31,253,7,7,260
2022-10-23T23:07:48,253,7,7,260
2022-10-23T23:17:05,253,7,7,260
2022-10-23T23:26:22,253,7,7,260
2022-10-23T23:35:39,253,7,7,260
2022-10-23T23:44:55,253,7,7,260
2022-10-23T23:54:20,253,7,7,260
2022-10-24T00:03:37,253,7,7,260
2022-10-24T00:12:54,253,7,7,260
2022-10-24T00:22:15,253,7,7,260
2022-10-24T00:31:33,253,7,7,260
2022-10-24T00:40:51,253,7,7,260
2022-10-24T00:50:08,253,7,7,260
2022-10-24T00:59:25,253,7,7,260
2022-10-24T01:08:41,253,7,7,260
2022-10-24T01:18:06,253,7,7,260
2022-10-24T01:27:26,253,7,7,260
2022-10-24T01:36:46,253,7,7,260
2022-10-24T01:46:06,253,7,7,260
2022-10-24T01:55:24,253,7,7,260
2022-10-24T02:04:43,253,7,7,260
2022-10-24T02:14:03,253,7,7,260
2022-10-24T02:23:21,253,7,7,260
2022-10-24T02:32:38,253,7,7,260
2022-10-24T02:41:55,253,7,7,260
2022-10-24T02:51:12,253,7,7,260
2022-10-24T03:00:30,253,7,7,260
2022-10-24T03:09:56,253,7,7,260
2022-10-24T03:19:14,253,7,7,260
2022-10-24T03:28:31,253,7,7,260
2022-10-24T03:37:50,253,7,7,260
2022-10-24T03:47:09,253,7,7,260
2022-10-24T03:56:28,253,7,7,260
2022-10-24T04:05:47,253,7,7,260
2022-10-24T04:15:05,253,7,7,260
2022-10-24T04:24:43,253,7,7,260
2022-10-24T04:35:13,253,7,7,260
2022-10-24T04:44:49,253,7,7,260
2022-10-24T04:54:10,253,7,7,260
2022-10-24T05:03:29,253,7,7,260
2022-10-24T05:12:46,253,7,7,260
2022-10-24T05:22:04,253,7,7,260
2022-10-24T05:31:21,253,7,7,260
2022-10-24T05:40:38,253,7,7,260
2022-10-24T05:49:56,253,7,7,260
2022-10-24T05:59:18,253,7,7,260
2022-10-24T06:08:39,253,7,7,260
2022-10-24T06:18:00,253,7,7,260
2022-10-24T06:27:20,253,7,7,260
2022-10-24T06:36:38,253,7,7,260
2022-10-24T06:45:57,253,7,7,260
2022-10-24T06:55:15,253,7,7,260
2022-10-24T07:04:34,253,7,7,260
2022-10-24T07:13:53,253,7,7,260
2022-10-24T07:23:11,253,7,7,260
2022-10-24T07:32:31,253,7,7,260
2022-10-24T07:41:51,253,7,7,260
2022-10-24T07:51:09,253,7,7,260
2022-10-24T08:00:28,253,7,7,260
2022-10-24T08:09:48,253,7,7,260
2022-10-24T08:19:07,253,7,7,260
2022-10-24T08:28:35,253,7,7,260
2022-10-24T08:37:55,253,7,7,260
2022-10-24T08:47:13,253,7,7,260
2022-10-24T08:56:32,253,7,7,260
2022-10-24T09:05:52,253,7,7,260
2022-10-24T09:15:19,253,7,7,260
2022-10-24T09:24:38,253,7,7,260
2022-10-24T09:33:58,253,7,7,260
2022-10-24T09:43:17,253,7,7,260
2022-10-24T09:52:37,253,7,7,260
2022-10-24T10:01:56,253,7,7,260
2022-10-24T10:11:16,253,7,7,260
2022-10-24T10:20:35,253,7,7,260
2022-10-24T10:29:54,253,7,7,260
2022-10-24T10:39:13,253,7,7,260
2022-10-24T10:48:43,253,7,7,260
2022-10-24T10:58:03,253,7,7,260
2022-10-24T11:07:22,253,7,7,260
2022-10-24T11:16:41,253,7,7,260
2022-10-24T11:26:01,253,7,7,260
2022-10-24T11:35:22,253,7,7,260
2022-10-24T11:44:41,253,7,7,260
2022-10-24T11:54:00,253,7,7,260
2022-10-24T12:03:19,253,7,7,260
2022-10-24T12:12:38,253,7,7,260
2022-10-24T12:21:59,253,7,7,260
2022-10-24T12:31:19,253,7,7,260
2022-10-24T12:40:38,253,7,7,260
2022-10-24T12:49:57,253,7,7,260
2022-10-24T12:59:37,253,7,7,260
2022-10-24T13:08:56,253,7,7,260
2022-10-24T13:18:17,253,7,7,260
2022-10-24T13:27:36,253,7,7,260
2022-10-24T13:36:56,253,7,7,260
2022-10-24T13:46:16,253,7,7,260
2022-10-24T13:55:37,253,7,7,260
2022-10-24T14:04:56,253,7,7,260
2022-10-24T14:14:16,253,7,7,260
2022-10-24T14:23:36,253,7,7,260
2022-10-24T14:32:59,253,7,7,260
2022-10-24T14:42:18,253,7,7,260
2022-10-24T14:51:37,253,7,7,260
2022-10-24T15:00:56,253,7,7,260
2022-10-24T15:10:15,253,7,7,260
2022-10-24T15:19:33,253,7,7,260
2022-10-24T15:28:53,253,7,7,260
2022-10-24T15:38:11,253,7,7,260
2022-10-24T15:47:30,253,7,7,260
2022-10-24T15:56:49,253,7,7,260
2022-10-24T16:06:20,253,7,7,260
2022-10-24T16:15:39,253,7,7,260
2022-10-24T16:24:58,253,7,7,260
2022-10-24T16:34:16,253,7,7,260
2022-10-24T16:43:34,253,7,7,260
2022-10-24T16:52:52,253,7,7,260
2022-10-24T17:02:11,253,7,7,260
2022-10-24T17:11:30,253,7,7,260
2022-10-24T17:20:48,253,7,7,260
2022-10-24T17:30:06,253,7,7,260
2022-10-24T17:39:24,253,7,7,260
2022-10-24T17:49:01,253,7,7,260
2022-10-24T17:58:20,253,7,7,260
2022-10-24T18:07:38,253,7,7,260
2022-10-24T18:16:56,253,7,7,260
2022-10-24T18:26:14,253,7,7,260
2022-10-24T18:35:32,253,7,7,260
2022-10-24T18:44:50,253,7,7,260
2022-10-24T18:54:08,253,7,7,260
2022-10-24T19:03:26,253,7,7,260
2022-10-24T19:12:43,253,7,7,260
2022-10-24T19:22:00,253,7,7,260
2022-10-24T19:31:18,253,7,7,260
2022-10-24T19:40:36,253,7,7,260
2022-10-24T19:49:53,253,7,7,260
2022-10-24T19:59:11,253,7,7,260
2022-10-24T20:08:29,253,7,7,260
2022-10-24T20:17:47,253,7,7,260
2022-10-24T20:27:04,253,7,7,260
2022-10-24T20:36:22,253,7,7,260
2022-10-24T20:45:50,253,7,7,260
2022-10-24T20:55:07,253,7,7,260
2022-10-24T21:04:26,253,7,7,260
2022-10-24T21:13:44,253,7,7,260
2022-10-24T21:23:03,253,7,7,260
2022-10-24T21:32:20,253,7,7,260
2022-10-24T21:41:38,253,7,7,260
2022-10-24T21:50:55,253,7,7,260
2022-10-24T22:00:13,253,7,7,260
2022-10-24T22:09:31,253,7,7,260
2022-10-24T22:18:49,253,7,7,260
2022-10-24T22:28:06,253,7,7,260
2022-10-24T22:37:24,253,7,7,260
2022-10-24T22:46:41,253,7,7,260
2022-10-24T22:55:58,253,7,7,260
2022-10-24T23:05:35,253,7,7,260
2022-10-24T23:14:53,253,7,7,260
2022-10-24T23:24:11,253,7,7,260
2022-10-24T23:33:29,253,7,7,260
2022-10-24T23:42:46,253,7,7,260
2022-10-24T23:52:04,253,7,7,260
2022-10-25T00:01:22,253,7,7,260
2022-10-25T00:10:41,253,7,7,260
2022-10-25T00:20:04,253,7,7,260
2022-10-25T00:29:23,253,7,7,260
2022-10-25T00:38:44,253,7,7,260
2022-10-25T00:48:05,253,7,7,260
2022-10-25T00:57:26,253,7,7,260
2022-10-25T01:06:45,253,7,7,260
2022-10-25T01:16:04,253,7,7,260
2022-10-25T01:25:22,253,7,7,260
2022-10-25T01:34:41,253,7,7,260
2022-10-25T01:44:00,253,7,7,260
2022-10-25T01:53:16,253,7,7,260
2022-10-25T02:02:34,253,7,7,260
2022-10-25T02:11:53,253,7,7,260
2022-10-25T02:21:09,253,7,7,260
2022-10-25T02:30:24,253,7,7,260
2022-10-25T02:39:39,253,7,7,260
2022-10-25T02:48:57,253,7,7,260
2022-10-25T02:58:17,253,7,7,260
2022-10-25T03:07:46,253,7,7,260
2022-10-25T03:17:04,253,7,7,260
2022-10-25T03:26:21,253,7,7,260
2022-10-25T03:35:38,253,7,7,260
2022-10-25T03:44:57,253,7,7,260
2022-10-25T03:54:16,253,7,7,260
2022-10-25T04:03:34,253,7,7,260
2022-10-25T04:15:46,253,7,7,260
2022-10-25T04:25:10,253,7,7,260
2022-10-25T04:35:45,253,7,7,260
2022-10-25T04:45:21,253,7,7,260
2022-10-25T04:54:43,253,7,7,260
2022-10-25T05:04:01,253,7,7,260
2022-10-25T05:13:22,253,7,7,260
2022-10-25T05:22:40,253,7,7,260
2022-10-25T05:31:58,253,7,7,260
2022-10-25T05:41:17,253,7,7,260
2022-10-25T05:50:36,253,7,7,260
2022-10-25T05:59:55,253,7,7,260
2022-10-25T06:09:15,253,7,7,260
2022-10-25T06:18:35,253,7,7,260
2022-10-25T06:27:54,253,7,7,260
2022-10-25T06:37:12,253,7,7,260
2022-10-25T06:46:29,253,7,7,260
2022-10-25T06:55:46,253,7,7,260
2022-10-25T07:05:04,253,7,7,260
2022-10-25T07:14:23,253,7,7,260
2022-10-25T07:23:42,253,7,7,260
2022-10-25T07:33:01,253,7,7,260
2022-10-25T07:42:20,253,7,7,260
2022-10-25T07:51:39,253,7,7,260
2022-10-25T08:00:58,253,7,7,260
2022-10-25T08:10:18,253,7,7,260
2022-10-25T08:19:36,253,7,7,260
2022-10-25T08:28:56,253,7,7,260
2022-10-25T08:38:14,253,7,7,260
2022-10-25T08:47:32,253,7,7,260
2022-10-25T08:56:51,253,7,7,260
2022-10-25T09:06:20,253,7,7,260
2022-10-25T09:15:39,253,7,7,260
2022-10-25T09:24:58,253,7,7,260
2022-10-25T09:34:17,253,7,7,260
2022-10-25T09:43:36,253,7,7,260
2022-10-25T09:52:55,253,7,7,260
2022-10-25T10:02:14,253,7,7,260
2022-10-25T10:11:33,253,7,7,260
2022-10-25T10:20:52,253,7,7,260
2022-10-25T10:30:11,253,7,7,260
2022-10-25T10:39:30,253,7,7,260
2022-10-25T10:48:49,253,7,7,260
2022-10-25T10:58:08,253,7,7,260
2022-10-25T11:07:28,253,7,7,260
2022-10-25T11:16:47,253,7,7,260
2022-10-25T11:26:18,253,7,7,260
2022-10-25T11:35:38,253,7,7,260
2022-10-25T11:44:57,253,7,7,260
2022-10-25T11:54:16,253,7,7,260
2022-10-25T12:03:35,253,7,7,260
2022-10-25T12:12:54,253,7,7,260
2022-10-25T12:22:12,253,7,7,260
2022-10-25T12:31:31,253,7,7,260
2022-10-25T12:40:51,253,7,7,260
2022-10-25T12:50:10,253,7,7,260
2022-10-25T12:59:30,253,7,7,260
2022-10-25T13:08:49,253,7,7,260
2022-10-25T13:18:08,253,7,7,260
2022-10-25T13:27:37,253,7,7,260
2022-10-25T13:36:56,253,7,7,260
2022-10-25T13:46:16,253,7,7,260
2022-10-25T13:55:35,253,7,7,260
2022-10-25T14:04:55,253,7,7,260
2022-10-25T14:14:14,253,7,7,260
2022-10-25T14:23:33,253,7,7,260
2022-10-25T14:32:52,253,7,7,260
2022-10-25T14:42:12,253,7,7,260
2022-10-25T14:51:31,253,7,7,260
2022-10-25T15:00:50,253,7,7,260
2022-10-25T15:10:09,253,7,7,260
2022-10-25T15:19:29,253,7,7,260
2022-10-25T15:28:48,253,7,7,260
2022-10-25T15:38:17,253,7,7,260
2022-10-25T15:47:36,253,7,7,260
2022-10-25T15:56:55,253,7,7,260
2022-10-25T16:06:13,253,7,7,260
2022-10-25T16:15:32,253,7,7,260
2022-10-25T16:24:50,253,7,7,260
2022-10-25T16:34:09,253,7,7,260
2022-10-25T16:43:27,253,7,7,260
2022-10-25T16:52:46,253,7,7,260
2022-10-25T17:02:04,253,7,7,260
2022-10-25T17:11:23,253,7,7,260
2022-10-25T17:20:42,253,7,7,260
2022-10-25T17:30:00,253,7,7,260
2022-10-25T17:39:29,253,7,7,260
2022-10-25T17:48:48,253,7,7,260
2022-10-25T17:58:07,253,7,7,260
2022-10-25T18:07:25,253,7,7,260
2022-10-25T18:16:44,253,7,7,260
2022-10-25T18:26:02,253,7,7,260
2022-10-25T18:35:20,253,7,7,260
2022-10-25T18:44:38,253,7,7,260
2022-10-25T18:53:55,253,7,7,260
2022-10-25T19:03:13,253,7,7,260
2022-10-25T19:12:32,253,7,7,260
2022-10-25T19:21:51,253,7,7,260
2022-10-25T19:31:09,253,7,7,260
2022-10-25T19:40:27,253,7,7,260
2022-10-25T19:49:45,253,7,7,260
2022-10-25T19:59:03,253,7,7,260
2022-10-25T20:08:33,253,7,7,260
2022-10-25T20:17:51,253,7,7,260
2022-10-25T20:27:06,253,7,7,260
2022-10-25T20:36:23,253,7,7,260
2022-10-25T20:45:38,253,7,7,260
2022-10-25T20:54:54,253,7,7,260
2022-10-25T21:04:11,253,7,7,260
2022-10-25T21:13:28,253,7,7,260
2022-10-25T21:22:44,253,7,7,260
2022-10-25T21:32:00,253,7,7,260
2022-10-25T21:41:16,253,7,7,260
2022-10-25T21:50:32,253,7,7,260
2022-10-25T21:59:49,253,7,7,260
2022-10-25T22:09:06,253,7,7,260
2022-10-25T22:18:22,253,7,7,260
2022-10-25T22:27:39,253,7,7,260
2022-10-25T22:36:55,253,7,7,260
2022-10-25T22:46:22,253,7,7,260
2022-10-25T22:55:38,253,7,7,260
2022-10-25T23:04:55,253,7,7,260
2022-10-25T23:14:12,253,7,7,260
2022-10-25T23:23:28,253,7,7,260
2022-10-25T23:32:45,253,7,7,260
2022-10-25T23:42:01,253,7,7,260
2022-10-25T23:51:17,253,7,7,260
2022-10-26T00:00:32,253,7,7,260
2022-10-26T00:09:49,253,7,7,260
2022-10-26T00:19:08,253,7,7,260
2022-10-26T00:28:25,253,7,7,260
2022-10-26T00:37:44,253,7,7,260
2022-10-26T00:47:04,253,7,7,260
2022-10-26T00:56:23,253,7,7,260
2022-10-26T01:05:42,253,7,7,260
2022-10-26T01:15:02,253,7,7,260
2022-10-26T01:24:22,253,7,7,260
2022-10-26T01:33:52,253,7,7,260
2022-10-26T01:43:10,253,7,7,260
2022-10-26T01:52:28,253,7,7,260
2022-10-26T02:01:47,253,7,7,260
2022-10-26T02:11:04,253,7,7,260
2022-10-26T02:20:22,253,7,7,260
2022-10-26T02:29:42,253,7,7,260
2022-10-26T02:39:01,253,7,7,260
2022-10-26T02:48:19,253,7,7,260
2022-10-26T02:57:38,253,7,7,260
2022-10-26T03:06:55,253,7,7,260
2022-10-26T03:16:12,253,7,7,260
2022-10-26T03:25:29,253,7,7,260
2022-10-26T03:34:46,253,7,7,260
2022-10-26T03:44:05,253,7,7,260
2022-10-26T03:53:25,253,7,7,260
2022-10-26T04:02:43,253,7,7,260
2022-10-26T04:12:03,253,7,7,260
2022-10-26T04:29:43,253,7,7,260
2022-10-26T04:40:38,253,7,7,260
2022-10-26T04:50:00,253,7,7,260
2022-10-26T04:59:20,253,7,7,260
2022-10-26T05:08:40,253,7,7,260
2022-10-26T05:17:59,253,7,7,260
2022-10-26T05:27:15,253,7,7,260
2022-10-26T05:36:31,253,7,7,260
2022-10-26T05:45:48,253,7,7,260
2022-10-26T05:55:06,253,7,7,260
2022-10-26T06:04:25,253,7,7,260
2022-10-26T06:13:44,253,7,7,260
2022-10-26T06:23:03,253,7,7,260
2022-10-26T06:32:21,253,7,7,260
2022-10-26T06:41:38,253,7,7,260
2022-10-26T06:50:54,253,7,7,260
2022-10-26T07:00:11,253,7,7,260
2022-10-26T07:09:31,253,7,7,260
2022-10-26T07:18:50,253,7,7,260
2022-10-26T07:28:08,253,7,7,260
2022-10-26T07:37:27,253,7,7,260
2022-10-26T07:46:46,253,7,7,260
2022-10-26T07:56:15,253,7,7,260
2022-10-26T08:05:35,253,7,7,260
2022-10-26T08:14:54,253,7,7,260
2022-10-26T08:24:15,253,7,7,260
2022-10-26T08:33:35,253,7,7,260
2022-10-26T08:42:54,253,7,7,260
2022-10-26T08:52:20,253,7,7,260
2022-10-26T09:01:46,253,7,7,260
2022-10-26T09:11:13,253,7,7,260
2022-10-26T09:20:39,253,7,7,260
2022-10-26T09:30:05,253,7,7,260
2022-10-26T09:39:30,253,7,7,260
2022-10-26T09:48:56,253,7,7,260
2022-10-26T09:58:49,253,7,7,260
2022-10-26T10:08:16,253,7,7,260
2022-10-26T10:17:41,253,7,7,260
2022-10-26T10:27:04,253,7,7,260
2022-10-26T10:36:27,253,7,7,260
2022-10-26T10:45:48,253,7,7,260
2022-10-26T10:55:07,253,7,7,260
2022-10-26T11:04:27,253,7,7,260
2022-10-26T11:13:47,253,7,7,260
2022-10-26T11:23:06,253,7,7,260
2022-10-26T11:32:38,253,7,7,260
2022-10-26T11:41:58,253,7,7,260
2022-10-26T11:51:19,253,7,7,260
2022-10-26T12:00:38,253,7,7,260
2022-10-26T12:09:59,253,7,7,260
2022-10-26T12:19:18,253,7,7,260
2022-10-26T12:28:38,253,7,7,260
2022-10-26T12:37:57,253,7,7,260
2022-10-26T12:47:16,253,7,7,260
2022-10-26T12:56:35,253,7,7,260
2022-10-26T13:05:55,253,7,7,260
2022-10-26T13:15:14,253,7,7,260
2022-10-26T13:24:45,253,7,7,260
2022-10-26T13:34:04,253,7,7,260
2022-10-26T13:43:24,253,7,7,260
2022-10-26T13:52:43,253,7,7,260
2022-10-26T14:02:06,253,7,7,260
2022-10-26T14:11:27,253,7,7,260
2022-10-26T14:20:48,253,7,7,260
2022-10-26T14:30:09,253,7,7,260
2022-10-26T14:39:29,253,7,7,260
2022-10-26T14:48:49,253,7,7,260
2022-10-26T14:58:08,253,7,7,260
2022-10-26T15:07:29,253,7,7,260
2022-10-26T15:16:48,253,7,7,260
2022-10-26T15:26:08,253,7,7,260
2022-10-26T15:35:28,253,7,7,260
2022-10-26T15:44:47,253,7,7,260
2022-10-26T15:54:17,253,7,7,260
2022-10-26T16:03:36,253,7,7,260
2022-10-26T16:12:55,253,7,7,260
2022-10-26T16:22:14,253,7,7,260
2022-10-26T16:31:32,253,7,7,260
2022-10-26T16:40:51,253,7,7,260
2022-10-26T16:50:10,253,7,7,260
2022-10-26T16:59:28,253,7,7,260
2022-10-26T17:08:47,253,7,7,260
2022-10-26T17:18:06,253,7,7,260
2022-10-26T17:27:24,253,7,7,260
2022-10-26T17:36:42,253,7,7,260
2022-10-26T17:46:00,253,7,7,260
2022-10-26T17:55:19,253,7,7,260
2022-10-26T18:04:39,253,7,7,260
2022-10-26T18:14:08,253,7,7,260
2022-10-26T18:23:27,253,7,7,260
2022-10-26T18:32:45,253,7,7,260
2022-10-26T18:42:03,253,7,7,260
2022-10-26T18:51:21,253,7,7,260
2022-10-26T19:00:39,253,7,7,260
2022-10-26T19:09:57,253,7,7,260
2022-10-26T19:19:15,253,7,7,260
2022-10-26T19:28:33,253,7,7,260
2022-10-26T19:37:51,253,7,7,260
2022-10-26T19:47:09,253,7,7,260
2022-10-26T19:56:27,253,7,7,260
2022-10-26T20:05:45,253,7,7,260
2022-10-26T20:15:13,253,7,7,260
2022-10-26T20:24:29,253,7,7,260
2022-10-26T20:33:45,253,7,7,260
2022-10-26T20:43:02,253,7,7,260
2022-10-26T20:52:18,253,7,7,260
2022-10-26T21:01:34,253,7,7,260
2022-10-26T21:10:50,253,7,7,260
2022-10-26T21:20:08,253,7,7,260
2022-10-26T21:29:24,253,7,7,260
2022-10-26T21:38:41,253,7,7,260
2022-10-26T21:47:57,253,7,7,260
2022-10-26T21:57:13,253,7,7,260
2022-10-26T22:06:30,253,7,7,260
2022-10-26T22:15:46,253,7,7,260
2022-10-26T22:25:02,253,7,7,260
2022-10-26T22:34:20,253,7,7,260
2022-10-26T22:43:35,253,7,7,260
2022-10-26T22:53:02,253,7,7,260
2022-10-26T23:02:19,253,7,7,260
2022-10-26T23:11:35,253,7,7,260
2022-10-26T23:20:52,253,7,7,260
2022-10-26T23:30:08,253,7,7,260
2022-10-26T23:39:24,253,7,7,260
2022-10-26T23:48:40,253,7,7,260
2022-10-26T23:57:56,253,7,7,260
2022-10-27T00:07:13,253,7,7,260
2022-10-27T00:16:32,253,7,7,260
2022-10-27T00:25:51,253,7,7,260
2022-10-27T00:35:19,253,7,7,260
2022-10-27T00:44:38,253,7,7,260
2022-10-27T00:53:58,253,7,7,260
2022-10-27T01:03:16,253,7,7,260
2022-10-27T01:12:35,253,7,7,260
2022-10-27T01:21:53,253,7,7,260
2022-10-27T01:31:10,253,7,7,260
2022-10-27T01:40:28,253,7,7,260
2022-10-27T01:49:45,253,7,7,260
2022-10-27T01:59:02,253,7,7,260
2022-10-27T02:08:19,253,7,7,260
2022-10-27T02:17:35,253,7,7,260
2022-10-27T02:26:50,253,7,7,260
2022-10-27T02:36:05,253,7,7,260
2022-10-27T02:45:21,253,7,7,260
2022-10-27T02:54:39,253,7,7,260
2022-10-27T03:03:58,253,7,7,260
2022-10-27T03:13:14,253,7,7,260
2022-10-27T03:22:31,253,7,7,260
2022-10-27T03:31:59,253,7,7,260
2022-10-27T03:41:20,253,7,7,260
2022-10-27T03:50:39,253,7,7,260
2022-10-27T03:59:58,253,7,7,260
2022-10-27T04:09:18,253,7,7,260
2022-10-27T04:23:57,253,7,7,260
2022-10-27T04:33:40,253,7,7,260
2022-10-27T04:43:02,253,7,7,260
2022-10-27T04:52:22,253,7,7,260
2022-10-27T05:01:42,253,7,7,260
2022-10-27T05:11:00,253,7,7,260
2022-10-27T05:20:20,253,7,7,260
2022-10-27T05:29:39,253,7,7,260
2022-10-27T05:38:59,253,7,7,260
2022-10-27T05:48:17,253,7,7,260
2022-10-27T05:57:38,253,7,7,260
2022-10-27T06:06:59,253,7,7,260
2022-10-27T06:16:20,253,7,7,260
2022-10-27T06:25:40,253,7,7,260
2022-10-27T06:35:01,253,7,7,260
2022-10-27T06:44:20,253,7,7,260
2022-10-27T06:53:37,253,7,7,260
2022-10-27T07:02:55,253,7,7,260
2022-10-27T07:12:14,253,7,7,260
2022-10-27T07:21:33,253,7,7,260
2022-10-27T07:30:52,253,7,7,260
2022-10-27T07:40:11,253,7,7,260
2022-10-27T07:49:31,253,7,7,260
2022-10-27T07:58:52,253,7,7,260
2022-10-27T08:08:11,253,7,7,260
2022-10-27T08:17:39,253,7,7,260
2022-10-27T08:26:58,253,7,7,260
2022-10-27T08:36:16,253,7,7,260
2022-10-27T08:45:35,253,7,7,260
2022-10-27T08:54:54,253,7,7,260
2022-10-27T09:04:13,253,7,7,260
2022-10-27T09:13:32,253,7,7,260
2022-10-27T09:23:09,253,7,7,260
2022-10-27T09:32:29,253,7,7,260
2022-10-27T09:41:48,253,7,7,260
2022-10-27T09:51:07,253,7,7,260
2022-10-27T10:00:27,253,7,7,260
2022-10-27T10:09:48,253,7,7,260
2022-10-27T10:19:08,253,7,7,260
2022-10-27T10:28:27,253,7,7,260
2022-10-27T10:37:47,253,7,7,260
2022-10-27T10:47:20,253,7,7,260
2022-10-27T10:56:40,253,7,7,260
2022-10-27T11:06:04,253,7,7,260
2022-10-27T11:15:29,253,7,7,260
2022-10-27T11:24:51,253,7,7,260
2022-10-27T11:34:10,253,7,7,260
2022-10-27T11:43:29,253,7,7,260
2022-10-27T11:52:48,253,7,7,260
2022-10-27T12:02:08,253,7,7,260
2022-10-27T12:11:28,253,7,7,260
2022-10-27T12:20:47,253,7,7,260
2022-10-27T12:30:17,253,7,7,260
2022-10-27T12:39:37,253,7,7,260
2022-10-27T12:48:57,253,7,7,260
2022-10-27T12:58:16,253,7,7,260
2022-10-27T13:07:35,253,7,7,260
2022-10-27T13:16:55,253,7,7,260
2022-10-27T13:26:14,253,7,7,260
2022-10-27T13:35:33,253,7,7,260
2022-10-27T13:44:52,253,7,7,260
2022-10-27T13:54:11,253,7,7,260
2022-10-27T14:03:31,253,7,7,260
2022-10-27T14:12:50,253,7,7,260
2022-10-27T14:22:09,253,7,7,260
2022-10-27T14:31:28,253,7,7,260
2022-10-27T14:40:48,253,7,7,260
2022-10-27T14:50:07,253,7,7,260
2022-10-27T14:59:27,253,7,7,260
2022-10-27T15:08:46,253,7,7,260
2022-10-27T15:18:04,253,7,7,260
2022-10-27T15:27:25,253,7,7,260
2022-10-27T15:36:44,253,7,7,260
2022-10-27T15:46:13,253,7,7,260
2022-10-27T15:55:32,253,7,7,260
2022-10-27T16:04:51,253,7,7,260
2022-10-27T16:14:09,253,7,7,260
2022-10-27T16:23:27,253,7,7,260
2022-10-27T16:32:46,253,7,7,260
2022-10-27T16:42:03,253,7,7,260
2022-10-27T16:51:22,253,7,7,260
2022-10-27T17:00:40,253,7,7,260
2022-10-27T17:09:58,253,7,7,260
2022-10-27T17:19:28,253,7,7,260
2022-10-27T17:28:47,253,7,7,260
2022-10-27T17:38:05,253,7,7,260
2022-10-27T17:47:23,253,7,7,260
2022-10-27T17:56:40,253,7,7,260
2022-10-27T18:05:59,253,7,7,260
2022-10-27T18:15:16,253,7,7,260
2022-10-27T18:24:34,253,7,7,260
2022-10-27T18:33:54,253,7,7,260
2022-10-27T18:43:12,253,7,7,260
2022-10-27T18:52:29,253,7,7,260
2022-10-27T19:01:48,253,7,7,260
2022-10-27T19:11:05,253,7,7,260
2022-10-27T19:20:24,253,7,7,260
2022-10-27T19:29:52,253,7,7,260
2022-10-27T19:39:10,253,7,7,260
2022-10-27T19:48:28,253,7,7,260
2022-10-27T19:57:45,253,7,7,260
2022-10-27T20:07:03,253,7,7,260
2022-10-27T20:16:21,253,7,7,260
2022-10-27T20:25:38,253,7,7,260
2022-10-27T20:34:56,253,7,7,260
2022-10-27T20:44:13,253,7,7,260
2022-10-27T20:53:30,253,7,7,260
2022-10-27T21:02:48,253,7,7,260
2022-10-27T21:12:06,253,7,7,260
2022-10-27T21:21:23,253,7,7,260
2022-10-27T21:30:41,253,7,7,260
2022-10-27T21:39:58,253,7,7,260
2022-10-27T21:49:16,253,7,7,260
2022-10-27T21:58:43,253,7,7,260
2022-10-27T22:08:01,253,7,7,260
2022-10-27T22:17:19,253,7,7,260
2022-10-27T22:26:36,253,7,7,260
2022-10-27T22:35:53,253,7,7,260
2022-10-27T22:45:11,253,7,7,260
2022-10-27T22:54:28,253,7,7,260
2022-10-27T23:03:47,253,7,7,260
2022-10-27T23:13:05,253,7,7,260
2022-10-27T23:22:23,253,7,7,260
2022-10-27T23:31:40,253,7,7,260
2022-10-27T23:40:58,253,7,7,260
2022-10-27T23:50:15,253,7,7,260
2022-10-27T23:59:32,253,7,7,260
2022-10-28T00:08:50,253,7,7,260
2022-10-28T00:18:12,253,7,7,260
2022-10-28T00:27:31,253,7,7,260
2022-10-28T00:36:51,253,7,7,260
2022-10-28T00:46:12,253,7,7,260
2022-10-28T00:55:43,253,7,7,260
2022-10-28T01:05:03,253,7,7,260
2022-10-28T01:14:26,253,7,7,260
2022-10-28T01:23:47,253,7,7,260
2022-10-28T01:33:08,253,7,7,260
2022-10-28T01:42:29,253,7,7,260
2022-10-28T01:51:48,253,7,7,260
2022-10-28T02:01:07,253,7,7,260
2022-10-28T02:10:27,253,7,7,260
2022-10-28T02:19:48,253,7,7,260
2022-10-28T02:29:09,253,7,7,260
2022-10-28T02:38:29,253,7,7,260
2022-10-28T02:47:48,253,7,7,260
2022-10-28T02:57:07,253,7,7,260
2022-10-28T03:06:24,253,7,7,260
2022-10-28T03:15:43,253,7,7,260
2022-10-28T03:25:00,253,7,7,260
2022-10-28T03:34:21,253,7,7,260
2022-10-28T03:43:41,253,7,7,260
2022-10-28T03:53:01,253,7,7,260
2022-10-28T04:02:22,253,7,7,260
2022-10-28T04:14:05,253,7,7,260
2022-10-28T04:33:56,253,7,7,260
2022-10-28T04:43:20,253,7,7,260
2022-10-28T04:52:42,253,7,7,260
2022-10-28T05:02:04,253,7,7,260
2022-10-28T05:11:24,253,7,7,260
2022-10-28T05:20:42,253,7,7,260
2022-10-28T05:29:58,253,7,7,260
2022-10-28T05:39:14,253,7,7,260
2022-10-28T05:48:30,253,7,7,260
2022-10-28T05:57:49,253,7,7,260
2022-10-28T06:07:09,253,7,7,260
2022-10-28T06:16:29,253,7,7,260
2022-10-28T06:25:49,253,7,7,260
2022-10-28T06:35:06,253,7,7,260
2022-10-28T06:44:23,253,7,7,260
2022-10-28T06:53:42,253,7,7,260
2022-10-28T07:03:04,253,7,7,260
2022-10-28T07:12:24,253,7,7,260
2022-10-28T07:21:44,253,7,7,260
2022-10-28T07:31:03,253,7,7,260
2022-10-28T07:40:22,253,7,7,260
2022-10-28T07:49:41,253,7,7,260
2022-10-28T07:58:59,253,7,7,260
2022-10-28T08:08:18,253,7,7,260
2022-10-28T08:17:37,253,7,7,260
2022-10-28T08:26:55,253,7,7,260
2022-10-28T08:36:25,253,7,7,260
2022-10-28T08:45:44,253,7,7,260
2022-10-28T08:55:02,253,7,7,260
2022-10-28T09:04:35,253,7,7,260
2022-10-28T09:13:55,253,7,7,260
2022-10-28T09:23:14,253,7,7,260
2022-10-28T09:32:33,253,7,7,260
2022-10-28T09:41:52,253,7,7,260
2022-10-28T09:51:11,253,7,7,260
2022-10-28T10:00:30,253,7,7,260
2022-10-28T10:09:48,253,7,7,260
2022-10-28T10:19:06,253,7,7,260
2022-10-28T10:28:25,253,7,7,260
2022-10-28T10:37:43,253,7,7,260
2022-10-28T10:47:01,253,7,7,260
2022-10-28T10:56:29,253,7,7,260
2022-10-28T11:05:46,253,7,7,260
2022-10-28T11:15:04,253,7,7,260
2022-10-28T11:24:21,253,7,7,260
2022-10-28T11:33:40,253,7,7,260
2022-10-28T11:42:58,253,7,7,260
2022-10-28T11:52:15,253,7,7,260
2022-10-28T12:01:33,253,7,7,260
2022-10-28T12:10:50,253,7,7,260
2022-10-28T12:20:07,253,7,7,260
2022-10-28T12:29:25,253,7,7,260
2022-10-28T12:38:42,253,7,7,260
2022-10-28T12:48:09,253,7,7,260
2022-10-28T12:57:26,253,7,7,260
2022-10-28T13:06:43,253,7,7,260
2022-10-28T13:16:00,253,7,7,260
2022-10-28T13:25:17,253,7,7,260
2022-10-28T13:34:35,253,7,7,260
2022-10-28T13:43:52,253,7,7,260
2022-10-28T13:53:09,253,7,7,260
2022-10-28T14:02:28,253,7,7,260
2022-10-28T14:11:47,253,7,7,260
2022-10-28T14:21:04,253,7,7,260
2022-10-28T14:30:21,253,7,7,260
2022-10-28T14:39:49,253,7,7,260
2022-10-28T14:49:07,253,7,7,260
2022-10-28T14:58:23,253,7,7,260
2022-10-28T15:07:41,253,7,7,260
2022-10-28T15:16:58,253,7,7,260
2022-10-28T15:26:16,253,7,7,260
2022-10-28T15:35:33,253,7,7,260
2022-10-28T15:44:50,253,7,7,260
2022-10-28T15:54:07,253,7,7,260
2022-10-28T16:03:24,253,7,7,260
2022-10-28T16:12:42,253,7,7,260
2022-10-28T16:22:08,253,7,7,260
2022-10-28T16:31:25,253,7,7,260
2022-10-28T16:40:42,253,7,7,260
2022-10-28T16:49:58,253,7,7,260
2022-10-28T16:59:15,253,7,7,260
2022-10-28T17:08:32,253,7,7,260
2022-10-28T17:17:48,253,7,7,260
2022-10-28T17:27:04,253,7,7,260
2022-10-28T17:36:21,253,7,7,260
2022-10-28T17:45:38,253,7,7,260
2022-10-28T17:54:54,253,7,7,260
2022-10-28T18:04:11,253,7,7,260
2022-10-28T18:13:27,253,7,7,260
2022-10-28T18:22:55,253,7,7,260
2022-10-28T18:32:12,253,7,7,260
2022-10-28T18:41:28,253,7,7,260
2022-10-28T18:50:44,253,7,7,260
2022-10-28T19:00:01,253,7,7,260
2022-10-28T19:09:18,253,7,7,260
2022-10-28T19:18:44,253,7,7,260
2022-10-28T19:28:00,253,7,7,260
2022-10-28T19:37:16,253,7,7,260
2022-10-28T19:46:32,253,7,7,260
2022-10-28T19:55:48,253,7,7,260
2022-10-28T20:05:04,253,7,7,260
2022-10-28T20:14:20,253,7,7,260
2022-10-28T20:23:37,253,7,7,260
2022-10-28T20:32:53,253,7,7,260
2022-10-28T20:42:08,253,7,7,260
2022-10-28T20:51:25,253,7,7,260
2022-10-28T21:00:41,253,7,7,260
2022-10-28T21:09:57,253,7,7,260
2022-10-28T21:19:13,253,7,7,260
2022-10-28T21:28:29,253,7,7,260
2022-10-28T21:37:44,253,7,7,260
2022-10-28T21:47:00,253,7,7,260
2022-10-28T21:56:16,253,7,7,260
2022-10-28T22:05:32,253,7,7,260
2022-10-28T22:14:58,253,7,7,260
2022-10-28T22:24:17,253,7,7,260
2022-10-28T22:33:33,253,7,7,260
2022-10-28T22:42:49,253,7,7,260
2022-10-28T22:52:05,253,7,7,260
2022-10-28T23:01:21,253,7,7,260
2022-10-28T23:10:38,253,7,7,260
2022-10-28T23:19:54,253,7,7,260
2022-10-28T23:29:10,253,7,7,260
2022-10-28T23:38:27,253,7,7,260
2022-10-28T23:47:42,253,7,7,260
2022-10-28T23:56:58,253,7,7,260
2022-10-29T00:06:16,253,7,7,260
2022-10-29T00:15:38,253,7,7,260
2022-10-29T00:24:56,253,7,7,260
2022-10-29T00:34:14,253,7,7,260
2022-10-29T00:43:34,253,7,7,260
2022-10-29T00:52:54,253,7,7,260
2022-10-29T01:02:13,253,7,7,260
2022-10-29T01:11:31,253,7,7,260
2022-10-29T01:20:49,253,7,7,260
2022-10-29T01:30:08,253,7,7,260
2022-10-29T01:39:27,253,7,7,260
2022-10-29T01:48:44,253,7,7,260
2022-10-29T01:58:00,253,7,7,260
2022-10-29T02:07:17,253,7,7,260
2022-10-29T02:16:32,253,7,7,260
2022-10-29T02:25:59,253,7,7,260
2022-10-29T02:35:14,253,7,7,260
2022-10-29T02:44:30,253,7,7,260
2022-10-29T02:53:46,253,7,7,260
2022-10-29T03:03:02,253,7,7,260
2022-10-29T03:12:18,253,7,7,260
2022-10-29T03:21:33,253,7,7,260
2022-10-29T03:30:48,253,7,7,260
2022-10-29T03:40:05,253,7,7,260
2022-10-29T03:49:23,253,7,7,260
2022-10-29T03:58:41,253,7,7,260
2022-10-29T04:07:59,253,7,7,260
2022-10-29T04:21:58,253,7,7,260
2022-10-29T04:31:45,253,7,7,260
2022-10-29T04:41:05,253,7,7,260
2022-10-29T04:50:23,253,7,7,260
2022-10-29T04:59:39,253,7,7,260
2022-10-29T05:08:55,253,7,7,260
2022-10-29T05:18:11,253,7,7,260
2022-10-29T05:27:27,253,7,7,260
2022-10-29T05:37:30,253,7,7,260
2022-10-29T05:46:49,253,7,7,260
2022-10-29T05:56:10,253,7,7,260
2022-10-29T06:05:31,253,7,7,260
2022-10-29T06:14:51,253,7,7,260
2022-10-29T06:24:10,253,7,7,260
2022-10-29T06:33:30,253,7,7,260
2022-10-29T06:42:50,253,7,7,260
2022-10-29T06:52:10,253,7,7,260
2022-10-29T07:01:31,253,7,7,260
2022-10-29T07:10:53,253,7,7,260
2022-10-29T07:20:13,253,7,7,260
2022-10-29T07:29:35,253,7,7,260
2022-10-29T07:38:56,253,7,7,260
2022-10-29T07:48:17,253,7,7,260
2022-10-29T07:57:37,253,7,7,260
2022-10-29T08:06:58,253,7,7,260
2022-10-29T08:16:27,253,7,7,260
2022-10-29T08:25:49,253,7,7,260
2022-10-29T08:35:09,253,7,7,260
2022-10-29T08:44:31,253,7,7,260
2022-10-29T08:53:51,253,7,7,260
2022-10-29T09:03:11,253,7,7,260
2022-10-29T09:12:31,253,7,7,260
2022-10-29T09:21:50,253,7,7,260
2022-10-29T09:31:09,253,7,7,260
2022-10-29T09:40:28,253,7,7,260
2022-10-29T09:49:48,253,7,7,260
2022-10-29T09:59:07,253,7,7,260
2022-10-29T10:08:35,253,7,7,260
2022-10-29T10:17:55,253,7,7,260
2022-10-29T10:27:15,253,7,7,260
2022-10-29T10:36:34,253,7,7,260
2022-10-29T10:45:53,253,7,7,260
2022-10-29T10:55:10,253,7,7,260
2022-10-29T11:04:27,253,7,7,260
2022-10-29T11:13:44,253,7,7,260
2022-10-29T11:23:01,253,7,7,260
2022-10-29T11:32:19,253,7,7,260
2022-10-29T11:41:36,253,7,7,260
2022-10-29T11:50:53,253,7,7,260
2022-10-29T12:00:09,253,7,7,260
2022-10-29T12:09:26,253,7,7,260
2022-10-29T12:18:43,253,7,7,260
2022-10-29T12:28:01,253,7,7,260
2022-10-29T12:37:18,253,7,7,260
2022-10-29T12:46:34,253,7,7,260
2022-10-29T12:55:52,253,7,7,260
2022-10-29T13:05:09,253,7,7,260
2022-10-29T13:14:26,253,7,7,260
2022-10-29T13:23:44,253,7,7,260
2022-10-29T13:33:01,253,7,7,260
2022-10-29T13:42:18,253,7,7,260
2022-10-29T13:51:46,253,7,7,260
2022-10-29T14:01:03,253,7,7,260
2022-10-29T14:10:21,253,7,7,260
2022-10-29T14:19:39,253,7,7,260
2022-10-29T14:28:57,253,7,7,260
2022-10-29T14:38:14,253,7,7,260
2022-10-29T14:47:31,253,7,7,260
2022-10-29T14:56:48,253,7,7,260
2022-10-29T15:06:05,253,7,7,260
2022-10-29T15:15:23,253,7,7,260
2022-10-29T15:24:41,253,7,7,260
2022-10-29T15:34:03,253,7,7,260
2022-10-29T15:43:19,253,7,7,260
2022-10-29T15:52:36,253,7,7,260
2022-10-29T16:01:53,253,7,7,260
2022-10-29T16:11:10,253,7,7,260
2022-10-29T16:20:27,253,7,7,260
2022-10-29T16:29:44,253,7,7,260
2022-10-29T16:39:00,253,7,7,260
2022-10-29T16:48:17,253,7,7,260
2022-10-29T16:57:34,253,7,7,260
2022-10-29T17:06:51,253,7,7,260
2022-10-29T17:16:08,253,7,7,260
2022-10-29T17:25:26,253,7,7,260
2022-10-29T17:34:43,253,7,7,260
2022-10-29T17:43:59,253,7,7,260
2022-10-29T17:53:17,253,7,7,260
2022-10-29T18:02:34,253,7,7,260
2022-10-29T18:11:51,253,7,7,260
2022-10-29T18:21:08,253,7,7,260
2022-10-29T18:30:25,253,7,7,260
2022-10-29T18:39:42,253,7,7,260
2022-10-29T18:48:59,253,7,7,260
2022-10-29T18:58:15,253,7,7,260
2022-10-29T19:07:33,253,7,7,260
2022-10-29T19:08:58,253,7,7,260
2022-10-29T19:18:15,253,7,7,260
2022-10-29T19:27:32,253,7,7,260
2022-10-29T19:36:48,253,7,7,260
2022-10-29T19:46:05,253,7,7,260
2022-10-29T19:55:22,253,7,7,260
2022-10-29T20:04:39,253,7,7,260
2022-10-29T20:14:05,253,7,7,260
2022-10-29T20:23:22,253,7,7,260
2022-10-29T20:32:38,253,7,7,260
2022-10-29T20:41:55,253,7,7,260
2022-10-29T20:51:11,253,7,7,260
2022-10-29T21:00:27,253,7,7,260
2022-10-29T21:09:43,253,7,7,260
2022-10-29T21:19:00,253,7,7,260
2022-10-29T21:28:17,253,7,7,260
2022-10-29T21:37:34,253,7,7,260
2022-10-29T21:46:51,253,7,7,260
2022-10-29T21:56:08,253,7,7,260
2022-10-29T22:05:26,253,7,7,260
2022-10-29T22:14:43,253,7,7,260
2022-10-29T22:24:00,253,7,7,260
2022-10-29T22:33:17,253,7,7,260
2022-10-29T22:42:33,253,7,7,260
2022-10-29T22:51:50,253,7,7,260
2022-10-29T23:01:07,253,7,7,260
2022-10-29T23:10:25,253,7,7,260
2022-10-29T23:19:42,253,7,7,260
2022-10-29T23:28:59,253,7,7,260
2022-10-29T23:38:16,253,7,7,260
2022-10-29T23:47:33,253,7,7,260
2022-10-29T23:56:49,253,7,7,260
2022-10-30T00:06:16,253,7,7,260
2022-10-30T00:15:34,253,7,7,260
2022-10-30T00:24:53,253,7,7,260
2022-10-30T00:34:11,253,7,7,260
2022-10-30T00:43:31,253,7,7,260
2022-10-30T00:52:50,253,7,7,260
2022-10-30T01:02:08,253,7,7,260
2022-10-30T01:11:25,253,7,7,260
2022-10-30T01:20:42,253,7,7,260
2022-10-30T01:30:01,253,7,7,260
2022-10-30T01:39:19,253,7,7,260
2022-10-30T01:48:37,253,7,7,260
2022-10-30T01:57:57,253,7,7,260
2022-10-30T02:07:17,253,7,7,260
2022-10-30T02:16:46,253,7,7,260
2022-10-30T02:26:05,253,7,7,260
2022-10-30T02:35:24,253,7,7,260
2022-10-30T02:44:42,253,7,7,260
2022-10-30T02:54:00,253,7,7,260
2022-10-30T03:03:18,253,7,7,260
2022-10-30T03:12:36,253,7,7,260
2022-10-30T03:21:56,253,7,7,260
2022-10-30T03:31:16,253,7,7,260
2022-10-30T03:40:37,253,7,7,260
2022-10-30T03:49:57,253,7,7,260
2022-10-30T03:59:17,253,7,7,260
2022-10-30T04:08:38,253,7,7,260
2022-10-30T04:26:05,253,7,7,260
2022-10-30T04:35:28,253,7,7,260
2022-10-30T04:44:48,253,7,7,260
2022-10-30T04:55:23,253,7,7,260
2022-10-30T05:05:00,253,7,7,260
2022-10-30T05:14:17,253,7,7,260
2022-10-30T05:23:33,253,7,7,260
2022-10-30T05:32:48,253,7,7,260
2022-10-30T05:42:04,253,7,7,260
2022-10-30T05:51:21,253,7,7,260
2022-10-30T06:00:40,253,7,7,260
2022-10-30T06:09:59,253,7,7,260
2022-10-30T06:19:18,253,7,7,260
2022-10-30T06:28:35,253,7,7,260
2022-10-30T06:37:52,253,7,7,260
2022-10-30T06:47:08,253,7,7,260
2022-10-30T06:56:25,253,7,7,260
2022-10-30T07:05:42,253,7,7,260
2022-10-30T07:15:05,253,7,7,260
2022-10-30T07:24:22,253,7,7,260
2022-10-30T07:33:40,253,7,7,260
2022-10-30T07:42:59,253,7,7,260
2022-10-30T07:52:17,253,7,7,260
2022-10-30T08:01:35,253,7,7,260
2022-10-30T08:10:54,253,7,7,260
2022-10-30T08:20:12,253,7,7,260
2022-10-30T08:29:31,253,7,7,260
2022-10-30T08:38:48,253,7,7,260
2022-10-30T08:48:06,253,7,7,260
2022-10-30T08:57:23,253,7,7,260
2022-10-30T09:06:59,253,7,7,260
2022-10-30T09:16:17,253,7,7,260
2022-10-30T09:25:34,253,7,7,260
2022-10-30T09:34:51,253,7,7,260
2022-10-30T09:44:08,253,7,7,260
2022-10-30T09:53:25,253,7,7,260
2022-10-30T10:02:42,253,7,7,260
2022-10-30T10:12:00,253,7,7,260
2022-10-30T10:21:16,253,7,7,260
2022-10-30T10:30:33,253,7,7,260
2022-10-30T10:39:50,253,7,7,260
2022-10-30T10:49:08,253,7,7,260
2022-10-30T10:58:25,253,7,7,260
2022-10-30T11:07:42,253,7,7,260
2022-10-30T11:16:59,253,7,7,260
2022-10-30T11:26:16,253,7,7,260
2022-10-30T11:35:33,253,7,7,260
2022-10-30T11:44:51,253,7,7,260
2022-10-30T11:54:08,253,7,7,260
2022-10-30T12:03:34,253,7,7,260
2022-10-30T12:12:51,253,7,7,260
2022-10-30T12:22:08,253,7,7,260
2022-10-30T12:31:26,253,7,7,260
2022-10-30T12:40:43,253,7,7,260
2022-10-30T12:50:00,253,7,7,260
2022-10-30T12:59:17,253,7,7,260
2022-10-30T13:08:34,253,7,7,260
2022-10-30T13:17:51,253,7,7,260
2022-10-30T13:27:08,253,7,7,260
2022-10-30T13:36:26,253,7,7,260
2022-10-30T13:45:43,253,7,7,260
2022-10-30T13:55:01,253,7,7,260
2022-10-30T14:04:18,253,7,7,260
2022-10-30T14:13:35,253,7,7,260
2022-10-30T14:22:53,253,7,7,260
2022-10-30T14:32:09,253,7,7,260
2022-10-30T14:41:26,253,7,7,260
2022-10-30T14:50:44,253,7,7,260
2022-10-30T15:00:12,253,7,7,260
2022-10-30T15:09:29,253,7,7,260
2022-10-30T15:18:46,253,7,7,260
2022-10-30T15:28:04,253,7,7,260
2022-10-30T15:37:22,253,7,7,260
2022-10-30T15:46:40,253,7,7,260
2022-10-30T15:55:59,253,7,7,260
2022-10-30T16:05:17,253,7,7,260
2022-10-30T16:14:35,253,7,7,260
2022-10-30T16:23:52,253,7,7,260
2022-10-30T16:33:10,253,7,7,260
2022-10-30T16:42:27,253,7,7,260
2022-10-30T16:51:44,253,7,7,260
2022-10-30T17:01:01,253,7,7,260
2022-10-30T17:10:19,253,7,7,260
2022-10-30T17:19:36,253,7,7,260
2022-10-30T17:28:53,253,7,7,260
2022-10-30T17:38:10,253,7,7,260
2022-10-30T17:47:27,253,7,7,260
2022-10-30T17:56:44,253,7,7,260
2022-10-30T18:06:14,253,7,7,260
2022-10-30T18:15:32,253,7,7,260
2022-10-30T18:24:49,253,7,7,260
2022-10-30T18:34:07,253,7,7,260
2022-10-30T18:43:24,253,7,7,260
2022-10-30T18:52:42,253,7,7,260
2022-10-30T19:02:00,253,7,7,260
2022-10-30T19:11:19,253,7,7,260
2022-10-30T19:20:36,253,7,7,260
2022-10-30T19:29:54,253,7,7,260
2022-10-30T19:39:13,253,7,7,260
2022-10-30T19:48:30,253,7,7,260
2022-10-30T19:57:47,253,7,7,260
2022-10-30T20:07:04,253,7,7,260
2022-10-30T20:16:21,253,7,7,260
2022-10-30T20:25:39,253,7,7,260
2022-10-30T20:34:57,253,7,7,260
2022-10-30T20:44:14,253,7,7,260
2022-10-30T20:53:33,253,7,7,260
2022-10-30T21:03:00,253,7,7,260
2022-10-30T21:12:17,253,7,7,260
2022-10-30T21:21:35,253,7,7,260
2022-10-30T21:30:53,253,7,7,260
2022-10-30T21:40:11,253,7,7,260
2022-10-30T21:49:28,253,7,7,260
2022-10-30T21:58:46,253,7,7,260
2022-10-30T22:08:03,253,7,7,260
2022-10-30T22:17:21,253,7,7,260
2022-10-30T22:26:38,253,7,7,260
2022-10-30T22:35:56,253,7,7,260
2022-10-30T22:45:13,253,7,7,260
2022-10-30T22:54:31,253,7,7,260
2022-10-30T23:03:49,253,7,7,260
2022-10-30T23:13:07,253,7,7,260
2022-10-30T23:22:25,253,7,7,260
2022-10-30T23:31:44,253,7,7,260
2022-10-30T23:41:01,253,7,7,260
2022-10-30T23:50:36,253,7,7,260
2022-10-30T23:59:53,253,7,7,260
2022-10-31T00:09:12,253,7,7,260
2022-10-31T00:18:33,253,7,7,260
2022-10-31T00:27:53,253,7,7,260
2022-10-31T00:37:14,253,7,7,260
2022-10-31T00:46:34,253,7,7,260
2022-10-31T00:55:52,253,7,7,260
2022-10-31T01:05:10,253,7,7,260
2022-10-31T01:14:28,253,7,7,260
2022-10-31T01:23:48,253,7,7,260
2022-10-31T01:33:10,253,7,7,260
2022-10-31T01:42:32,253,7,7,260
2022-10-31T01:51:52,253,7,7,260
2022-10-31T02:01:13,253,7,7,260
2022-10-31T02:10:34,253,7,7,260
2022-10-31T02:19:53,253,7,7,260
2022-10-31T02:29:12,253,7,7,260
2022-10-31T02:38:31,253,7,7,260
2022-10-31T02:47:49,253,7,7,260
2022-10-31T02:57:08,253,7,7,260
2022-10-31T03:06:25,253,7,7,260
2022-10-31T03:15:54,253,7,7,260
2022-10-31T03:25:13,253,7,7,260
2022-10-31T03:34:31,253,7,7,260
2022-10-31T03:43:52,253,7,7,260
2022-10-31T03:53:13,253,7,7,260
2022-10-31T04:02:33,253,7,7,260
2022-10-31T04:18:17,253,7,7,260
2022-10-31T04:29:15,253,7,7,260
2022-10-31T04:38:38,253,7,7,260
2022-10-31T04:48:00,253,7,7,260
2022-10-31T04:57:21,253,7,7,260
2022-10-31T05:06:41,253,7,7,260
2022-10-31T05:16:00,253,7,7,260
2022-10-31T05:25:17,253,7,7,260
2022-10-31T05:34:34,253,7,7,260
2022-10-31T05:43:49,253,7,7,260
2022-10-31T05:53:07,253,7,7,260
2022-10-31T06:02:26,253,7,7,260
2022-10-31T06:11:45,253,7,7,260
2022-10-31T06:21:05,253,7,7,260
2022-10-31T06:30:23,253,7,7,260
2022-10-31T06:39:41,253,7,7,260
2022-10-31T06:48:58,253,7,7,260
2022-10-31T06:58:17,253,7,7,260
2022-10-31T07:07:37,253,7,7,260
2022-10-31T07:16:56,253,7,7,260
2022-10-31T07:26:15,253,7,7,260
2022-10-31T07:35:34,253,7,7,260
2022-10-31T07:44:54,253,7,7,260
2022-10-31T07:54:13,253,7,7,260
2022-10-31T08:03:32,253,7,7,260
2022-10-31T08:13:06,253,7,7,260
2022-10-31T08:22:25,253,7,7,260
2022-10-31T08:31:44,253,7,7,260
2022-10-31T08:41:02,253,7,7,260
2022-10-31T08:50:20,253,7,7,260
2022-10-31T08:59:39,253,7,7,260
2022-10-31T09:08:57,253,7,7,260
2022-10-31T09:18:16,253,7,7,260
2022-10-31T09:27:42,253,7,7,260
2022-10-31T09:37:01,253,7,7,260
2022-10-31T09:46:20,253,7,7,260
2022-10-31T09:55:39,253,7,7,260
2022-10-31T10:04:57,253,7,7,260
2022-10-31T10:14:15,253,7,7,260
2022-10-31T10:23:32,253,7,7,260
2022-10-31T10:32:50,253,7,7,260
2022-10-31T10:42:07,253,7,7,260
2022-10-31T10:51:25,253,7,7,260
2022-10-31T11:01:06,253,7,7,260
2022-10-31T11:10:24,253,7,7,260
2022-10-31T11:19:42,253,7,7,260
2022-10-31T11:29:00,253,7,7,260
2022-10-31T11:38:18,253,7,7,260
2022-10-31T11:47:36,253,7,7,260
2022-10-31T11:56:53,253,7,7,260
2022-10-31T12:06:11,253,7,7,260
2022-10-31T12:15:28,253,7,7,260
2022-10-31T12:24:46,253,7,7,260
2022-10-31T12:34:03,253,7,7,260
2022-10-31T12:43:20,253,7,7,260
2022-10-31T12:52:37,253,7,7,260
2022-10-31T13:01:56,253,7,7,260
2022-10-31T13:11:15,253,7,7,260
2022-10-31T13:20:34,253,7,7,260
2022-10-31T13:29:52,253,7,7,260
2022-10-31T13:39:11,253,7,7,260
2022-10-31T13:48:28,253,7,7,260
2022-10-31T13:57:46,253,7,7,260
2022-10-31T14:07:04,253,7,7,260
2022-10-31T14:16:22,253,7,7,260
2022-10-31T14:25:40,253,7,7,260
2022-10-31T14:34:57,253,7,7,260
2022-10-31T14:44:15,253,7,7,260
2022-10-31T14:53:32,253,7,7,260
2022-10-31T15:02:50,253,7,7,260
2022-10-31T15:12:21,253,7,7,260
2022-10-31T15:21:38,253,7,7,260
2022-10-31T15:30:57,253,7,7,260
2022-10-31T15:40:14,253,7,7,260
2022-10-31T15:49:32,253,7,7,260
2022-10-31T15:58:51,253,7,7,260
2022-10-31T16:08:11,253,7,7,260
2022-10-31T16:17:30,253,7,7,260
2022-10-31T16:26:48,253,7,7,260
2022-10-31T16:36:06,253,7,7,260
2022-10-31T16:45:24,253,7,7,260
2022-10-31T16:54:52,253,7,7,260
2022-10-31T17:04:09,253,7,7,260
2022-10-31T17:13:26,253,7,7,260
2022-10-31T17:22:43,253,7,7,260
2022-10-31T17:32:00,253,7,7,260
2022-10-31T17:41:17,253,7,7,260
2022-10-31T17:50:34,253,7,7,260
2022-10-31T17:59:50,253,7,7,260
2022-10-31T18:09:08,253,7,7,260
2022-10-31T18:18:24,253,7,7,260
2022-10-31T18:27:41,253,7,7,260
2022-10-31T18:36:58,253,7,7,260
2022-10-31T18:46:14,253,7,7,260
2022-10-31T18:55:30,253,7,7,260
2022-10-31T19:04:47,253,7,7,260
2022-10-31T19:14:04,253,7,7,260
2022-10-31T19:23:23,253,7,7,260
2022-10-31T19:32:58,253,7,7,260
2022-10-31T19:42:15,253,7,7,260
2022-10-31T19:51:31,253,7,7,260
2022-10-31T20:00:47,253,7,7,260
2022-10-31T20:10:04,253,7,7,260
2022-10-31T20:19:20,253,7,7,260
2022-10-31T20:28:37,253,7,7,260
2022-10-31T20:37:53,253,7,7,260
2022-10-31T20:47:09,253,7,7,260
2022-10-31T20:56:25,253,7,7,260
2022-10-31T21:05:41,253,7,7,260
2022-10-31T21:14:58,253,7,7,260
2022-10-31T21:24:14,253,7,7,260
2022-10-31T21:33:30,253,7,7,260
2022-10-31T21:42:46,253,7,7,260
2022-10-31T21:52:02,253,7,7,260
2022-10-31T22:01:18,253,7,7,260
2022-10-31T22:10:34,253,7,7,260
2022-10-31T22:19:50,253,7,7,260
2022-10-31T22:29:06,253,7,7,260
2022-10-31T22:38:22,253,7,7,260
2022-10-31T22:47:38,253,7,7,260
2022-10-31T22:56:54,253,7,7,260
2022-10-31T23:06:21,253,7,7,260
2022-10-31T23:15:37,253,7,7,260
2022-10-31T23:24:53,253,7,7,260
2022-10-31T23:34:09,253,7,7,260
2022-10-31T23:43:26,253,7,7,260
2022-10-31T23:52:42,253,7,7,260
2022-11-01T00:01:58,253,7,7,260
2022-11-01T00:11:15,253,7,7,260
2022-11-01T00:20:34,253,7,7,260
2022-11-01T00:29:52,253,7,7,260
2022-11-01T00:39:11,253,7,7,260
2022-11-01T00:48:31,253,7,7,260
2022-11-01T00:57:51,253,7,7,260
2022-11-01T01:07:10,253,7,7,260
2022-11-01T01:16:28,253,7,7,260
2022-11-01T01:25:47,253,7,7,260
2022-11-01T01:35:07,253,7,7,260
2022-11-01T01:44:26,253,7,7,260
2022-11-01T01:54:04,253,7,7,260
2022-11-01T02:03:22,253,7,7,260
2022-11-01T02:12:39,253,7,7,260
2022-11-01T02:21:56,253,7,7,260
2022-11-01T02:31:12,253,7,7,260
2022-11-01T02:40:27,253,7,7,260
2022-11-01T03:05:46,253,7,7,260
2022-11-01T03:15:05,253,7,7,260
2022-11-01T03:24:23,253,7,7,260
2022-11-01T03:33:41,253,7,7,260
2022-11-01T03:43:01,253,7,7,260
2022-11-01T03:52:20,253,7,7,260
2022-11-01T04:01:39,253,7,7,260
2022-11-01T04:13:53,253,7,7,260
2022-11-01T04:23:17,253,7,7,260
2022-11-01T04:33:59,253,7,7,260
2022-11-01T04:43:36,253,7,7,260
2022-11-01T04:52:56,253,7,7,260
2022-11-01T05:02:17,253,7,7,260
2022-11-01T05:11:36,253,7,7,260
2022-11-01T05:20:55,253,7,7,260
2022-11-01T05:30:13,253,7,7,260
2022-11-01T05:39:32,253,7,7,260
2022-11-01T05:48:51,253,7,7,260
2022-11-01T05:58:11,253,7,7,260
2022-11-01T06:07:31,253,7,7,260
2022-11-01T06:16:51,253,7,7,260
2022-11-01T06:26:10,253,7,7,260
2022-11-01T06:35:27,253,7,7,260
2022-11-01T06:44:45,253,7,7,260
2022-11-01T06:54:02,253,7,7,260
2022-11-01T07:03:21,253,7,7,260
2022-11-01T07:12:40,253,7,7,260
2022-11-01T07:21:59,253,7,7,260
2022-11-01T07:31:18,253,7,7,260
2022-11-01T07:40:37,253,7,7,260
2022-11-01T07:49:56,253,7,7,260
2022-11-01T07:59:15,253,7,7,260
2022-11-01T08:08:34,253,7,7,260
2022-11-01T08:17:54,253,7,7,260
2022-11-01T08:27:13,253,7,7,260
2022-11-01T08:36:33,253,7,7,260
2022-11-01T08:45:59,253,7,7,260
2022-11-01T08:55:19,253,7,7,260
2022-11-01T09:04:39,253,7,7,260
2022-11-01T09:13:58,253,7,7,260
2022-11-01T09:23:16,253,7,7,260
2022-11-01T09:32:36,253,7,7,260
2022-11-01T09:41:55,253,7,7,260
2022-11-01T09:51:14,253,7,7,260
2022-11-01T10:00:34,253,7,7,260
2022-11-01T10:09:53,253,7,7,260
2022-11-01T10:19:13,253,7,7,260
2022-11-01T10:28:32,253,7,7,260
2022-11-01T10:37:52,253,7,7,260
2022-11-01T10:47:24,253,7,7,260
2022-11-01T10:56:43,253,7,7,260
2022-11-01T11:06:02,253,7,7,260
2022-11-01T11:15:22,253,7,7,260
2022-11-01T11:24:41,253,7,7,260
2022-11-01T11:34:00,253,7,7,260
2022-11-01T11:43:18,253,7,7,260
2022-11-01T11:52:37,253,7,7,260
2022-11-01T12:01:56,253,7,7,260
2022-11-01T12:11:25,253,7,7,260
2022-11-01T12:20:44,253,7,7,260
2022-11-01T12:30:02,253,7,7,260
2022-11-01T12:39:21,253,7,7,260
2022-11-01T12:48:41,253,7,7,260
2022-11-01T12:58:00,253,7,7,260
2022-11-01T13:07:19,253,7,7,260
2022-11-01T13:16:38,253,7,7,260
2022-11-01T13:25:58,253,7,7,260
2022-11-01T13:35:20,253,7,7,260
2022-11-01T13:44:40,253,7,7,260
2022-11-01T13:54:12,253,7,7,260
2022-11-01T14:03:32,253,7,7,260
2022-11-01T14:12:51,253,7,7,260
2022-11-01T14:22:11,253,7,7,260
2022-11-01T14:36:30,253,7,7,260
2022-11-01T14:45:51,253,7,7,260
2022-11-01T14:55:16,253,7,7,260
2022-11-01T15:04:36,253,7,7,260
2022-11-01T15:13:55,253,7,7,260
2022-11-01T15:23:14,253,7,7,260
2022-11-01T15:32:45,253,7,7,260
2022-11-01T15:42:04,253,7,7,260
2022-11-01T15:51:23,253,7,7,260
2022-11-01T16:00:42,253,7,7,260
2022-11-01T16:10:05,253,7,7,260
2022-11-01T16:19:32,253,7,7,260
2022-11-01T16:28:59,253,7,7,260
2022-11-01T16:38:26,253,7,7,260
2022-11-01T16:47:53,253,7,7,260
2022-11-01T16:57:20,253,7,7,260
2022-11-01T17:06:49,253,7,7,260
2022-11-01T17:16:17,253,7,7,260
2022-11-01T17:25:54,253,7,7,260
2022-11-01T17:35:19,253,7,7,260
2022-11-01T17:44:45,253,7,7,260
2022-11-01T17:54:12,253,7,7,260
2022-11-01T18:03:39,253,7,7,260
2022-11-01T18:13:06,253,7,7,260
2022-11-01T18:22:31,253,7,7,260
2022-11-01T18:31:57,253,7,7,260
2022-11-01T18:41:23,253,7,7,260
2022-11-01T18:50:50,253,7,7,260
2022-11-01T19:00:16,253,7,7,260
2022-11-01T19:09:43,253,7,7,260
2022-11-01T19:19:08,253,7,7,260
2022-11-01T19:28:34,253,7,7,260
2022-11-01T19:38:00,253,7,7,260
2022-11-01T19:47:25,253,7,7,260
2022-11-01T19:56:50,253,7,7,260
2022-11-01T20:06:16,253,7,7,260
2022-11-01T20:15:43,253,7,7,260
2022-11-01T20:25:08,253,7,7,260
2022-11-01T20:34:43,253,7,7,260
2022-11-01T20:44:06,253,7,7,260
2022-11-01T20:53:29,253,7,7,260
2022-11-01T21:02:53,253,7,7,260
2022-11-01T21:12:17,253,7,7,260
2022-11-01T21:21:42,253,7,7,260
2022-11-01T21:31:07,253,7,7,260
2022-11-01T21:40:33,253,7,7,260
2022-11-01T21:49:58,253,7,7,260
2022-11-01T21:59:23,253,7,7,260
2022-11-01T22:08:48,253,7,7,260
2022-11-01T22:18:13,253,7,7,260
2022-11-01T22:27:38,253,7,7,260
2022-11-01T22:37:03,253,7,7,260
2022-11-01T22:46:29,253,7,7,260
2022-11-01T22:55:53,253,7,7,260
2022-11-01T23:05:19,253,7,7,260
2022-11-01T23:14:45,253,7,7,260
2022-11-01T23:24:11,253,7,7,260
2022-11-01T23:33:36,253,7,7,260
2022-11-01T23:43:01,253,7,7,260
2022-11-01T23:52:24,253,7,7,260
2022-11-02T00:01:50,253,7,7,260
2022-11-02T00:11:28,253,7,7,260
2022-11-02T00:20:59,253,7,7,260
2022-11-02T00:30:25,253,7,7,260
2022-11-02T00:39:52,253,7,7,260
2022-11-02T00:49:18,253,7,7,260
2022-11-02T00:58:46,253,7,7,260
2022-11-02T01:08:14,253,7,7,260
2022-11-02T01:17:45,253,7,7,260
2022-11-02T01:27:15,253,7,7,260
2022-11-02T01:36:45,253,7,7,260
2022-11-02T01:46:14,253,7,7,260
2022-11-02T01:55:42,253,7,7,260
2022-11-02T02:05:10,253,7,7,260
2022-11-02T02:14:38,253,7,7,260
2022-11-02T02:24:06,253,7,7,260
2022-11-02T02:33:33,253,7,7,260
2022-11-02T02:43:01,253,7,7,260
2022-11-02T02:52:30,253,7,7,260
2022-11-02T03:01:56,253,7,7,260
2022-11-02T03:11:24,253,7,7,260
2022-11-02T03:20:51,253,7,7,260
2022-11-02T03:30:18,253,7,7,260
2022-11-02T03:39:46,253,7,7,260
2022-11-02T03:49:15,253,7,7,260
2022-11-02T03:58:45,253,7,7,260
2022-11-02T04:10:19,253,7,7,260
2022-11-02T04:20:46,253,7,7,260
2022-11-02T04:30:42,253,7,7,260
2022-11-02T04:40:12,253,7,7,260
2022-11-02T04:49:45,253,7,7,260
2022-11-02T04:59:13,253,7,7,260
2022-11-02T05:08:40,253,7,7,260
2022-11-02T05:18:06,253,7,7,260
2022-11-02T05:27:32,253,7,7,260
2022-11-02T05:36:59,253,7,7,260
2022-11-02T05:46:26,253,7,7,260
2022-11-02T05:55:54,253,7,7,260
2022-11-02T06:05:23,253,7,7,260
2022-11-02T06:14:50,253,7,7,260
2022-11-02T06:24:18,253,7,7,260
2022-11-02T06:33:46,253,7,7,260
2022-11-02T06:43:15,253,7,7,260
2022-11-02T06:52:41,253,7,7,260
2022-11-02T07:02:08,253,7,7,260
2022-11-02T07:11:38,253,7,7,260
2022-11-02T07:21:07,253,7,7,260
2022-11-02T07:30:41,253,7,7,260
2022-11-02T07:40:10,253,7,7,260
2022-11-02T07:49:41,253,7,7,260
2022-11-02T07:59:16,253,7,7,260
2022-11-02T08:08:47,253,7,7,260
2022-11-02T08:18:17,253,7,7,260
2022-11-02T08:27:47,253,7,7,260
2022-11-02T08:37:16,253,7,7,260
2022-11-02T08:46:46,253,7,7,260
2022-11-02T08:56:16,253,7,7,260
2022-11-02T09:05:47,253,7,7,260
2022-11-02T09:15:28,253,7,7,260
2022-11-02T09:24:59,253,7,7,260
2022-11-02T09:34:29,253,7,7,260
2022-11-02T09:44:00,253,7,7,260
2022-11-02T09:53:30,253,7,7,260
2022-11-02T10:03:13,253,7,7,260
2022-11-02T10:12:48,253,7,7,260
2022-11-02T10:22:21,253,7,7,260
2022-11-02T10:31:55,253,7,7,260
2022-11-02T10:41:40,253,7,7,260
2022-11-02T10:51:12,253,7,7,260
2022-11-02T11:00:44,253,7,7,260
2022-11-02T11:10:32,253,7,7,260
2022-11-02T11:20:06,253,7,7,260
2022-11-02T11:29:40,253,7,7,260
2022-11-02T11:39:26,253,7,7,260
2022-11-02T11:49:00,253,7,7,260
2022-11-02T11:58:34,253,7,7,260
2022-11-02T12:08:23,253,7,7,260
2022-11-02T12:17:56,253,7,7,260
2022-11-02T12:27:41,253,7,7,260
2022-11-02T12:37:14,253,7,7,260
2022-11-02T12:46:57,253,7,7,260
2022-11-02T12:56:28,253,7,7,260
2022-11-02T13:06:01,253,7,7,260
2022-11-02T13:15:45,253,7,7,260
2022-11-02T13:25:17,253,7,7,260
2022-11-02T13:34:49,253,7,7,260
2022-11-02T13:44:32,253,7,7,260
2022-11-02T13:54:04,253,7,7,260
2022-11-02T14:03:36,253,7,7,260
2022-11-02T14:13:19,253,7,7,260
2022-11-02T14:22:51,253,7,7,260
2022-11-02T14:32:24,253,7,7,260
2022-11-02T14:41:56,253,7,7,260
2022-11-02T14:51:39,253,7,7,260
2022-11-02T15:01:23,253,7,7,260
2022-11-02T15:11:07,253,7,7,260
2022-11-02T15:21:06,253,7,7,260
2022-11-02T15:30:52,253,7,7,260
2022-11-02T15:40:47,253,7,7,260
2022-11-02T15:50:28,253,7,7,260
2022-11-02T16:00:18,253,7,7,260
2022-11-02T16:09:56,253,7,7,260
2022-11-02T16:19:46,253,7,7,260
2022-11-02T16:29:23,253,7,7,260
2022-11-02T16:39:02,253,7,7,260
2022-11-02T16:48:53,253,7,7,260
2022-11-02T16:58:26,253,7,7,260
2022-11-02T17:08:01,253,7,7,260
2022-11-02T17:17:49,253,7,7,260
2022-11-02T17:27:22,253,7,7,260
2022-11-02T17:36:54,253,7,7,260
2022-11-02T17:46:39,253,7,7,260
2022-11-02T17:56:10,253,7,7,260
2022-11-02T18:05:41,253,7,7,260
2022-11-02T18:15:11,253,7,7,260
2022-11-02T18:24:54,253,7,7,260
2022-11-02T18:34:25,253,7,7,260
2022-11-02T18:43:55,253,7,7,260
2022-11-02T18:53:25,253,7,7,260
2022-11-02T19:03:06,253,7,7,260
2022-11-02T19:12:35,253,7,7,260
2022-11-02T19:22:05,253,7,7,260
2022-11-02T19:31:33,253,7,7,260
2022-11-02T19:41:01,253,7,7,260
2022-11-02T19:50:41,253,7,7,260
2022-11-02T20:00:07,253,7,7,260
2022-11-02T20:09:35,253,7,7,260
2022-11-02T20:19:01,253,7,7,260
2022-11-02T20:28:28,253,7,7,260
2022-11-02T20:38:07,253,7,7,260
2022-11-02T20:47:34,253,7,7,260
2022-11-02T20:57:00,253,7,7,260
2022-11-02T21:06:26,253,7,7,260
2022-11-02T21:16:03,253,7,7,260
2022-11-02T21:25:31,253,7,7,260
2022-11-02T21:34:57,253,7,7,260
2022-11-02T21:44:24,253,7,7,260
2022-11-02T21:53:50,253,7,7,260
2022-11-02T22:03:18,253,7,7,260
2022-11-02T22:12:56,253,7,7,260
2022-11-02T22:22:24,253,7,7,260
2022-11-02T22:31:50,253,7,7,260
2022-11-02T22:41:16,253,7,7,260
2022-11-02T22:50:41,253,7,7,260
2022-11-02T23:00:06,253,7,7,260
2022-11-02T23:09:44,253,7,7,260
2022-11-02T23:19:10,253,7,7,260
2022-11-02T23:28:36,253,7,7,260
2022-11-02T23:38:02,253,7,7,260
2022-11-02T23:47:27,253,7,7,260
2022-11-02T23:56:52,253,7,7,260
2022-11-03T00:06:19,253,7,7,260
2022-11-03T00:15:51,253,7,7,260
2022-11-03T00:25:31,253,7,7,260
2022-11-03T00:34:57,253,7,7,260
2022-11-03T00:44:25,253,7,7,260
2022-11-03T00:53:54,253,7,7,260
2022-11-03T01:03:22,253,7,7,260
2022-11-03T01:12:49,253,7,7,260
2022-11-03T01:22:17,253,7,7,260
2022-11-03T01:31:46,253,7,7,260
2022-11-03T01:41:13,253,7,7,260
2022-11-03T01:50:39,253,7,7,260
2022-11-03T02:00:06,253,7,7,260
2022-11-03T02:09:33,253,7,7,260
2022-11-03T02:18:59,253,7,7,260
2022-11-03T02:28:24,253,7,7,260
2022-11-03T02:37:49,253,7,7,260
2022-11-03T02:47:25,253,7,7,260
2022-11-03T02:56:51,253,7,7,260
2022-11-03T03:06:15,253,7,7,260
2022-11-03T03:15:39,253,7,7,260
2022-11-03T03:25:04,253,7,7,260
2022-11-03T03:34:29,253,7,7,260
2022-11-03T03:43:58,253,7,7,260
2022-11-03T03:53:27,253,7,7,260
2022-11-03T04:02:57,253,7,7,260
2022-11-03T04:12:30,253,7,7,260
2022-11-03T04:35:22,253,7,7,260
2022-11-03T04:45:32,253,7,7,260
2022-11-03T04:56:16,253,7,7,260
2022-11-03T05:05:52,253,7,7,260
2022-11-03T05:15:27,253,7,7,260
2022-11-03T05:25:03,253,7,7,260
2022-11-03T05:34:38,253,7,7,260
2022-11-03T05:44:14,253,7,7,260
2022-11-03T05:53:50,253,7,7,260
2022-11-03T06:03:26,253,7,7,260
2022-11-03T06:13:00,253,7,7,260
2022-11-03T06:22:33,253,7,7,260
2022-11-03T06:32:06,253,7,7,260
2022-11-03T06:41:35,253,7,7,260
2022-11-03T06:51:02,253,7,7,260
2022-11-03T07:00:26,253,7,7,260
2022-11-03T07:09:52,253,7,7,260
2022-11-03T07:19:18,253,7,7,260
2022-11-03T07:28:44,253,7,7,260
2022-11-03T07:38:09,253,7,7,260
2022-11-03T07:47:35,253,7,7,260
2022-11-03T07:57:01,253,7,7,260
2022-11-03T08:06:26,253,7,7,260
2022-11-03T08:16:01,253,7,7,260
2022-11-03T08:25:27,253,7,7,260
2022-11-03T08:34:54,253,7,7,260
2022-11-03T08:44:20,253,7,7,260
2022-11-03T08:53:47,253,7,7,260
2022-11-03T09:03:17,253,7,7,260
2022-11-03T09:12:49,253,7,7,260
2022-11-03T09:22:20,253,7,7,260
2022-11-03T09:31:59,253,7,7,260
2022-11-03T09:41:30,253,7,7,260
2022-11-03T09:51:00,253,7,7,260
2022-11-03T10:00:29,253,7,7,260
2022-11-03T10:10:10,253,7,7,260
2022-11-03T10:19:41,253,7,7,260
2022-11-03T10:29:23,253,7,7,260
2022-11-03T10:38:53,253,7,7,260
2022-11-03T10:48:23,253,7,7,260
2022-11-03T10:57:53,253,7,7,260
2022-11-03T11:07:38,253,7,7,260
2022-11-03T11:17:09,253,7,7,260
2022-11-03T11:26:40,253,7,7,260
2022-11-03T11:36:09,253,7,7,260
2022-11-03T11:45:40,253,7,7,260
2022-11-03T11:55:19,253,7,7,260
2022-11-03T12:04:49,253,7,7,260
2022-11-03T12:14:19,253,7,7,260
2022-11-03T12:23:47,253,7,7,260
2022-11-03T12:33:15,253,7,7,260
2022-11-03T12:42:57,253,7,7,260
2022-11-03T12:52:24,253,7,7,260
2022-11-03T13:01:54,253,7,7,260
2022-11-03T13:11:24,253,7,7,260
2022-11-03T13:20:54,253,7,7,260
2022-11-03T13:30:34,253,7,7,260
2022-11-03T13:40:04,253,7,7,260
2022-11-03T13:49:34,253,7,7,260
2022-11-03T13:59:05,253,7,7,260
2022-11-03T14:08:36,253,7,7,260
2022-11-03T14:18:06,253,7,7,260
2022-11-03T14:27:36,253,7,7,260
2022-11-03T14:37:07,253,7,7,260
2022-11-03T14:46:48,253,7,7,260
2022-11-03T14:56:20,253,7,7,260
2022-11-03T15:05:50,253,7,7,260
2022-11-03T15:15:21,253,7,7,260
2022-11-03T15:24:52,253,7,7,260
2022-11-03T15:34:24,253,7,7,260
2022-11-03T15:43:54,253,7,7,260
2022-11-03T15:53:36,253,7,7,260
2022-11-03T16:03:06,253,7,7,260
2022-11-03T16:12:35,253,7,7,260
2022-11-03T16:22:04,253,7,7,260
2022-11-03T16:31:33,253,7,7,260
2022-11-03T16:41:15,253,7,7,260
2022-11-03T16:50:45,253,7,7,260
2022-11-03T17:00:14,253,7,7,260
2022-11-03T17:09:44,253,7,7,260
2022-11-03T17:19:13,253,7,7,260
2022-11-03T17:28:42,252,8,7,260
2022-11-03T17:38:22,252,8,7,260
2022-11-03T17:47:50,252,8,7,260
2022-11-03T17:57:19,252,8,7,260
2022-11-03T18:06:49,252,8,7,260
2022-11-03T18:16:20,252,8,7,260
2022-11-03T18:25:50,252,8,7,260
2022-11-03T18:35:09,252,8,7,260
2022-11-03T18:44:41,252,8,7,260
2022-11-03T18:54:16,252,8,7,260
2022-11-03T19:03:55,252,8,7,260
2022-11-03T19:13:31,252,8,7,260
2022-11-03T19:23:08,252,8,7,260
2022-11-03T19:32:47,252,8,7,260
2022-11-03T19:42:28,252,8,7,260
2022-11-03T19:52:23,252,8,7,260
2022-11-03T20:03:35,252,8,7,260
2022-11-03T20:13:21,252,8,7,260
2022-11-03T20:23:03,252,8,7,260
2022-11-03T20:32:42,252,8,7,260
2022-11-03T20:42:22,252,8,7,260
2022-11-03T20:52:02,252,8,7,260
2022-11-03T21:01:38,252,8,7,260
2022-11-03T21:11:13,252,8,7,260
2022-11-03T21:20:55,252,8,7,260
2022-11-03T21:30:25,252,8,7,260
2022-11-03T21:39:54,252,8,7,260
2022-11-03T21:49:19,252,8,7,260
2022-11-03T21:58:44,252,8,7,260
2022-11-03T22:08:10,252,8,7,260
2022-11-03T22:17:36,252,8,7,260
2022-11-03T22:27:02,252,8,7,260
2022-11-03T22:36:28,252,8,7,260
2022-11-03T22:46:06,252,8,7,260
2022-11-03T22:55:32,252,8,7,260
2022-11-03T23:04:58,252,8,7,260
2022-11-03T23:14:23,252,8,7,260
2022-11-03T23:23:49,252,8,7,260
2022-11-03T23:33:15,252,8,7,260
2022-11-03T23:42:41,252,8,7,260
2022-11-03T23:52:07,252,8,7,260
2022-11-04T00:01:31,252,8,7,260
2022-11-04T00:10:59,252,8,7,260
2022-11-04T00:20:38,252,8,7,260
2022-11-04T00:30:05,252,8,7,260
2022-11-04T00:39:33,252,8,7,260
2022-11-04T00:49:02,252,8,7,260
2022-11-04T00:58:29,252,8,7,260
2022-11-04T01:07:57,252,8,7,260
2022-11-04T01:17:25,252,8,7,260
2022-11-04T01:26:54,252,8,7,260
2022-11-04T01:36:23,252,8,7,260
2022-11-04T01:45:52,252,8,7,260
2022-11-04T01:55:19,252,8,7,260
2022-11-04T02:04:46,252,8,7,260
2022-11-04T02:14:15,252,8,7,260
2022-11-04T02:23:42,252,8,7,260
2022-11-04T02:33:09,252,8,7,260
2022-11-04T02:42:35,252,8,7,260
2022-11-04T02:52:03,252,8,7,260
2022-11-04T03:01:28,252,8,7,260
2022-11-04T03:10:54,252,8,7,260
2022-11-04T03:20:20,252,8,7,260
2022-11-04T03:29:45,252,8,7,260
2022-11-04T03:39:14,252,8,7,260
2022-11-04T03:48:41,252,8,7,260
2022-11-04T03:58:08,252,8,7,260
2022-11-04T04:07:35,252,8,7,260
2022-11-04T04:19:57,252,8,7,260
2022-11-04T04:29:27,252,8,7,260
2022-11-04T04:40:09,252,8,7,260
2022-11-04T04:49:54,252,8,7,260
2022-11-04T04:59:20,252,8,7,260
2022-11-04T05:08:47,252,8,7,260
2022-11-04T05:18:13,252,8,7,260
2022-11-04T05:27:39,252,8,7,260
2022-11-04T05:37:05,252,8,7,260
2022-11-04T05:46:29,252,8,7,260
2022-11-04T05:55:54,252,8,7,260
2022-11-04T06:05:19,252,8,7,260
2022-11-04T06:14:45,252,8,7,260
2022-11-04T06:24:12,252,8,7,260
2022-11-04T06:33:36,252,8,7,260
2022-11-04T06:43:04,252,8,7,260
2022-11-04T06:52:30,252,8,7,260
2022-11-04T07:01:55,252,8,7,260
2022-11-04T07:11:22,252,8,7,260
2022-11-04T07:20:47,252,8,7,260
2022-11-04T07:30:14,252,8,7,260
2022-11-04T07:39:43,252,8,7,260
2022-11-04T07:49:10,252,8,7,260
2022-11-04T07:58:38,252,8,7,260
2022-11-04T08:08:05,252,8,7,260
2022-11-04T08:17:32,252,8,7,260
2022-11-04T08:26:59,252,8,7,260
2022-11-04T08:36:25,252,8,7,260
2022-11-04T08:45:51,252,8,7,260
2022-11-04T08:55:18,252,8,7,260
2022-11-04T09:04:45,252,8,7,260
2022-11-04T09:14:12,252,8,7,260
2022-11-04T09:23:39,252,8,7,260
2022-11-04T09:33:16,252,8,7,260
2022-11-04T09:42:44,252,8,7,260
2022-11-04T09:52:11,252,8,7,260
2022-11-04T10:01:38,252,8,7,260
2022-11-04T10:11:03,252,8,7,260
2022-11-04T10:20:29,252,8,7,260
2022-11-04T10:29:55,252,8,7,260
2022-11-04T10:39:22,252,8,7,260
2022-11-04T10:48:50,252,8,7,260
2022-11-04T10:58:27,252,8,7,260
2022-11-04T11:07:54,252,8,7,260
2022-11-04T11:17:21,252,8,7,260
2022-11-04T11:26:47,252,8,7,260
2022-11-04T11:36:14,252,8,7,260
2022-11-04T11:45:39,252,8,7,260
2022-11-04T11:55:04,252,8,7,260
2022-11-04T12:04:42,252,8,7,260
2022-11-04T12:14:08,252,8,7,260
2022-11-04T12:23:34,252,8,7,260
2022-11-04T12:32:59,252,8,7,260
2022-11-04T12:42:24,252,8,7,260
2022-11-04T12:51:48,252,8,7,260
2022-11-04T13:01:23,252,8,7,260
2022-11-04T13:10:49,252,8,7,260
2022-11-04T13:20:15,252,8,7,260
2022-11-04T13:29:41,252,8,7,260
2022-11-04T13:39:07,252,8,7,260
2022-11-04T13:48:32,252,8,7,260
2022-11-04T13:57:57,252,8,7,260
2022-11-04T14:07:34,252,8,7,260
2022-11-04T14:17:00,252,8,7,260
2022-11-04T14:26:26,252,8,7,260
2022-11-04T14:35:53,252,8,7,260
2022-11-04T14:45:18,252,8,7,260
2022-11-04T14:54:44,252,8,7,260
2022-11-04T15:04:10,252,8,7,260
2022-11-04T15:13:46,252,8,7,260
2022-11-04T15:23:12,252,8,7,260
2022-11-04T15:32:38,252,8,7,260
2022-11-04T15:42:04,252,8,7,260
2022-11-04T15:51:30,252,8,7,260
2022-11-04T16:00:55,252,8,7,260
2022-11-04T16:10:20,252,8,7,260
2022-11-04T16:19:57,252,8,7,260
2022-11-04T16:29:22,252,8,7,260
2022-11-04T16:38:48,252,8,7,260
2022-11-04T16:48:14,252,8,7,260
2022-11-04T16:57:39,252,8,7,260
2022-11-04T17:07:04,252,8,7,260
2022-11-04T17:16:29,252,8,7,260
2022-11-04T17:25:53,252,8,7,260
2022-11-04T17:35:18,252,8,7,260
2022-11-04T17:44:52,252,8,7,260
2022-11-04T17:54:17,252,8,7,260
2022-11-04T18:03:41,252,8,7,260
2022-11-04T18:13:04,252,8,7,260
2022-11-04T18:22:28,252,8,7,260
2022-11-04T18:31:52,252,8,7,260
2022-11-04T18:41:17,252,8,7,260
2022-11-04T18:50:41,252,8,7,260
2022-11-04T19:00:04,252,8,7,260
2022-11-04T19:09:28,252,8,7,260
2022-11-04T19:18:53,252,8,7,260
2022-11-04T19:28:18,252,8,7,260
2022-11-04T19:37:56,252,8,7,260
2022-11-04T19:47:20,252,8,7,260
2022-11-04T19:56:44,251,9,7,260
2022-11-04T20:06:08,251,9,7,260
2022-11-04T20:15:32,251,9,7,260
2022-11-04T20:24:56,251,9,7,260
2022-11-04T20:34:20,251,9,7,260
2022-11-04T20:43:43,251,9,7,260
2022-11-04T20:53:07,251,9,7,260
2022-11-04T21:02:31,251,9,7,260
2022-11-04T21:11:55,251,9,7,260
2022-11-04T21:21:19,251,9,7,260
2022-11-04T21:30:54,251,9,7,260
2022-11-04T21:40:18,251,9,7,260
2022-11-04T21:49:42,251,9,7,260
2022-11-04T21:59:05,251,9,7,260
2022-11-04T22:08:30,251,9,7,260
2022-11-04T22:17:54,251,9,7,260
2022-11-04T22:27:19,251,9,7,260
2022-11-04T22:36:43,251,9,7,260
2022-11-04T22:46:06,251,9,7,260
2022-11-04T22:55:30,251,9,7,260
2022-11-04T23:04:55,251,9,7,260
2022-11-04T23:14:20,251,9,7,260
2022-11-04T23:23:45,251,9,7,260
2022-11-04T23:33:12,251,9,7,260
2022-11-04T23:42:37,251,9,7,260
2022-11-04T23:52:02,251,9,7,260
2022-11-05T00:01:39,251,9,7,260
2022-11-05T00:11:06,251,9,7,260
2022-11-05T00:20:33,251,9,7,260
2022-11-05T00:29:59,251,9,7,260
2022-11-05T00:39:27,251,9,7,260
2022-11-05T00:48:53,251,9,7,260
2022-11-05T00:58:20,251,9,7,260
2022-11-05T01:07:47,251,9,7,260
2022-11-05T01:17:13,251,9,7,260
2022-11-05T01:26:39,251,9,7,260
2022-11-05T01:36:05,251,9,7,260
2022-11-05T01:45:33,251,9,7,260
2022-11-05T01:54:58,251,9,7,260
2022-11-05T02:04:23,251,9,7,260
2022-11-05T02:13:46,251,9,7,260
2022-11-05T02:23:09,251,9,7,260
2022-11-05T02:32:33,251,9,7,260
2022-11-05T02:41:56,251,9,7,260
2022-11-05T02:51:20,251,9,7,260
2022-11-05T03:00:43,251,9,7,260
2022-11-05T03:10:06,251,9,7,260
2022-11-05T03:19:29,251,9,7,260
2022-11-05T03:28:52,251,9,7,260
2022-11-05T03:38:17,251,9,7,260
2022-11-05T03:47:43,251,9,7,260
2022-11-05T03:57:09,251,9,7,260
2022-11-05T04:06:35,251,9,7,260
2022-11-05T04:19:18,251,9,7,260
2022-11-05T04:29:08,251,9,7,260
2022-11-05T04:38:38,251,9,7,260
2022-11-05T04:48:03,251,9,7,260
2022-11-05T04:57:27,251,9,7,260
2022-11-05T05:06:52,251,9,7,260
2022-11-05T05:18:32,251,9,7,260
2022-11-05T05:27:58,251,9,7,260
2022-11-05T05:37:25,251,9,7,260
2022-11-05T05:46:52,251,9,7,260
2022-11-05T05:56:20,251,9,7,260
2022-11-05T06:05:48,251,9,7,260
2022-11-05T06:15:17,251,9,7,260
2022-11-05T06:24:45,251,9,7,260
2022-11-05T06:34:12,251,9,7,260
2022-11-05T06:43:41,251,9,7,260
2022-11-05T06:53:09,251,9,7,260
2022-11-05T07:02:38,251,9,7,260
2022-11-05T07:12:08,251,9,7,260
2022-11-05T07:21:38,251,9,7,260
2022-11-05T07:31:08,251,9,7,260
2022-11-05T07:40:38,251,9,7,260
2022-11-05T07:50:07,251,9,7,260
2022-11-05T07:59:36,251,9,7,260
2022-11-05T08:09:05,251,9,7,260
2022-11-05T08:18:34,251,9,7,260
2022-11-05T08:28:02,251,9,7,260
2022-11-05T08:37:29,251,9,7,260
2022-11-05T08:46:56,251,9,7,260
2022-11-05T08:56:23,251,9,7,260
2022-11-05T09:05:50,251,9,7,260
2022-11-05T09:15:17,251,9,7,260
2022-11-05T09:24:44,251,9,7,260
2022-11-05T09:34:11,251,9,7,260
2022-11-05T09:43:46,251,9,7,260
2022-11-05T09:53:13,251,9,7,260
2022-11-05T10:02:40,251,9,7,260
2022-11-05T10:12:05,251,9,7,260
2022-11-05T10:21:31,251,9,7,260
2022-11-05T10:30:56,251,9,7,260
2022-11-05T10:40:20,251,9,7,260
2022-11-05T10:49:46,251,9,7,260
2022-11-05T10:59:11,251,9,7,260
2022-11-05T11:08:37,251,9,7,260
2022-11-05T11:18:02,251,9,7,260
2022-11-05T11:27:28,251,9,7,260
2022-11-05T11:36:55,251,9,7,260
2022-11-05T11:46:21,251,9,7,260
2022-11-05T11:56:00,251,9,7,260
2022-11-05T12:05:25,251,9,7,260
2022-11-05T12:14:50,251,9,7,260
2022-11-05T12:24:15,251,9,7,260
2022-11-05T12:33:41,251,9,7,260
2022-11-05T12:43:06,251,9,7,260
2022-11-05T12:52:31,251,9,7,260
2022-11-05T13:01:58,251,9,7,260
2022-11-05T13:11:24,251,9,7,260
2022-11-05T13:20:49,251,9,7,260
2022-11-05T13:30:14,251,9,7,260
2022-11-05T13:39:49,251,9,7,260
2022-11-05T13:49:14,251,9,7,260
2022-11-05T13:58:39,251,9,7,260
2022-11-05T14:08:04,251,9,7,260
2022-11-05T14:17:29,251,9,7,260
2022-11-05T14:26:55,251,9,7,260
2022-11-05T14:36:19,251,9,7,260
2022-11-05T14:45:45,251,9,7,260
2022-11-05T14:55:10,251,9,7,260
2022-11-05T15:04:35,251,9,7,260
2022-11-05T15:14:01,251,9,7,260
2022-11-05T15:23:26,251,9,7,260
2022-11-05T15:32:51,251,9,7,260
2022-11-05T15:42:18,251,9,7,260
2022-11-05T15:51:43,251,9,7,260
2022-11-05T16:01:19,251,9,7,260
2022-11-05T16:10:43,251,9,7,260
2022-11-05T16:20:08,251,9,7,260
2022-11-05T16:29:33,251,9,7,260
2022-11-05T16:38:58,251,9,7,260
2022-11-05T16:48:24,251,9,7,260
2022-11-05T16:57:49,251,9,7,260
2022-11-05T17:07:14,251,9,7,260
2022-11-05T17:16:39,251,9,7,260
2022-11-05T17:26:04,251,9,7,260
2022-11-05T17:35:28,251,9,7,260
2022-11-05T17:44:53,251,9,7,260
2022-11-05T17:54:27,251,9,7,260
2022-11-05T18:03:52,251,9,7,260
2022-11-05T18:13:17,251,9,7,260
2022-11-05T18:22:43,251,9,7,260
2022-11-05T18:32:08,251,9,7,260
2022-11-05T18:41:33,251,9,7,260
2022-11-05T18:50:58,251,9,7,260
2022-11-05T19:00:23,251,9,7,260
2022-11-05T19:09:50,251,9,7,260
2022-11-05T19:19:14,251,9,7,260
2022-11-05T19:28:38,251,9,7,260
2022-11-05T19:38:03,251,9,7,260
